experiment=ATTR-COVERAGE-REGIME-208
split=synthetic-development
manifest=research/holdouts/ATTR-COVERAGE-REGIME-208.csv
probe_begin,fixture=syn-colgen-208-balanced-seed-6100002,family=balanced,spots=24,daySteps=100,brandMode=mod6,players=2,fuel=300,budgetMs=3375
day=1,dailyDelta=6,servDelta=50,cum=6/6/50,cgDeadline=0,starved=[],stub=[],cols=[12 26 24 25 26 25 26 26],brands=[0 6 6 6 6 6 6 6],agentMs=[11 33 45 34 19 17 15 16],agentQ=[24 54 48 30 24 24 28 24],cacheHits=19,cacheMisses=265,combos=3701,masterDeadline=1,colGenMs=404,searchMs=2056,totalMs=2560
day=2,dailyDelta=6,servDelta=62,cum=6/12/112,cgDeadline=0,starved=[],stub=[],cols=[12 23 24 24 25 25 25 25],brands=[0 6 6 6 6 6 6 6],agentMs=[10 23 16 31 20 15 21 0],agentQ=[24 54 34 42 34 26 26 24],cacheHits=43,cacheMisses=249,combos=3890,masterDeadline=1,colGenMs=351,searchMs=2059,totalMs=2494
day=3,dailyDelta=6,servDelta=58,cum=6/18/170,cgDeadline=0,starved=[],stub=[],cols=[12 25 24 25 24 25 25 25],brands=[0 6 6 6 6 6 6 6],agentMs=[12 33 24 12 11 19 14 0],agentQ=[24 54 42 24 26 34 26 24],cacheHits=43,cacheMisses=239,combos=3792,masterDeadline=1,colGenMs=356,searchMs=2069,totalMs=2626
day=4,dailyDelta=6,servDelta=59,cum=6/24/229,cgDeadline=0,starved=[],stub=[],cols=[12 24 17 25 24 25 23 24],brands=[0 6 6 6 6 6 6 6],agentMs=[12 35 26 18 18 11 15 11],agentQ=[24 54 34 34 34 24 34 24],cacheHits=21,cacheMisses=285,combos=4088,masterDeadline=1,colGenMs=341,searchMs=2059,totalMs=2492
day=5,dailyDelta=6,servDelta=58,cum=6/30/287,cgDeadline=0,starved=[],stub=[],cols=[12 25 24 24 17 25 25 24],brands=[0 6 6 6 6 6 6 6],agentMs=[12 28 12 17 12 20 0 12],agentQ=[24 54 24 34 24 34 24 24],cacheHits=47,cacheMisses=239,combos=4063,masterDeadline=1,colGenMs=306,searchMs=2067,totalMs=2479
day=6,dailyDelta=6,servDelta=60,cum=6/36/347,cgDeadline=0,starved=[],stub=[],cols=[12 25 17 23 24 24 25 17],brands=[0 6 6 6 6 6 6 6],agentMs=[11 25 20 15 16 19 10 0],agentQ=[24 54 42 34 34 26 24 24],cacheHits=47,cacheMisses=259,combos=4187,masterDeadline=1,colGenMs=305,searchMs=2062,totalMs=2585
day=7,dailyDelta=6,servDelta=60,cum=6/42/407,cgDeadline=0,starved=[],stub=[],cols=[12 24 24 25 17 25 25 25],brands=[0 6 6 6 6 6 6 6],agentMs=[11 34 20 16 11 12 0 17],agentQ=[24 54 34 34 24 24 24 34],cacheHits=45,cacheMisses=251,combos=3758,masterDeadline=1,colGenMs=404,searchMs=2073,totalMs=2486
day=8,dailyDelta=6,servDelta=56,cum=6/48/463,cgDeadline=0,starved=[],stub=[],cols=[12 24 17 24 24 25 24 22],brands=[0 6 6 6 6 6 6 6],agentMs=[13 32 18 20 13 18 11 31],agentQ=[24 54 34 34 24 34 24 44],cacheHits=21,cacheMisses=295,combos=3791,masterDeadline=1,colGenMs=334,searchMs=2061,totalMs=2497
day=9,dailyDelta=6,servDelta=60,cum=6/54/523,cgDeadline=0,starved=[],stub=[],cols=[12 17 25 25 17 24 25 24],brands=[0 6 6 6 6 6 6 6],agentMs=[11 30 20 19 0 16 13 16],agentQ=[24 54 34 34 24 26 24 34],cacheHits=49,cacheMisses=251,combos=3835,masterDeadline=1,colGenMs=369,searchMs=2065,totalMs=2373
day=10,dailyDelta=6,servDelta=58,cum=6/60/581,cgDeadline=0,starved=[],stub=[],cols=[12 24 24 25 24 23 17 25],brands=[0 6 6 6 6 6 6 6],agentMs=[13 30 18 22 0 27 13 19],agentQ=[24 54 34 42 24 34 24 26],cacheHits=45,cacheMisses=261,combos=3789,masterDeadline=1,colGenMs=347,searchMs=2067,totalMs=2092
probe_result,fixture=syn-colgen-208-balanced-seed-6100002,spots=24,daySteps=100,brandMode=mod6,players=2,score=6/60/581,starvedDays=0,stubDays=0
probe_begin,fixture=syn-colgen-208-balanced-seed-6100002,family=balanced,spots=24,daySteps=100,brandMode=mod6,players=4,fuel=300,budgetMs=3375
day=1,dailyDelta=6,servDelta=50,cum=6/6/50,cgDeadline=0,starved=[],stub=[],cols=[12 26 24 25 26 25 26 26],brands=[0 6 6 6 6 6 6 6],agentMs=[9 26 48 33 21 29 17 17],agentQ=[24 54 48 30 24 24 28 24],cacheHits=19,cacheMisses=265,combos=3352,masterDeadline=1,colGenMs=417,searchMs=2055,totalMs=2604
day=2,dailyDelta=6,servDelta=62,cum=6/12/112,cgDeadline=0,starved=[],stub=[],cols=[12 23 25 24 25 25 25 25],brands=[0 6 6 6 6 6 6 6],agentMs=[9 24 16 28 17 13 17 0],agentQ=[24 54 34 42 34 26 26 24],cacheHits=43,cacheMisses=249,combos=3923,masterDeadline=1,colGenMs=328,searchMs=2062,totalMs=2445
day=3,dailyDelta=6,servDelta=59,cum=6/18/171,cgDeadline=0,starved=[],stub=[],cols=[12 25 24 25 25 25 25 25],brands=[0 6 6 6 6 6 6 6],agentMs=[12 31 25 14 13 20 14 0],agentQ=[24 54 42 24 26 34 26 24],cacheHits=43,cacheMisses=239,combos=3758,masterDeadline=1,colGenMs=341,searchMs=2061,totalMs=2564
day=4,dailyDelta=6,servDelta=59,cum=6/24/230,cgDeadline=0,starved=[],stub=[],cols=[12 25 25 25 24 24 23 24],brands=[0 6 6 6 6 6 6 6],agentMs=[12 29 19 20 13 11 30 11],agentQ=[24 54 34 34 24 24 42 24],cacheHits=21,cacheMisses=268,combos=3692,masterDeadline=1,colGenMs=371,searchMs=2063,totalMs=2469
day=5,dailyDelta=6,servDelta=59,cum=6/30/289,cgDeadline=0,starved=[],stub=[],cols=[12 25 25 25 25 24 16 24],brands=[0 6 6 6 6 6 6 6],agentMs=[11 31 19 19 13 13 12 0],agentQ=[24 54 34 34 26 26 24 24],cacheHits=45,cacheMisses=245,combos=3864,masterDeadline=1,colGenMs=345,searchMs=2063,totalMs=2545
day=6,dailyDelta=6,servDelta=58,cum=6/36/347,cgDeadline=0,starved=[],stub=[],cols=[12 25 22 24 25 25 24 25],brands=[0 6 6 6 6 6 6 6],agentMs=[12 29 40 30 12 15 16 14],agentQ=[24 54 48 38 24 26 34 24],cacheHits=6,cacheMisses=294,combos=3570,masterDeadline=1,colGenMs=433,searchMs=2055,totalMs=2479
day=7,dailyDelta=6,servDelta=61,cum=6/42/408,cgDeadline=0,starved=[],stub=[],cols=[12 25 24 16 24 25 24 25],brands=[0 6 6 6 6 6 6 6],agentMs=[12 30 19 11 11 11 18 17],agentQ=[24 54 42 26 26 24 34 34],cacheHits=21,cacheMisses=287,combos=3861,masterDeadline=1,colGenMs=340,searchMs=2061,totalMs=2488
day=8,dailyDelta=6,servDelta=58,cum=6/48/466,cgDeadline=0,starved=[],stub=[],cols=[12 24 25 24 24 24 23 25],brands=[0 6 6 6 6 6 6 6],agentMs=[11 36 23 15 21 11 20 14],agentQ=[24 54 42 34 36 24 24 26],cacheHits=19,cacheMisses=273,combos=3791,masterDeadline=1,colGenMs=333,searchMs=2055,totalMs=2484
day=9,dailyDelta=6,servDelta=59,cum=6/54/525,cgDeadline=0,starved=[],stub=[],cols=[12 16 25 24 25 24 24 24],brands=[0 6 6 6 6 6 6 6],agentMs=[11 29 15 13 11 11 13 10],agentQ=[24 54 34 34 24 24 26 24],cacheHits=23,cacheMisses=267,combos=3929,masterDeadline=1,colGenMs=324,searchMs=2068,totalMs=2359
day=10,dailyDelta=6,servDelta=61,cum=6/60/586,cgDeadline=0,starved=[],stub=[],cols=[12 24 25 25 25 17 23 24],brands=[0 6 6 6 6 6 6 6],agentMs=[11 30 18 0 24 14 27 14],agentQ=[24 54 34 24 42 26 34 26],cacheHits=45,cacheMisses=263,combos=3791,masterDeadline=1,colGenMs=368,searchMs=2058,totalMs=2084
probe_result,fixture=syn-colgen-208-balanced-seed-6100002,spots=24,daySteps=100,brandMode=mod6,players=4,score=6/60/586,starvedDays=0,stubDays=0
probe_begin,fixture=syn-colgen-208-balanced-seed-6100002,family=balanced,spots=24,daySteps=100,brandMode=distinct,players=2,fuel=300,budgetMs=3375
day=1,dailyDelta=23,servDelta=48,cum=23/23/48,cgDeadline=0,starved=[],stub=[],cols=[12 24 23 26 25 23 23 25],brands=[0 16 17 20 18 19 21 18],agentMs=[9 26 38 33 20 17 16 17],agentQ=[24 54 48 30 24 24 28 24],cacheHits=19,cacheMisses=265,combos=3825,masterDeadline=1,colGenMs=319,searchMs=2061,totalMs=2830
day=2,dailyDelta=23,servDelta=46,cum=24/46/94,cgDeadline=0,starved=[],stub=[],cols=[12 19 22 19 24 15 17 22],brands=[0 19 18 20 17 13 20 16],agentMs=[11 38 23 17 21 36 17 12],agentQ=[24 54 42 26 34 34 24 26],cacheHits=21,cacheMisses=288,combos=3989,masterDeadline=1,colGenMs=302,searchMs=2050,totalMs=2521
day=3,dailyDelta=23,servDelta=56,cum=24/69/150,cgDeadline=0,starved=[],stub=[],cols=[12 17 23 25 25 24 24 24],brands=[0 23 18 19 19 17 20 20],agentMs=[11 30 54 24 18 19 14 15],agentQ=[24 54 48 38 24 34 24 26],cacheHits=23,cacheMisses=295,combos=3692,masterDeadline=1,colGenMs=372,searchMs=2048,totalMs=2612
day=4,dailyDelta=24,servDelta=49,cum=24/93/199,cgDeadline=0,starved=[],stub=[],cols=[12 24 24 23 23 23 23 22],brands=[0 20 20 18 20 18 16 18],agentMs=[11 44 17 22 16 15 14 11],agentQ=[24 54 34 34 34 34 24 26],cacheHits=19,cacheMisses=273,combos=4026,masterDeadline=1,colGenMs=303,searchMs=2051,totalMs=2683
day=5,dailyDelta=22,servDelta=55,cum=24/115/254,cgDeadline=0,starved=[],stub=[],cols=[12 16 22 25 22 24 24 23],brands=[0 19 18 19 20 17 19 16],agentMs=[11 27 11 19 18 16 17 16],agentQ=[24 54 24 34 34 34 34 34],cacheHits=23,cacheMisses=295,combos=3976,masterDeadline=1,colGenMs=274,searchMs=2063,totalMs=2647
day=6,dailyDelta=23,servDelta=50,cum=24/138/304,cgDeadline=0,starved=[],stub=[],cols=[12 23 23 23 24 23 24 25],brands=[0 18 17 15 20 21 18 19],agentMs=[11 36 33 17 20 14 13 20],agentQ=[24 54 48 34 24 28 26 34],cacheHits=19,cacheMisses=281,combos=3890,masterDeadline=1,colGenMs=305,searchMs=2060,totalMs=2608
day=7,dailyDelta=23,servDelta=56,cum=24/161/360,cgDeadline=0,starved=[],stub=[],cols=[12 23 23 17 24 23 24 24],brands=[0 18 15 19 21 16 18 17],agentMs=[11 27 18 20 46 105 11 16],agentQ=[24 54 34 42 42 28 24 34],cacheHits=21,cacheMisses=306,combos=3758,masterDeadline=1,colGenMs=388,searchMs=2046,totalMs=2751
day=8,dailyDelta=23,servDelta=51,cum=24/184/411,cgDeadline=0,starved=[],stub=[],cols=[12 23 25 24 24 17 25 23],brands=[0 18 21 20 21 19 21 18],agentMs=[11 31 20 20 41 17 0 15],agentQ=[24 54 34 36 44 34 24 34],cacheHits=45,cacheMisses=284,combos=3951,masterDeadline=1,colGenMs=301,searchMs=2057,totalMs=2576
day=9,dailyDelta=23,servDelta=57,cum=24/207/468,cgDeadline=0,starved=[],stub=[],cols=[12 23 24 23 24 23 24 25],brands=[0 20 21 16 20 21 17 19],agentMs=[13 31 55 26 39 16 18 20],agentQ=[24 54 48 24 28 26 36 34],cacheHits=19,cacheMisses=283,combos=3593,masterDeadline=1,colGenMs=372,searchMs=2038,totalMs=2598
day=10,dailyDelta=21,servDelta=54,cum=24/228/522,cgDeadline=0,starved=[],stub=[],cols=[12 23 25 23 23 24 22 24],brands=[0 15 19 19 18 19 20 21],agentMs=[11 30 20 19 16 27 20 12],agentQ=[24 54 34 34 34 34 34 24],cacheHits=21,cacheMisses=279,combos=4022,masterDeadline=1,colGenMs=275,searchMs=2063,totalMs=2090
probe_result,fixture=syn-colgen-208-balanced-seed-6100002,spots=24,daySteps=100,brandMode=distinct,players=2,score=24/228/522,starvedDays=0,stubDays=0
probe_begin,fixture=syn-colgen-208-balanced-seed-6100002,family=balanced,spots=24,daySteps=100,brandMode=distinct,players=4,fuel=300,budgetMs=3375
day=1,dailyDelta=23,servDelta=48,cum=23/23/48,cgDeadline=0,starved=[],stub=[],cols=[12 24 23 26 25 23 23 25],brands=[0 16 17 20 18 19 21 18],agentMs=[9 25 37 32 19 17 16 17],agentQ=[24 54 48 30 24 24 28 24],cacheHits=19,cacheMisses=265,combos=3825,masterDeadline=1,colGenMs=314,searchMs=2055,totalMs=2830
day=2,dailyDelta=23,servDelta=46,cum=24/46/94,cgDeadline=0,starved=[],stub=[],cols=[12 19 22 19 24 17 17 22],brands=[0 19 18 20 17 19 20 16],agentMs=[9 37 22 16 19 36 14 12],agentQ=[24 54 42 26 34 34 24 26],cacheHits=21,cacheMisses=288,combos=3956,masterDeadline=1,colGenMs=287,searchMs=2048,totalMs=2569
day=3,dailyDelta=24,servDelta=47,cum=24/70/141,cgDeadline=0,starved=[],stub=[],cols=[12 25 23 22 24 25 24 18],brands=[0 19 19 18 20 19 20 19],agentMs=[11 29 48 15 13 18 12 21],agentQ=[24 54 48 30 24 34 24 34],cacheHits=23,cacheMisses=294,combos=3824,masterDeadline=1,colGenMs=337,searchMs=2050,totalMs=2646
day=4,dailyDelta=24,servDelta=57,cum=24/94/198,cgDeadline=0,starved=[],stub=[],cols=[12 24 23 21 23 24 23 25],brands=[0 21 18 16 16 17 17 19],agentMs=[11 31 44 21 39 17 34 19],agentQ=[24 54 34 42 36 34 34 36],cacheHits=19,cacheMisses=303,combos=3669,masterDeadline=1,colGenMs=373,searchMs=2051,totalMs=2676
day=5,dailyDelta=22,servDelta=55,cum=24/116/253,cgDeadline=0,starved=[],stub=[],cols=[12 23 25 22 16 23 24 24],brands=[0 18 19 18 19 18 17 21],agentMs=[11 35 25 12 13 15 10 15],agentQ=[24 54 42 26 26 34 24 34],cacheHits=21,cacheMisses=288,combos=4053,masterDeadline=1,colGenMs=285,searchMs=2067,totalMs=2649
day=6,dailyDelta=23,servDelta=57,cum=24/139/310,cgDeadline=0,starved=[],stub=[],cols=[12 25 24 22 22 25 23 23],brands=[0 19 17 19 20 19 17 18],agentMs=[13 34 16 14 25 14 36 37],agentQ=[24 54 34 34 42 24 44 24],cacheHits=19,cacheMisses=289,combos=3758,masterDeadline=1,colGenMs=343,searchMs=2048,totalMs=2526
day=7,dailyDelta=23,servDelta=52,cum=24/162/362,cgDeadline=0,starved=[],stub=[],cols=[12 23 24 25 23 24 24 23],brands=[0 18 21 19 15 17 18 16],agentMs=[11 33 23 21 12 14 12 23],agentQ=[24 54 42 42 26 34 24 28],cacheHits=19,cacheMisses=284,combos=3993,masterDeadline=1,colGenMs=291,searchMs=2060,totalMs=2439
day=8,dailyDelta=24,servDelta=56,cum=24/186/418,cgDeadline=0,starved=[],stub=[],cols=[12 20 23 24 25 23 21 24],brands=[0 23 21 17 19 15 16 20],agentMs=[12 27 44 17 18 13 17 13],agentQ=[24 54 48 38 34 26 34 24],cacheHits=5,cacheMisses=323,combos=3692,masterDeadline=1,colGenMs=389,searchMs=2055,totalMs=2572
day=9,dailyDelta=23,servDelta=57,cum=24/209/475,cgDeadline=0,starved=[],stub=[],cols=[12 24 23 23 23 24 25 23],brands=[0 20 18 21 15 19 19 16],agentMs=[12 55 28 13 15 17 14 21],agentQ=[24 54 42 26 34 34 26 26],cacheHits=19,cacheMisses=275,combos=3824,masterDeadline=1,colGenMs=319,searchMs=2047,totalMs=2467
day=10,dailyDelta=22,servDelta=56,cum=24/231/531,cgDeadline=0,starved=[],stub=[],cols=[12 15 23 23 25 24 24 24],brands=[0 18 18 15 19 20 17 20],agentMs=[13 28 15 15 16 18 16 15],agentQ=[24 54 34 24 34 34 34 26],cacheHits=25,cacheMisses=285,combos=3956,masterDeadline=1,colGenMs=307,searchMs=2066,totalMs=2094
probe_result,fixture=syn-colgen-208-balanced-seed-6100002,spots=24,daySteps=100,brandMode=distinct,players=4,score=24/231/531,starvedDays=0,stubDays=0
probe_begin,fixture=syn-colgen-208-balanced-seed-6100002,family=balanced,spots=24,daySteps=200,brandMode=mod6,players=2,fuel=600,budgetMs=3375
day=1,dailyDelta=6,servDelta=76,cum=6/6/76,cgDeadline=0,starved=[],stub=[],cols=[12 25 26 25 26 26 26 26],brands=[0 6 6 6 6 6 6 6],agentMs=[9 28 37 37 24 16 16 19],agentQ=[24 54 48 30 24 24 28 24],cacheHits=19,cacheMisses=265,combos=2507,masterDeadline=1,colGenMs=462,searchMs=2052,totalMs=2665
day=2,dailyDelta=6,servDelta=77,cum=6/12/153,cgDeadline=0,starved=[],stub=[],cols=[12 25 25 25 25 25 25 25],brands=[0 6 6 6 6 6 6 6],agentMs=[12 67 70 24 63 37 47 16],agentQ=[24 54 34 42 24 34 24 26],cacheHits=21,cacheMisses=269,combos=1955,masterDeadline=1,colGenMs=679,searchMs=2011,totalMs=2657
day=3,dailyDelta=6,servDelta=79,cum=6/18/232,cgDeadline=0,starved=[],stub=[],cols=[12 25 24 24 25 24 24 25],brands=[0 6 6 6 6 6 6 6],agentMs=[11 31 31 25 19 0 26 21],agentQ=[24 54 34 34 34 24 34 24],cacheHits=43,cacheMisses=247,combos=2736,masterDeadline=1,colGenMs=466,searchMs=2066,totalMs=2673
day=4,dailyDelta=6,servDelta=81,cum=6/24/313,cgDeadline=0,starved=[],stub=[],cols=[12 25 25 25 25 25 25 25],brands=[0 6 6 6 6 6 6 6],agentMs=[13 31 24 50 20 13 46 0],agentQ=[24 54 34 42 34 24 36 24],cacheHits=43,cacheMisses=257,combos=2635,masterDeadline=1,colGenMs=460,searchMs=2057,totalMs=2703
day=5,dailyDelta=6,servDelta=83,cum=6/30/396,cgDeadline=0,starved=[],stub=[],cols=[12 25 25 25 25 25 25 25],brands=[0 6 6 6 6 6 6 6],agentMs=[12 47 40 22 22 0 0 21],agentQ=[24 54 34 42 36 24 24 36],cacheHits=67,cacheMisses=235,combos=2372,masterDeadline=1,colGenMs=451,searchMs=2049,totalMs=2862
day=6,dailyDelta=6,servDelta=78,cum=6/36/474,cgDeadline=0,starved=[],stub=[],cols=[12 25 25 17 25 25 25 25],brands=[0 6 6 6 6 6 6 6],agentMs=[13 48 28 17 24 28 0 41],agentQ=[24 54 48 34 34 24 24 36],cacheHits=47,cacheMisses=275,combos=2702,masterDeadline=1,colGenMs=471,searchMs=2052,totalMs=2635
day=7,dailyDelta=6,servDelta=82,cum=6/42/556,cgDeadline=0,starved=[],stub=[],cols=[12 25 25 24 25 25 25 25],brands=[0 6 6 6 6 6 6 6],agentMs=[12 41 50 17 39 0 0 19],agentQ=[24 54 42 26 24 24 24 34],cacheHits=67,cacheMisses=213,combos=2438,masterDeadline=1,colGenMs=514,searchMs=2051,totalMs=2604
day=8,dailyDelta=6,servDelta=76,cum=6/48/632,cgDeadline=0,starved=[],stub=[],cols=[12 25 25 25 25 25 25 24],brands=[0 6 6 6 6 6 6 6],agentMs=[14 57 27 13 0 18 0 19],agentQ=[24 54 48 24 24 34 24 34],cacheHits=52,cacheMisses=242,combos=2834,masterDeadline=1,colGenMs=401,searchMs=2065,totalMs=2588
day=9,dailyDelta=6,servDelta=79,cum=6/54/711,cgDeadline=0,starved=[],stub=[],cols=[12 25 25 25 24 25 17 25],brands=[0 6 6 6 6 6 6 6],agentMs=[13 32 30 0 15 29 11 52],agentQ=[24 54 42 24 26 34 24 44],cacheHits=47,cacheMisses=269,combos=2738,masterDeadline=1,colGenMs=473,searchMs=2057,totalMs=2576
day=10,dailyDelta=6,servDelta=82,cum=6/60/793,cgDeadline=0,starved=[],stub=[],cols=[12 24 25 25 24 25 24 25],brands=[0 6 6 6 6 6 6 6],agentMs=[11 34 56 27 25 0 29 14],agentQ=[24 54 42 36 34 24 28 24],cacheHits=43,cacheMisses=251,combos=2469,masterDeadline=1,colGenMs=482,searchMs=2058,totalMs=2097
probe_result,fixture=syn-colgen-208-balanced-seed-6100002,spots=24,daySteps=200,brandMode=mod6,players=2,score=6/60/793,starvedDays=0,stubDays=0
probe_begin,fixture=syn-colgen-208-balanced-seed-6100002,family=balanced,spots=24,daySteps=200,brandMode=mod6,players=4,fuel=600,budgetMs=3375
day=1,dailyDelta=6,servDelta=76,cum=6/6/76,cgDeadline=0,starved=[],stub=[],cols=[12 25 26 25 26 26 26 26],brands=[0 6 6 6 6 6 6 6],agentMs=[9 29 40 38 25 18 18 21],agentQ=[24 54 48 30 24 24 28 24],cacheHits=19,cacheMisses=265,combos=2448,masterDeadline=1,colGenMs=473,searchMs=2051,totalMs=2703
day=2,dailyDelta=6,servDelta=77,cum=6/12/153,cgDeadline=0,starved=[],stub=[],cols=[12 25 25 25 25 24 25 25],brands=[0 6 6 6 6 6 6 6],agentMs=[11 95 58 24 52 39 73 13],agentQ=[24 54 34 42 24 36 24 24],cacheHits=21,cacheMisses=269,combos=1912,masterDeadline=1,colGenMs=705,searchMs=2010,totalMs=2566
day=3,dailyDelta=6,servDelta=81,cum=6/18/234,cgDeadline=0,starved=[],stub=[],cols=[12 25 24 24 25 25 25 16],brands=[0 6 6 6 6 6 6 6],agentMs=[13 31 29 16 19 19 15 23],agentQ=[24 54 34 26 34 24 26 34],cacheHits=21,cacheMisses=280,combos=2735,masterDeadline=1,colGenMs=470,searchMs=2060,totalMs=2752
day=4,dailyDelta=6,servDelta=82,cum=6/24/316,cgDeadline=0,starved=[],stub=[],cols=[12 25 25 25 25 25 25 25],brands=[0 6 6 6 6 6 6 6],agentMs=[19 37 25 29 22 59 15 0],agentQ=[24 54 42 34 34 42 28 24],cacheHits=43,cacheMisses=267,combos=2439,masterDeadline=1,colGenMs=510,searchMs=2055,totalMs=2663
day=5,dailyDelta=6,servDelta=78,cum=6/30/394,cgDeadline=0,starved=[],stub=[],cols=[12 25 24 25 25 25 25 25],brands=[0 6 6 6 6 6 6 6],agentMs=[12 30 24 52 39 20 14 13],agentQ=[24 54 42 48 28 36 26 24],cacheHits=21,cacheMisses=289,combos=2537,masterDeadline=1,colGenMs=504,searchMs=2052,totalMs=2659
day=6,dailyDelta=6,servDelta=79,cum=6/36/473,cgDeadline=0,starved=[],stub=[],cols=[12 25 24 25 16 24 25 25],brands=[0 6 6 6 6 6 6 6],agentMs=[11 30 36 0 14 20 18 59],agentQ=[24 54 42 24 26 34 24 44],cacheHits=45,cacheMisses=271,combos=2603,masterDeadline=1,colGenMs=477,searchMs=2056,totalMs=2605
day=7,dailyDelta=6,servDelta=82,cum=6/42/555,cgDeadline=0,starved=[],stub=[],cols=[12 17 24 24 24 25 25 25],brands=[0 6 6 6 6 6 6 6],agentMs=[12 30 19 13 27 39 0 15],agentQ=[24 54 34 24 34 42 24 28],cacheHits=47,cacheMisses=263,combos=2784,masterDeadline=1,colGenMs=433,searchMs=2059,totalMs=2600
day=8,dailyDelta=6,servDelta=79,cum=6/48/634,cgDeadline=0,starved=[],stub=[],cols=[12 24 25 25 25 25 17 25],brands=[0 6 6 6 6 6 6 6],agentMs=[11 40 51 0 15 37 23 13],agentQ=[24 54 48 24 24 24 38 24],cacheHits=30,cacheMisses=274,combos=2174,masterDeadline=1,colGenMs=648,searchMs=2053,totalMs=2576
day=9,dailyDelta=6,servDelta=79,cum=6/54/713,cgDeadline=0,starved=[],stub=[],cols=[12 25 17 17 25 17 25 24],brands=[0 6 6 6 6 6 6 6],agentMs=[12 32 19 0 55 0 46 23],agentQ=[24 54 34 24 36 24 24 34],cacheHits=69,cacheMisses=229,combos=2801,masterDeadline=1,colGenMs=470,searchMs=2052,totalMs=2549
day=10,dailyDelta=6,servDelta=80,cum=6/60/793,cgDeadline=0,starved=[],stub=[],cols=[12 25 24 24 25 25 25 25],brands=[0 6 6 6 6 6 6 6],agentMs=[13 69 29 0 20 14 0 20],agentQ=[24 54 48 24 34 24 24 26],cacheHits=69,cacheMisses=217,combos=2636,masterDeadline=1,colGenMs=475,searchMs=2057,totalMs=2092
probe_result,fixture=syn-colgen-208-balanced-seed-6100002,spots=24,daySteps=200,brandMode=mod6,players=4,score=6/60/793,starvedDays=0,stubDays=0
probe_begin,fixture=syn-colgen-208-balanced-seed-6100002,family=balanced,spots=24,daySteps=200,brandMode=distinct,players=2,fuel=600,budgetMs=3375
day=1,dailyDelta=24,servDelta=73,cum=24/24/73,cgDeadline=0,starved=[],stub=[],cols=[12 25 26 25 26 26 26 26],brands=[0 19 24 22 23 24 23 23],agentMs=[9 27 40 36 24 18 18 21],agentQ=[24 54 48 30 24 24 28 24],cacheHits=19,cacheMisses=265,combos=2651,masterDeadline=1,colGenMs=405,searchMs=2057,totalMs=2848
day=2,dailyDelta=24,servDelta=77,cum=24/48/150,cgDeadline=0,starved=[],stub=[],cols=[12 25 23 23 25 25 22 25],brands=[0 22 22 24 23 21 20 23],agentMs=[11 51 36 21 43 27 14 35],agentQ=[24 54 34 34 34 36 24 34],cacheHits=19,cacheMisses=283,combos=2570,masterDeadline=1,colGenMs=511,searchMs=2056,totalMs=2696
day=3,dailyDelta=24,servDelta=73,cum=24/72/223,cgDeadline=0,starved=[],stub=[],cols=[12 25 25 25 23 24 24 25],brands=[0 23 23 22 20 22 21 23],agentMs=[12 38 19 14 13 36 27 60],agentQ=[24 54 34 26 24 34 24 48],cacheHits=19,cacheMisses=277,combos=2669,masterDeadline=1,colGenMs=477,searchMs=2049,totalMs=2658
day=4,dailyDelta=24,servDelta=77,cum=24/96/300,cgDeadline=0,starved=[],stub=[],cols=[12 25 25 25 23 23 23 25],brands=[0 24 24 23 24 21 21 22],agentMs=[12 58 30 24 20 18 15 14],agentQ=[24 54 48 34 36 28 24 26],cacheHits=21,cacheMisses=281,combos=2867,masterDeadline=1,colGenMs=419,searchMs=2052,totalMs=2630
day=5,dailyDelta=24,servDelta=78,cum=24/120/378,cgDeadline=0,starved=[],stub=[],cols=[12 14 25 25 25 23 24 25],brands=[0 21 24 22 22 23 22 23],agentMs=[12 29 50 34 18 20 19 19],agentQ=[24 54 48 28 34 34 24 26],cacheHits=23,cacheMisses=296,combos=2756,masterDeadline=1,colGenMs=431,searchMs=2050,totalMs=2667
day=6,dailyDelta=24,servDelta=76,cum=24/144/454,cgDeadline=0,starved=[],stub=[],cols=[12 23 16 25 25 25 25 25],brands=[0 18 21 22 23 23 24 23],agentMs=[13 28 13 18 40 19 21 38],agentQ=[24 54 24 34 48 26 34 36],cacheHits=23,cacheMisses=302,combos=2902,masterDeadline=1,colGenMs=401,searchMs=2051,totalMs=2702
day=7,dailyDelta=24,servDelta=79,cum=24/168/533,cgDeadline=0,starved=[],stub=[],cols=[12 25 24 25 25 25 25 25],brands=[0 22 21 23 24 22 24 23],agentMs=[15 31 31 51 20 40 125 20],agentQ=[24 54 42 48 32 26 24 34],cacheHits=19,cacheMisses=293,combos=2141,masterDeadline=1,colGenMs=624,searchMs=2026,totalMs=2784
day=8,dailyDelta=24,servDelta=81,cum=24/192/614,cgDeadline=0,starved=[],stub=[],cols=[12 24 25 23 25 25 23 24],brands=[0 21 22 22 22 24 22 23],agentMs=[12 33 21 23 38 18 13 40],agentQ=[24 54 42 34 34 26 24 34],cacheHits=19,cacheMisses=281,combos=2735,masterDeadline=1,colGenMs=431,searchMs=2051,totalMs=2641
day=9,dailyDelta=24,servDelta=71,cum=24/216/685,cgDeadline=0,starved=[],stub=[],cols=[12 23 23 25 23 24 25 23],brands=[0 21 21 20 21 23 20 21],agentMs=[12 36 35 19 26 56 12 24],agentQ=[24 54 42 34 24 44 24 24],cacheHits=21,cacheMisses=277,combos=2853,masterDeadline=1,colGenMs=421,searchMs=2043,totalMs=2609
day=10,dailyDelta=24,servDelta=83,cum=24/240/768,cgDeadline=0,starved=[],stub=[],cols=[12 25 17 25 25 25 23 25],brands=[0 23 24 22 23 22 22 22],agentMs=[12 49 25 20 24 13 31 54],agentQ=[24 54 48 38 34 26 36 26],cacheHits=21,cacheMisses=309,combos=2622,masterDeadline=1,colGenMs=473,searchMs=2052,totalMs=2092
probe_result,fixture=syn-colgen-208-balanced-seed-6100002,spots=24,daySteps=200,brandMode=distinct,players=2,score=24/240/768,starvedDays=0,stubDays=0
probe_begin,fixture=syn-colgen-208-balanced-seed-6100002,family=balanced,spots=24,daySteps=200,brandMode=distinct,players=4,fuel=600,budgetMs=3375
day=1,dailyDelta=24,servDelta=73,cum=24/24/73,cgDeadline=0,starved=[],stub=[],cols=[12 25 26 25 26 26 26 26],brands=[0 19 24 22 23 24 23 23],agentMs=[9 28 40 37 24 18 17 18],agentQ=[24 54 48 30 24 24 28 24],cacheHits=19,cacheMisses=265,combos=2472,masterDeadline=1,colGenMs=398,searchMs=2060,totalMs=2834
day=2,dailyDelta=24,servDelta=78,cum=24/48/151,cgDeadline=0,starved=[],stub=[],cols=[12 25 24 23 24 25 23 25],brands=[0 23 22 23 22 21 20 23],agentMs=[10 72 34 13 46 23 13 27],agentQ=[24 54 42 26 34 36 24 34],cacheHits=19,cacheMisses=283,combos=2636,masterDeadline=1,colGenMs=485,searchMs=2045,totalMs=2696
day=3,dailyDelta=24,servDelta=78,cum=24/72/229,cgDeadline=0,starved=[],stub=[],cols=[12 24 25 25 23 23 25 24],brands=[0 22 22 20 22 23 24 23],agentMs=[12 42 25 15 21 18 16 50],agentQ=[24 54 42 28 34 24 26 42],cacheHits=6,cacheMisses=296,combos=2451,masterDeadline=1,colGenMs=573,searchMs=2053,totalMs=2659
day=4,dailyDelta=24,servDelta=76,cum=24/96/305,cgDeadline=0,starved=[],stub=[],cols=[12 25 25 24 25 25 25 25],brands=[0 23 23 22 20 20 22 23],agentMs=[11 46 53 32 25 20 54 26],agentQ=[24 54 34 42 48 28 24 28],cacheHits=19,cacheMisses=291,combos=2609,masterDeadline=1,colGenMs=489,searchMs=2043,totalMs=2633
day=5,dailyDelta=24,servDelta=68,cum=24/120/373,cgDeadline=0,starved=[],stub=[],cols=[12 25 23 25 23 25 23 25],brands=[0 20 22 22 21 23 22 22],agentMs=[12 28 31 15 21 23 0 0],agentQ=[24 54 42 28 34 34 24 24],cacheHits=67,cacheMisses=225,combos=3197,masterDeadline=1,colGenMs=308,searchMs=2061,totalMs=2636
day=6,dailyDelta=24,servDelta=78,cum=24/144/451,cgDeadline=0,starved=[],stub=[],cols=[12 24 25 24 24 25 17 24],brands=[0 21 23 22 23 24 24 23],agentMs=[13 35 28 41 53 27 12 30],agentQ=[24 54 42 36 34 24 24 36],cacheHits=23,cacheMisses=295,combos=2671,masterDeadline=1,colGenMs=476,searchMs=2044,totalMs=2604
day=7,dailyDelta=24,servDelta=75,cum=24/168/526,cgDeadline=0,starved=[],stub=[],cols=[12 25 25 25 24 25 23 25],brands=[0 23 24 20 23 24 19 20],agentMs=[12 30 49 18 23 18 11 17],agentQ=[24 54 48 34 34 34 24 26],cacheHits=19,cacheMisses=287,combos=2911,masterDeadline=1,colGenMs=390,searchMs=2053,totalMs=2737
day=8,dailyDelta=24,servDelta=80,cum=24/192/606,cgDeadline=0,starved=[],stub=[],cols=[12 25 25 25 25 25 24 25],brands=[0 23 20 20 23 23 22 23],agentMs=[11 51 24 19 27 34 26 19],agentQ=[24 54 52 30 34 24 36 34],cacheHits=19,cacheMisses=297,combos=2673,masterDeadline=1,colGenMs=428,searchMs=2052,totalMs=2585
day=9,dailyDelta=24,servDelta=79,cum=24/216/685,cgDeadline=0,starved=[],stub=[],cols=[12 25 25 25 25 23 25 24],brands=[0 24 22 23 20 21 23 23],agentMs=[12 33 18 22 17 23 48 49],agentQ=[24 54 34 34 34 36 48 24],cacheHits=19,cacheMisses=297,combos=2669,masterDeadline=1,colGenMs=444,searchMs=2055,totalMs=2575
day=10,dailyDelta=24,servDelta=76,cum=24/240/761,cgDeadline=0,starved=[],stub=[],cols=[12 25 25 24 23 17 24 24],brands=[0 23 22 23 21 24 23 23],agentMs=[12 65 53 53 14 14 23 18],agentQ=[24 54 42 34 24 24 36 24],cacheHits=13,cacheMisses=293,combos=2603,masterDeadline=1,colGenMs=498,searchMs=2039,totalMs=2094
probe_result,fixture=syn-colgen-208-balanced-seed-6100002,spots=24,daySteps=200,brandMode=distinct,players=4,score=24/240/761,starvedDays=0,stubDays=0
probe_begin,fixture=syn-colgen-208-balanced-seed-6100002,family=balanced,spots=30,daySteps=100,brandMode=mod6,players=2,fuel=300,budgetMs=3375
day=1,dailyDelta=6,servDelta=57,cum=6/6/57,cgDeadline=0,starved=[],stub=[],cols=[12 26 25 26 26 26 26 26],brands=[0 6 6 6 6 6 6 6],agentMs=[9 26 42 30 21 15 16 22],agentQ=[24 54 52 24 30 24 30 36],cacheHits=19,cacheMisses=283,combos=3198,masterDeadline=1,colGenMs=483,searchMs=2056,totalMs=2516
day=2,dailyDelta=6,servDelta=69,cum=6/12/126,cgDeadline=0,starved=[],stub=[],cols=[12 24 25 24 25 25 25 25],brands=[0 6 6 6 6 6 6 6],agentMs=[10 31 32 28 17 20 11 12],agentQ=[24 54 48 36 24 24 24 26],cacheHits=19,cacheMisses=269,combos=3267,masterDeadline=1,colGenMs=499,searchMs=2062,totalMs=2597
day=3,dailyDelta=6,servDelta=68,cum=6/18/194,cgDeadline=0,starved=[],stub=[],cols=[12 25 25 24 25 25 25 25],brands=[0 6 6 6 6 6 6 6],agentMs=[14 35 12 24 50 14 24 16],agentQ=[24 54 24 48 48 28 34 28],cacheHits=21,cacheMisses=295,combos=2966,masterDeadline=1,colGenMs=559,searchMs=2051,totalMs=2634
day=4,dailyDelta=6,servDelta=71,cum=6/24/265,cgDeadline=0,starved=[],stub=[],cols=[12 25 25 25 25 25 24 25],brands=[0 6 6 6 6 6 6 6],agentMs=[11 28 20 14 14 24 14 17],agentQ=[24 54 34 24 24 42 24 34],cacheHits=19,cacheMisses=269,combos=3362,masterDeadline=1,colGenMs=457,searchMs=2061,totalMs=2567
day=5,dailyDelta=6,servDelta=71,cum=6/30/336,cgDeadline=0,starved=[],stub=[],cols=[12 25 25 24 25 24 25 25],brands=[0 6 6 6 6 6 6 6],agentMs=[12 29 24 19 0 10 15 13],agentQ=[24 54 48 42 24 24 28 24],cacheHits=35,cacheMisses=261,combos=3482,masterDeadline=1,colGenMs=400,searchMs=2063,totalMs=2580
day=6,dailyDelta=6,servDelta=68,cum=6/36/404,cgDeadline=0,starved=[],stub=[],cols=[12 25 25 24 25 24 25 25],brands=[0 6 6 6 6 6 6 6],agentMs=[13 33 21 18 0 0 17 21],agentQ=[24 54 42 34 24 24 34 34],cacheHits=67,cacheMisses=231,combos=3500,masterDeadline=1,colGenMs=405,searchMs=2066,totalMs=2555
day=7,dailyDelta=6,servDelta=68,cum=6/42/472,cgDeadline=0,starved=[],stub=[],cols=[12 24 25 24 25 24 25 17],brands=[0 6 6 6 6 6 6 6],agentMs=[11 30 31 15 21 0 19 11],agentQ=[24 54 48 34 34 24 34 24],cacheHits=39,cacheMisses=281,combos=3606,masterDeadline=1,colGenMs=422,searchMs=2063,totalMs=2474
day=8,dailyDelta=6,servDelta=68,cum=6/48/540,cgDeadline=0,starved=[],stub=[],cols=[12 25 25 25 24 24 24 25],brands=[0 6 6 6 6 6 6 6],agentMs=[12 31 18 18 11 12 14 20],agentQ=[24 54 42 34 24 24 34 34],cacheHits=19,cacheMisses=279,combos=3556,masterDeadline=1,colGenMs=387,searchMs=2065,totalMs=2576
day=9,dailyDelta=6,servDelta=68,cum=6/54/608,cgDeadline=0,starved=[],stub=[],cols=[12 25 25 25 25 24 25 25],brands=[0 6 6 6 6 6 6 6],agentMs=[12 59 28 12 18 21 28 13],agentQ=[24 54 52 24 30 42 34 26],cacheHits=9,cacheMisses=305,combos=3181,masterDeadline=1,colGenMs=520,searchMs=2054,totalMs=2365
day=10,dailyDelta=6,servDelta=71,cum=6/60/679,cgDeadline=0,starved=[],stub=[],cols=[12 25 25 25 25 24 24 24],brands=[0 6 6 6 6 6 6 6],agentMs=[12 35 24 0 17 14 19 14],agentQ=[24 54 42 24 34 24 34 24],cacheHits=43,cacheMisses=245,combos=3496,masterDeadline=1,colGenMs=424,searchMs=2065,totalMs=2091
probe_result,fixture=syn-colgen-208-balanced-seed-6100002,spots=30,daySteps=100,brandMode=mod6,players=2,score=6/60/679,starvedDays=0,stubDays=0
probe_begin,fixture=syn-colgen-208-balanced-seed-6100002,family=balanced,spots=30,daySteps=100,brandMode=mod6,players=4,fuel=300,budgetMs=3375
day=1,dailyDelta=6,servDelta=57,cum=6/6/57,cgDeadline=0,starved=[],stub=[],cols=[12 26 25 26 26 26 26 26],brands=[0 6 6 6 6 6 6 6],agentMs=[9 27 43 30 23 18 16 21],agentQ=[24 54 52 24 30 24 30 36],cacheHits=19,cacheMisses=283,combos=3165,masterDeadline=1,colGenMs=496,searchMs=2058,totalMs=2507
day=2,dailyDelta=6,servDelta=69,cum=6/12/126,cgDeadline=0,starved=[],stub=[],cols=[12 24 25 24 25 25 25 25],brands=[0 6 6 6 6 6 6 6],agentMs=[9 26 30 24 17 17 10 11],agentQ=[24 54 48 36 24 24 24 26],cacheHits=19,cacheMisses=269,combos=3397,masterDeadline=1,colGenMs=450,searchMs=2070,totalMs=2538
day=3,dailyDelta=6,servDelta=69,cum=6/18/195,cgDeadline=0,starved=[],stub=[],cols=[12 25 25 24 24 25 25 25],brands=[0 6 6 6 6 6 6 6],agentMs=[11 34 13 24 11 14 26 25],agentQ=[24 54 24 48 24 28 34 42],cacheHits=21,cacheMisses=285,combos=3230,masterDeadline=1,colGenMs=491,searchMs=2063,totalMs=2548
day=4,dailyDelta=6,servDelta=69,cum=6/24/264,cgDeadline=0,starved=[],stub=[],cols=[12 25 24 25 25 25 24 25],brands=[0 6 6 6 6 6 6 6],agentMs=[12 31 29 17 0 14 0 14],agentQ=[24 54 48 28 24 24 24 24],cacheHits=67,cacheMisses=211,combos=3329,masterDeadline=1,colGenMs=463,searchMs=2071,totalMs=2471
day=5,dailyDelta=6,servDelta=69,cum=6/30/333,cgDeadline=0,starved=[],stub=[],cols=[12 25 25 24 24 25 25 25],brands=[0 6 6 6 6 6 6 6],agentMs=[11 31 23 24 0 14 14 11],agentQ=[24 54 42 48 24 28 24 24],cacheHits=43,cacheMisses=253,combos=3494,masterDeadline=1,colGenMs=401,searchMs=2066,totalMs=2528
day=6,dailyDelta=6,servDelta=71,cum=6/36/404,cgDeadline=0,starved=[],stub=[],cols=[12 25 25 24 24 25 24 25],brands=[0 6 6 6 6 6 6 6],agentMs=[12 41 23 15 0 14 20 17],agentQ=[24 54 42 26 24 24 42 24],cacheHits=43,cacheMisses=245,combos=3296,masterDeadline=1,colGenMs=491,searchMs=2067,totalMs=2475
day=7,dailyDelta=6,servDelta=70,cum=6/42/474,cgDeadline=0,starved=[],stub=[],cols=[12 24 25 24 24 24 25 25],brands=[0 6 6 6 6 6 6 6],agentMs=[11 30 12 24 0 13 17 11],agentQ=[24 54 24 52 24 30 36 26],cacheHits=43,cacheMisses=255,combos=3463,masterDeadline=1,colGenMs=423,searchMs=2069,totalMs=2594
day=8,dailyDelta=6,servDelta=69,cum=6/48/543,cgDeadline=0,starved=[],stub=[],cols=[12 25 24 25 25 25 24 25],brands=[0 6 6 6 6 6 6 6],agentMs=[12 31 23 12 0 13 10 24],agentQ=[24 54 48 24 24 24 24 42],cacheHits=45,cacheMisses=247,combos=3560,masterDeadline=1,colGenMs=383,searchMs=2067,totalMs=2520
day=9,dailyDelta=6,servDelta=69,cum=6/54/612,cgDeadline=0,starved=[],stub=[],cols=[12 25 24 25 24 25 25 24],brands=[0 6 6 6 6 6 6 6],agentMs=[12 28 19 20 17 0 21 15],agentQ=[24 54 34 34 34 24 34 34],cacheHits=43,cacheMisses=257,combos=3461,masterDeadline=1,colGenMs=437,searchMs=2067,totalMs=2446
day=10,dailyDelta=6,servDelta=69,cum=6/60/681,cgDeadline=0,starved=[],stub=[],cols=[12 25 24 17 25 25 24 24],brands=[0 6 6 6 6 6 6 6],agentMs=[11 32 27 15 20 0 13 12],agentQ=[24 54 52 30 36 24 24 24],cacheHits=45,cacheMisses=267,combos=3537,masterDeadline=1,colGenMs=416,searchMs=2065,totalMs=2090
probe_result,fixture=syn-colgen-208-balanced-seed-6100002,spots=30,daySteps=100,brandMode=mod6,players=4,score=6/60/681,starvedDays=0,stubDays=0
probe_begin,fixture=syn-colgen-208-balanced-seed-6100002,family=balanced,spots=30,daySteps=100,brandMode=distinct,players=2,fuel=300,budgetMs=3375
day=1,dailyDelta=28,servDelta=59,cum=28/28/59,cgDeadline=0,starved=[],stub=[],cols=[12 25 26 26 23 24 26 25],brands=[0 28 23 26 26 23 25 21],agentMs=[9 26 42 30 22 19 17 23],agentQ=[24 54 52 24 30 24 30 36],cacheHits=19,cacheMisses=283,combos=3495,masterDeadline=1,colGenMs=374,searchMs=2055,totalMs=2869
day=2,dailyDelta=25,servDelta=45,cum=30/53/104,cgDeadline=0,starved=[],stub=[],cols=[12 21 22 22 20 22 21 22],brands=[0 24 21 23 21 23 17 16],agentMs=[10 48 29 25 17 0 18 14],agentQ=[24 54 48 34 28 24 44 26],cacheHits=43,cacheMisses=267,combos=3759,masterDeadline=1,colGenMs=292,searchMs=2065,totalMs=2850
day=3,dailyDelta=30,servDelta=64,cum=30/83/168,cgDeadline=0,starved=[],stub=[],cols=[12 24 24 24 17 23 23 25],brands=[0 29 26 20 21 20 24 28],agentMs=[9 29 22 57 13 29 22 18],agentQ=[24 54 34 42 24 34 36 30],cacheHits=21,cacheMisses=302,combos=3395,masterDeadline=1,colGenMs=429,searchMs=2052,totalMs=2683
day=4,dailyDelta=29,servDelta=65,cum=30/112/233,cgDeadline=0,starved=[],stub=[],cols=[12 23 24 25 24 24 25 25],brands=[0 25 21 25 23 27 21 27],agentMs=[12 33 26 28 13 13 17 16],agentQ=[24 54 52 46 26 28 30 34],cacheHits=19,cacheMisses=305,combos=3626,masterDeadline=1,colGenMs=362,searchMs=2059,totalMs=2671
day=5,dailyDelta=29,servDelta=65,cum=30/141/298,cgDeadline=0,starved=[],stub=[],cols=[12 18 23 24 24 25 24 25],brands=[0 26 25 25 21 26 27 25],agentMs=[12 27 30 20 15 18 12 22],agentQ=[24 54 48 34 34 36 26 42],cacheHits=25,cacheMisses=319,combos=3725,masterDeadline=1,colGenMs=346,searchMs=2056,totalMs=2690
day=6,dailyDelta=29,servDelta=65,cum=30/170/363,cgDeadline=0,starved=[],stub=[],cols=[12 22 22 24 23 24 23 25],brands=[0 25 23 20 22 26 22 21],agentMs=[12 33 26 38 18 24 15 30],agentQ=[24 54 48 50 26 24 28 30],cacheHits=19,cacheMisses=293,combos=3527,masterDeadline=1,colGenMs=403,searchMs=2057,totalMs=2635
day=7,dailyDelta=29,servDelta=66,cum=30/199/429,cgDeadline=0,starved=[],stub=[],cols=[12 24 24 25 24 23 22 25],brands=[0 26 27 25 24 23 22 26],agentMs=[12 48 23 15 20 14 24 12],agentQ=[24 54 52 30 42 28 34 24],cacheHits=19,cacheMisses=297,combos=3560,masterDeadline=1,colGenMs=380,searchMs=2058,totalMs=2609
day=8,dailyDelta=29,servDelta=67,cum=30/228/496,cgDeadline=0,starved=[],stub=[],cols=[12 22 23 25 23 24 23 24],brands=[0 24 27 21 24 24 24 21],agentMs=[13 37 55 36 24 19 17 17],agentQ=[24 54 48 34 34 38 28 34],cacheHits=19,cacheMisses=303,combos=3441,masterDeadline=1,colGenMs=418,searchMs=2050,totalMs=2579
day=9,dailyDelta=28,servDelta=67,cum=30/256/563,cgDeadline=0,starved=[],stub=[],cols=[12 17 23 24 23 25 24 23],brands=[0 26 25 24 23 27 20 23],agentMs=[12 31 37 14 25 20 27 18],agentQ=[24 54 48 28 42 34 34 26],cacheHits=23,cacheMisses=313,combos=3586,masterDeadline=1,colGenMs=397,searchMs=2058,totalMs=2537
day=10,dailyDelta=28,servDelta=69,cum=30/284/632,cgDeadline=0,starved=[],stub=[],cols=[12 24 22 24 25 24 22 24],brands=[0 27 24 20 21 26 23 21],agentMs=[12 33 25 51 41 40 18 16],agentQ=[24 54 42 52 30 24 30 34],cacheHits=19,cacheMisses=299,combos=3296,masterDeadline=1,colGenMs=450,searchMs=2043,totalMs=2085
probe_result,fixture=syn-colgen-208-balanced-seed-6100002,spots=30,daySteps=100,brandMode=distinct,players=2,score=30/284/632,starvedDays=0,stubDays=0
probe_begin,fixture=syn-colgen-208-balanced-seed-6100002,family=balanced,spots=30,daySteps=100,brandMode=distinct,players=4,fuel=300,budgetMs=3375
day=1,dailyDelta=28,servDelta=59,cum=28/28/59,cgDeadline=0,starved=[],stub=[],cols=[12 25 26 26 23 24 26 25],brands=[0 28 23 26 26 23 25 21],agentMs=[9 26 42 30 23 18 18 23],agentQ=[24 54 52 24 30 24 30 36],cacheHits=19,cacheMisses=283,combos=3581,masterDeadline=1,colGenMs=364,searchMs=2057,totalMs=2848
day=2,dailyDelta=25,servDelta=45,cum=30/53/104,cgDeadline=0,starved=[],stub=[],cols=[12 21 22 22 20 22 21 22],brands=[0 24 21 23 21 23 17 16],agentMs=[10 43 26 21 16 0 17 12],agentQ=[24 54 48 34 28 24 44 26],cacheHits=43,cacheMisses=267,combos=3902,masterDeadline=1,colGenMs=260,searchMs=2060,totalMs=2783
day=3,dailyDelta=29,servDelta=65,cum=30/82/169,cgDeadline=0,starved=[],stub=[],cols=[12 23 24 23 18 24 23 25],brands=[0 25 24 26 23 20 22 27],agentMs=[10 30 21 21 9 43 21 18],agentQ=[24 54 34 34 24 42 36 30],cacheHits=21,cacheMisses=302,combos=3476,masterDeadline=1,colGenMs=389,searchMs=2053,totalMs=2686
day=4,dailyDelta=29,servDelta=63,cum=30/111/232,cgDeadline=0,starved=[],stub=[],cols=[12 23 24 25 24 25 22 25],brands=[0 23 21 27 21 25 22 27],agentMs=[13 34 24 22 42 13 31 10],agentQ=[24 54 52 44 38 24 36 24],cacheHits=19,cacheMisses=305,combos=3461,masterDeadline=1,colGenMs=386,searchMs=2053,totalMs=2653
day=5,dailyDelta=29,servDelta=66,cum=30/140/298,cgDeadline=0,starved=[],stub=[],cols=[12 25 22 24 24 25 23 25],brands=[0 21 23 27 27 27 24 25],agentMs=[12 63 28 24 15 11 15 13],agentQ=[24 54 48 34 30 24 34 28],cacheHits=19,cacheMisses=285,combos=3659,masterDeadline=1,colGenMs=379,searchMs=2055,totalMs=2689
day=6,dailyDelta=29,servDelta=63,cum=30/169/361,cgDeadline=0,starved=[],stub=[],cols=[12 25 24 25 24 24 21 24],brands=[0 22 24 26 20 20 24 24],agentMs=[12 33 17 17 39 22 35 16],agentQ=[24 54 34 34 52 24 40 24],cacheHits=19,cacheMisses=295,combos=3531,masterDeadline=1,colGenMs=390,searchMs=2055,totalMs=2641
day=7,dailyDelta=29,servDelta=63,cum=30/198/424,cgDeadline=0,starved=[],stub=[],cols=[12 21 21 24 23 24 23 24],brands=[0 20 25 26 25 24 23 21],agentMs=[11 28 33 42 16 17 15 11],agentQ=[24 54 42 50 30 34 28 24],cacheHits=19,cacheMisses=297,combos=3626,masterDeadline=1,colGenMs=365,searchMs=2056,totalMs=2614
day=8,dailyDelta=29,servDelta=65,cum=30/227/489,cgDeadline=0,starved=[],stub=[],cols=[12 23 23 24 25 21 24 24],brands=[0 22 24 21 21 24 20 21],agentMs=[12 31 24 19 21 22 26 15],agentQ=[24 54 48 36 30 34 34 34],cacheHits=19,cacheMisses=303,combos=3626,masterDeadline=1,colGenMs=362,searchMs=2053,totalMs=2575
day=9,dailyDelta=29,servDelta=63,cum=30/256/552,cgDeadline=0,starved=[],stub=[],cols=[12 23 24 24 25 24 23 23],brands=[0 25 26 21 24 26 22 22],agentMs=[12 36 21 23 13 52 15 13],agentQ=[24 54 42 48 26 48 28 24],cacheHits=19,cacheMisses=303,combos=3528,masterDeadline=1,colGenMs=390,searchMs=2054,totalMs=2574
day=10,dailyDelta=29,servDelta=69,cum=30/285/621,cgDeadline=0,starved=[],stub=[],cols=[12 22 23 23 23 25 22 24],brands=[0 24 23 23 26 21 25 26],agentMs=[12 30 28 21 12 40 26 44],agentQ=[24 54 48 36 24 30 34 34],cacheHits=19,cacheMisses=293,combos=3395,masterDeadline=1,colGenMs=430,searchMs=2045,totalMs=2087
probe_result,fixture=syn-colgen-208-balanced-seed-6100002,spots=30,daySteps=100,brandMode=distinct,players=4,score=30/285/621,starvedDays=0,stubDays=0
probe_begin,fixture=syn-colgen-208-balanced-seed-6100002,family=balanced,spots=30,daySteps=200,brandMode=mod6,players=2,fuel=600,budgetMs=3375
day=1,dailyDelta=6,servDelta=82,cum=6/6/82,cgDeadline=0,starved=[],stub=[],cols=[12 26 26 26 26 26 26 25],brands=[0 6 6 6 6 6 6 6],agentMs=[9 28 41 30 26 18 19 27],agentQ=[24 54 52 24 30 24 30 36],cacheHits=19,cacheMisses=283,combos=2406,masterDeadline=1,colGenMs=549,searchMs=2058,totalMs=2683
day=2,dailyDelta=6,servDelta=90,cum=6/12/172,cgDeadline=0,starved=[],stub=[],cols=[12 25 25 25 24 25 25 25],brands=[0 6 6 6 6 6 6 6],agentMs=[11 102 45 0 18 54 19 34],agentQ=[24 54 52 24 34 30 34 36],cacheHits=43,cacheMisses=273,combos=1943,masterDeadline=1,colGenMs=702,searchMs=2028,totalMs=2676
day=3,dailyDelta=6,servDelta=78,cum=6/18/250,cgDeadline=0,starved=[],stub=[],cols=[12 24 25 25 25 24 25 25],brands=[0 6 6 6 6 6 6 6],agentMs=[12 32 25 0 17 13 46 37],agentQ=[24 54 48 24 34 24 34 24],cacheHits=28,cacheMisses=266,combos=2285,masterDeadline=1,colGenMs=634,searchMs=2063,totalMs=2692
day=4,dailyDelta=6,servDelta=82,cum=6/24/332,cgDeadline=0,starved=[],stub=[],cols=[12 17 25 25 25 25 24 24],brands=[0 6 6 6 6 6 6 6],agentMs=[13 30 23 25 15 13 23 0],agentQ=[24 54 42 34 24 24 42 24],cacheHits=47,cacheMisses=268,combos=2768,masterDeadline=1,colGenMs=485,searchMs=2065,totalMs=2542
day=5,dailyDelta=6,servDelta=87,cum=6/30/419,cgDeadline=0,starved=[],stub=[],cols=[12 25 25 25 25 25 25 25],brands=[0 6 6 6 6 6 6 6],agentMs=[12 30 19 21 0 12 17 18],agentQ=[24 54 34 34 24 24 34 24],cacheHits=28,cacheMisses=252,combos=2731,masterDeadline=1,colGenMs=487,searchMs=2071,totalMs=2639
day=6,dailyDelta=6,servDelta=81,cum=6/36/500,cgDeadline=0,starved=[],stub=[],cols=[12 25 25 25 24 24 25 24],brands=[0 6 6 6 6 6 6 6],agentMs=[12 29 12 12 49 0 16 28],agentQ=[24 54 24 24 52 24 30 24],cacheHits=43,cacheMisses=241,combos=2649,masterDeadline=1,colGenMs=467,searchMs=2061,totalMs=2623
day=7,dailyDelta=6,servDelta=85,cum=6/42/585,cgDeadline=0,starved=[],stub=[],cols=[12 25 25 25 25 25 25 17],brands=[0 6 6 6 6 6 6 6],agentMs=[12 29 54 0 42 14 12 13],agentQ=[24 54 52 24 32 26 24 24],cacheHits=45,cacheMisses=260,combos=2405,masterDeadline=1,colGenMs=626,searchMs=2063,totalMs=2613
day=8,dailyDelta=6,servDelta=88,cum=6/48/673,cgDeadline=0,starved=[],stub=[],cols=[12 25 25 25 25 25 17 25],brands=[0 6 6 6 6 6 6 6],agentMs=[12 57 34 27 28 36 28 20],agentQ=[24 54 34 24 42 24 48 24],cacheHits=21,cacheMisses=297,combos=2425,masterDeadline=1,colGenMs=569,searchMs=2041,totalMs=2590
day=9,dailyDelta=6,servDelta=83,cum=6/54/756,cgDeadline=0,starved=[],stub=[],cols=[12 23 23 25 24 25 25 25],brands=[0 6 6 6 6 6 6 6],agentMs=[13 26 12 27 13 16 29 45],agentQ=[24 54 24 42 24 24 48 38],cacheHits=19,cacheMisses=287,combos=2572,masterDeadline=1,colGenMs=508,searchMs=2067,totalMs=2577
day=10,dailyDelta=6,servDelta=81,cum=6/60/837,cgDeadline=0,starved=[],stub=[],cols=[12 24 25 24 25 25 25 25],brands=[0 6 6 6 6 6 6 6],agentMs=[13 34 0 47 33 19 13 23],agentQ=[24 54 24 34 48 34 24 42],cacheHits=43,cacheMisses=269,combos=2487,masterDeadline=1,colGenMs=557,searchMs=2062,totalMs=2095
probe_result,fixture=syn-colgen-208-balanced-seed-6100002,spots=30,daySteps=200,brandMode=mod6,players=2,score=6/60/837,starvedDays=0,stubDays=0
probe_begin,fixture=syn-colgen-208-balanced-seed-6100002,family=balanced,spots=30,daySteps=200,brandMode=mod6,players=4,fuel=600,budgetMs=3375
day=1,dailyDelta=6,servDelta=82,cum=6/6/82,cgDeadline=0,starved=[],stub=[],cols=[12 26 26 26 26 26 26 25],brands=[0 6 6 6 6 6 6 6],agentMs=[9 28 44 34 27 19 20 28],agentQ=[24 54 52 24 30 24 30 36],cacheHits=19,cacheMisses=283,combos=2406,masterDeadline=1,colGenMs=565,searchMs=2055,totalMs=2681
day=2,dailyDelta=6,servDelta=89,cum=6/12/171,cgDeadline=0,starved=[],stub=[],cols=[12 25 25 25 25 25 25 25],brands=[0 6 6 6 6 6 6 6],agentMs=[11 105 43 0 17 62 17 39],agentQ=[24 54 52 24 34 30 34 36],cacheHits=43,cacheMisses=273,combos=2076,masterDeadline=1,colGenMs=702,searchMs=2039,totalMs=2654
day=3,dailyDelta=6,servDelta=86,cum=6/18/257,cgDeadline=0,starved=[],stub=[],cols=[12 25 25 25 25 24 24 25],brands=[0 6 6 6 6 6 6 6],agentMs=[11 35 24 0 31 14 31 41],agentQ=[24 54 42 24 48 24 34 30],cacheHits=28,cacheMisses=280,combos=2188,masterDeadline=1,colGenMs=652,searchMs=2057,totalMs=2709
day=4,dailyDelta=6,servDelta=82,cum=6/24/339,cgDeadline=0,starved=[],stub=[],cols=[12 22 23 25 17 25 17 17],brands=[0 6 6 6 6 6 6 6],agentMs=[13 29 42 35 17 52 0 0],agentQ=[24 54 52 44 28 24 24 24],cacheHits=69,cacheMisses=250,combos=2669,masterDeadline=1,colGenMs=553,searchMs=2047,totalMs=2642
day=5,dailyDelta=6,servDelta=86,cum=6/30/425,cgDeadline=0,starved=[],stub=[],cols=[12 24 25 25 25 25 25 25],brands=[0 6 6 6 6 6 6 6],agentMs=[12 32 18 12 56 24 5 53],agentQ=[24 54 34 24 48 34 24 34],cacheHits=25,cacheMisses=279,combos=2174,masterDeadline=1,colGenMs=646,searchMs=2057,totalMs=2636
day=6,dailyDelta=6,servDelta=83,cum=6/36/508,cgDeadline=0,starved=[],stub=[],cols=[12 22 25 25 25 22 24 24],brands=[0 6 6 6 6 6 6 6],agentMs=[12 25 60 20 24 11 12 0],agentQ=[24 54 52 30 42 24 24 24],cacheHits=43,cacheMisses=259,combos=2520,masterDeadline=1,colGenMs=512,searchMs=2056,totalMs=2610
day=7,dailyDelta=6,servDelta=84,cum=6/42/592,cgDeadline=0,starved=[],stub=[],cols=[12 24 24 17 25 25 25 25],brands=[0 6 6 6 6 6 6 6],agentMs=[13 31 11 23 37 27 21 14],agentQ=[24 54 24 42 42 34 36 26],cacheHits=4,cacheMisses=323,combos=2174,masterDeadline=1,colGenMs=693,searchMs=2060,totalMs=2601
day=8,dailyDelta=6,servDelta=86,cum=6/48/678,cgDeadline=0,starved=[],stub=[],cols=[12 25 25 25 25 17 25 25],brands=[0 6 6 6 6 6 6 6],agentMs=[12 51 0 28 12 18 20 12],agentQ=[24 54 24 52 24 30 34 24],cacheHits=45,cacheMisses=266,combos=2671,masterDeadline=1,colGenMs=509,searchMs=2061,totalMs=2594
day=9,dailyDelta=6,servDelta=85,cum=6/54/763,cgDeadline=0,starved=[],stub=[],cols=[12 24 25 25 25 25 25 17],brands=[0 6 6 6 6 6 6 6],agentMs=[11 27 26 26 60 17 46 14],agentQ=[24 54 42 42 48 26 24 24],cacheHits=21,cacheMisses=308,combos=2507,masterDeadline=1,colGenMs=566,searchMs=2052,totalMs=2579
day=10,dailyDelta=6,servDelta=83,cum=6/60/846,cgDeadline=0,starved=[],stub=[],cols=[12 25 24 25 25 25 25 25],brands=[0 6 6 6 6 6 6 6],agentMs=[12 33 19 12 35 16 14 25],agentQ=[24 54 34 24 42 26 24 42],cacheHits=19,cacheMisses=279,combos=2438,masterDeadline=1,colGenMs=581,searchMs=2064,totalMs=2095
probe_result,fixture=syn-colgen-208-balanced-seed-6100002,spots=30,daySteps=200,brandMode=mod6,players=4,score=6/60/846,starvedDays=0,stubDays=0
probe_begin,fixture=syn-colgen-208-balanced-seed-6100002,family=balanced,spots=30,daySteps=200,brandMode=distinct,players=2,fuel=600,budgetMs=3375
day=1,dailyDelta=29,servDelta=78,cum=29/29/78,cgDeadline=0,starved=[],stub=[],cols=[12 26 26 26 23 26 26 26],brands=[0 27 28 28 23 28 28 27],agentMs=[9 28 44 34 27 19 19 28],agentQ=[24 54 52 24 30 24 30 36],cacheHits=19,cacheMisses=283,combos=2728,masterDeadline=1,colGenMs=439,searchMs=2057,totalMs=2899
day=2,dailyDelta=30,servDelta=78,cum=30/59/156,cgDeadline=0,starved=[],stub=[],cols=[12 23 25 25 25 25 25 25],brands=[0 29 28 26 29 27 29 27],agentMs=[12 39 42 35 14 34 13 28],agentQ=[24 54 48 24 24 44 24 28],cacheHits=19,cacheMisses=279,combos=2472,masterDeadline=1,colGenMs=498,searchMs=2048,totalMs=2833
day=3,dailyDelta=29,servDelta=70,cum=30/88/226,cgDeadline=0,starved=[],stub=[],cols=[12 24 23 25 24 23 25 22],brands=[0 24 26 29 25 27 26 23],agentMs=[13 29 44 18 13 27 18 12],agentQ=[24 54 52 32 26 34 24 24],cacheHits=19,cacheMisses=279,combos=2956,masterDeadline=1,colGenMs=437,searchMs=2062,totalMs=2657
day=4,dailyDelta=29,servDelta=79,cum=30/117/305,cgDeadline=0,starved=[],stub=[],cols=[12 24 24 25 25 22 22 25],brands=[0 27 28 28 27 27 24 25],agentMs=[12 36 32 25 19 16 18 22],agentQ=[24 54 42 44 30 26 34 34],cacheHits=19,cacheMisses=297,combos=2834,masterDeadline=1,colGenMs=434,searchMs=2059,totalMs=2722
day=5,dailyDelta=29,servDelta=81,cum=30/146/386,cgDeadline=0,starved=[],stub=[],cols=[12 25 25 25 25 24 25 25],brands=[0 28 28 27 26 25 27 27],agentMs=[12 31 41 24 21 17 28 12],agentQ=[24 54 42 34 34 34 34 24],cacheHits=19,cacheMisses=289,combos=2768,masterDeadline=1,colGenMs=436,searchMs=2061,totalMs=2676
day=6,dailyDelta=29,servDelta=84,cum=30/175/470,cgDeadline=0,starved=[],stub=[],cols=[12 25 24 25 24 22 25 24],brands=[0 28 27 29 29 25 27 28],agentMs=[12 32 31 36 12 18 15 31],agentQ=[24 54 48 40 24 34 24 34],cacheHits=21,cacheMisses=289,combos=2867,masterDeadline=1,colGenMs=430,searchMs=2053,totalMs=2652
day=7,dailyDelta=30,servDelta=79,cum=30/205/549,cgDeadline=0,starved=[],stub=[],cols=[12 23 25 24 24 25 25 25],brands=[0 27 28 28 28 26 28 26],agentMs=[12 37 20 26 12 15 20 20],agentQ=[24 54 34 48 24 28 24 34],cacheHits=19,cacheMisses=279,combos=2933,masterDeadline=1,colGenMs=398,searchMs=2065,totalMs=2657
day=8,dailyDelta=30,servDelta=85,cum=30/235/634,cgDeadline=0,starved=[],stub=[],cols=[12 24 25 25 25 24 25 25],brands=[0 27 27 28 28 26 28 28],agentMs=[12 31 33 28 33 20 39 12],agentQ=[24 54 48 24 40 26 36 24],cacheHits=19,cacheMisses=285,combos=2507,masterDeadline=1,colGenMs=462,searchMs=1956,totalMs=2578
day=9,dailyDelta=29,servDelta=73,cum=30/264/707,cgDeadline=0,starved=[],stub=[],cols=[12 24 22 24 25 24 25 24],brands=[0 26 23 25 29 26 27 29],agentMs=[12 36 21 35 14 14 13 63],agentQ=[24 54 42 42 26 24 24 48],cacheHits=19,cacheMisses=293,combos=2876,masterDeadline=1,colGenMs=457,searchMs=2052,totalMs=2574
day=10,dailyDelta=29,servDelta=80,cum=30/293/787,cgDeadline=0,starved=[],stub=[],cols=[12 22 25 25 25 25 25 25],brands=[0 27 28 27 28 28 27 26],agentMs=[13 32 34 15 23 26 16 23],agentQ=[24 54 48 28 38 34 28 34],cacheHits=21,cacheMisses=295,combos=2900,masterDeadline=1,colGenMs=431,searchMs=2062,totalMs=2092
probe_result,fixture=syn-colgen-208-balanced-seed-6100002,spots=30,daySteps=200,brandMode=distinct,players=2,score=30/293/787,starvedDays=0,stubDays=0
probe_begin,fixture=syn-colgen-208-balanced-seed-6100002,family=balanced,spots=30,daySteps=200,brandMode=distinct,players=4,fuel=600,budgetMs=3375
day=1,dailyDelta=29,servDelta=78,cum=29/29/78,cgDeadline=0,starved=[],stub=[],cols=[12 26 26 26 23 26 26 26],brands=[0 27 28 28 23 28 28 27],agentMs=[9 28 44 33 27 19 20 30],agentQ=[24 54 52 24 30 24 30 36],cacheHits=19,cacheMisses=283,combos=2736,masterDeadline=1,colGenMs=427,searchMs=2057,totalMs=2885
day=2,dailyDelta=30,servDelta=76,cum=30/59/154,cgDeadline=0,starved=[],stub=[],cols=[12 24 24 24 25 25 25 25],brands=[0 29 26 26 29 27 28 26],agentMs=[10 35 41 30 13 30 11 25],agentQ=[24 54 48 24 24 44 24 28],cacheHits=19,cacheMisses=279,combos=2554,masterDeadline=1,colGenMs=466,searchMs=2049,totalMs=2841
day=3,dailyDelta=30,servDelta=77,cum=30/89/231,cgDeadline=0,starved=[],stub=[],cols=[12 24 24 25 24 24 25 24],brands=[0 25 24 28 28 28 27 26],agentMs=[14 31 19 28 26 18 20 26],agentQ=[24 54 34 42 34 24 26 42],cacheHits=19,cacheMisses=289,combos=2839,masterDeadline=1,colGenMs=444,searchMs=2059,totalMs=2674
day=4,dailyDelta=29,servDelta=80,cum=30/118/311,cgDeadline=0,starved=[],stub=[],cols=[12 24 24 25 25 25 25 24],brands=[0 27 28 28 28 26 27 26],agentMs=[12 33 40 26 13 15 22 22],agentQ=[24 54 42 44 24 24 34 42],cacheHits=19,cacheMisses=297,combos=2867,masterDeadline=1,colGenMs=431,searchMs=2061,totalMs=2702
day=5,dailyDelta=28,servDelta=76,cum=30/146/387,cgDeadline=0,starved=[],stub=[],cols=[12 24 24 25 25 22 25 22],brands=[0 25 24 27 27 27 27 24],agentMs=[13 31 18 17 30 15 21 12],agentQ=[24 54 34 34 48 28 30 24],cacheHits=19,cacheMisses=285,combos=3114,masterDeadline=1,colGenMs=382,searchMs=2058,totalMs=2667
day=6,dailyDelta=29,servDelta=77,cum=30/175/464,cgDeadline=0,starved=[],stub=[],cols=[12 24 24 24 22 25 25 24],brands=[0 29 27 28 23 23 28 27],agentMs=[14 65 36 32 18 23 13 25],agentQ=[24 54 52 38 34 34 24 24],cacheHits=19,cacheMisses=293,combos=2702,masterDeadline=1,colGenMs=492,searchMs=2054,totalMs=2686
day=7,dailyDelta=30,servDelta=77,cum=30/205/541,cgDeadline=0,starved=[],stub=[],cols=[12 24 24 24 25 25 25 24],brands=[0 26 28 28 28 27 27 28],agentMs=[12 31 43 37 11 12 19 13],agentQ=[24 54 42 50 24 24 34 24],cacheHits=19,cacheMisses=285,combos=2797,masterDeadline=1,colGenMs=453,searchMs=2055,totalMs=2627
day=8,dailyDelta=29,servDelta=80,cum=30/234/621,cgDeadline=0,starved=[],stub=[],cols=[12 25 25 24 22 24 22 25],brands=[0 28 27 25 24 27 24 22],agentMs=[14 29 45 26 15 20 12 21],agentQ=[24 54 42 52 30 36 24 36],cacheHits=6,cacheMisses=320,combos=2768,masterDeadline=1,colGenMs=498,searchMs=2065,totalMs=2634
day=9,dailyDelta=29,servDelta=82,cum=30/263/703,cgDeadline=0,starved=[],stub=[],cols=[12 25 25 25 25 22 24 24],brands=[0 28 27 28 28 25 25 26],agentMs=[11 32 27 26 16 17 18 19],agentQ=[24 54 48 34 30 34 34 26],cacheHits=21,cacheMisses=291,combos=2672,masterDeadline=1,colGenMs=435,searchMs=1965,totalMs=2498
day=10,dailyDelta=29,servDelta=82,cum=30/292/785,cgDeadline=0,starved=[],stub=[],cols=[12 24 25 25 25 25 25 24],brands=[0 26 28 28 26 27 28 26],agentMs=[13 31 30 53 24 17 36 26],agentQ=[24 54 48 42 38 26 36 26],cacheHits=4,cacheMisses=318,combos=2471,masterDeadline=1,colGenMs=553,searchMs=2054,totalMs=2094
probe_result,fixture=syn-colgen-208-balanced-seed-6100002,spots=30,daySteps=200,brandMode=distinct,players=4,score=30/292/785,starvedDays=0,stubDays=0
probe_begin,fixture=syn-colgen-208-balanced-seed-6100002,family=balanced,spots=32,daySteps=100,brandMode=mod6,players=2,fuel=300,budgetMs=3375
day=1,dailyDelta=6,servDelta=59,cum=6/6/59,cgDeadline=0,starved=[],stub=[],cols=[12 25 23 26 25 23 26 25],brands=[0 6 6 6 6 6 6 6],agentMs=[9 28 37 28 24 20 15 24],agentQ=[24 54 42 24 34 28 24 34],cacheHits=19,cacheMisses=273,combos=3000,masterDeadline=1,colGenMs=502,searchMs=2052,totalMs=2556
day=2,dailyDelta=6,servDelta=59,cum=6/12/118,cgDeadline=0,starved=[],stub=[],cols=[12 25 25 23 23 17 18 16],brands=[0 6 6 6 6 6 6 6],agentMs=[10 49 20 10 20 14 14 19],agentQ=[24 54 42 24 34 24 24 24],cacheHits=23,cacheMisses=272,combos=3065,masterDeadline=1,colGenMs=544,searchMs=2051,totalMs=2595
day=3,dailyDelta=6,servDelta=61,cum=6/18/179,cgDeadline=0,starved=[],stub=[],cols=[12 24 25 25 24 25 24 25],brands=[0 6 6 6 6 6 6 6],agentMs=[12 28 27 18 20 54 13 13],agentQ=[24 54 42 34 34 28 24 24],cacheHits=21,cacheMisses=271,combos=2955,masterDeadline=1,colGenMs=523,searchMs=2053,totalMs=2553
day=4,dailyDelta=6,servDelta=63,cum=6/24/242,cgDeadline=0,starved=[],stub=[],cols=[12 15 25 24 25 25 16 24],brands=[0 6 6 6 6 6 6 6],agentMs=[12 31 19 25 13 14 0 19],agentQ=[24 54 34 34 24 24 24 34],cacheHits=49,cacheMisses=249,combos=3461,masterDeadline=1,colGenMs=440,searchMs=2060,totalMs=2556
day=5,dailyDelta=6,servDelta=61,cum=6/30/303,cgDeadline=0,starved=[],stub=[],cols=[12 24 25 24 25 16 24 23],brands=[0 6 6 6 6 6 6 6],agentMs=[12 29 27 15 15 13 0 17],agentQ=[24 54 48 28 26 26 24 34],cacheHits=47,cacheMisses=261,combos=3476,masterDeadline=1,colGenMs=406,searchMs=2058,totalMs=2516
day=6,dailyDelta=6,servDelta=61,cum=6/36/364,cgDeadline=0,starved=[],stub=[],cols=[12 23 16 25 25 25 23 23],brands=[0 6 6 6 6 6 6 6],agentMs=[12 31 19 11 16 16 0 16],agentQ=[24 54 34 24 34 34 24 34],cacheHits=45,cacheMisses=261,combos=3168,masterDeadline=1,colGenMs=425,searchMs=2062,totalMs=2554
day=7,dailyDelta=6,servDelta=59,cum=6/42/423,cgDeadline=0,starved=[],stub=[],cols=[12 23 24 20 16 17 25 25],brands=[0 6 6 6 6 6 6 6],agentMs=[15 35 23 15 19 18 127 13],agentQ=[24 54 42 26 34 24 26 24],cacheHits=21,cacheMisses=277,combos=2626,masterDeadline=1,colGenMs=642,searchMs=2035,totalMs=2590
day=8,dailyDelta=6,servDelta=61,cum=6/48/484,cgDeadline=0,starved=[],stub=[],cols=[12 23 23 22 24 25 25 25],brands=[0 6 6 6 6 6 6 6],agentMs=[12 31 27 18 13 24 19 12],agentQ=[24 54 42 34 26 26 34 24],cacheHits=19,cacheMisses=273,combos=3100,masterDeadline=1,colGenMs=497,searchMs=2060,totalMs=2433
day=9,dailyDelta=6,servDelta=65,cum=6/54/549,cgDeadline=0,starved=[],stub=[],cols=[12 24 23 23 17 25 25 25],brands=[0 6 6 6 6 6 6 6],agentMs=[11 37 18 22 21 22 13 14],agentQ=[24 54 34 42 34 34 24 24],cacheHits=19,cacheMisses=279,combos=3131,masterDeadline=1,colGenMs=500,searchMs=2056,totalMs=2415
day=10,dailyDelta=6,servDelta=63,cum=6/60/612,cgDeadline=0,starved=[],stub=[],cols=[12 24 25 25 25 25 23 24],brands=[0 6 6 6 6 6 6 6],agentMs=[13 34 25 19 41 12 13 10],agentQ=[24 54 42 34 28 24 24 24],cacheHits=21,cacheMisses=261,combos=3034,masterDeadline=1,colGenMs=524,searchMs=2053,totalMs=2094
probe_result,fixture=syn-colgen-208-balanced-seed-6100002,spots=32,daySteps=100,brandMode=mod6,players=2,score=6/60/612,starvedDays=0,stubDays=0
probe_begin,fixture=syn-colgen-208-balanced-seed-6100002,family=balanced,spots=32,daySteps=100,brandMode=mod6,players=4,fuel=300,budgetMs=3375
day=1,dailyDelta=6,servDelta=59,cum=6/6/59,cgDeadline=0,starved=[],stub=[],cols=[12 25 23 26 25 23 26 25],brands=[0 6 6 6 6 6 6 6],agentMs=[9 27 37 28 24 20 15 24],agentQ=[24 54 42 24 34 28 24 34],cacheHits=19,cacheMisses=273,combos=2998,masterDeadline=1,colGenMs=515,searchMs=2053,totalMs=2525
day=2,dailyDelta=6,servDelta=58,cum=6/12/117,cgDeadline=0,starved=[],stub=[],cols=[12 24 25 23 23 17 18 16],brands=[0 6 6 6 6 6 6 6],agentMs=[11 44 22 10 20 14 14 18],agentQ=[24 54 42 24 34 24 24 24],cacheHits=23,cacheMisses=272,combos=3131,masterDeadline=1,colGenMs=516,searchMs=2052,totalMs=2570
day=3,dailyDelta=6,servDelta=61,cum=6/18/178,cgDeadline=0,starved=[],stub=[],cols=[12 22 25 25 24 25 24 15],brands=[0 6 6 6 6 6 6 6],agentMs=[12 31 20 12 22 55 14 13],agentQ=[24 54 34 24 34 34 24 24],cacheHits=21,cacheMisses=275,combos=3065,masterDeadline=1,colGenMs=534,searchMs=2050,totalMs=2587
day=4,dailyDelta=6,servDelta=62,cum=6/24/240,cgDeadline=0,starved=[],stub=[],cols=[12 23 25 25 16 25 23 25],brands=[0 6 6 6 6 6 6 6],agentMs=[12 27 20 14 18 20 20 13],agentQ=[24 54 34 24 34 34 34 26],cacheHits=21,cacheMisses=287,combos=3362,masterDeadline=1,colGenMs=448,searchMs=2059,totalMs=2502
day=5,dailyDelta=6,servDelta=59,cum=6/30/299,cgDeadline=0,starved=[],stub=[],cols=[12 23 25 25 24 16 25 17],brands=[0 6 6 6 6 6 6 6],agentMs=[12 31 26 0 23 14 49 14],agentQ=[24 54 42 24 42 26 28 24],cacheHits=45,cacheMisses=263,combos=3230,masterDeadline=1,colGenMs=492,searchMs=2054,totalMs=2559
day=6,dailyDelta=6,servDelta=64,cum=6/36/363,cgDeadline=0,starved=[],stub=[],cols=[12 23 15 15 25 25 25 23],brands=[0 6 6 6 6 6 6 6],agentMs=[18 33 27 0 15 19 17 15],agentQ=[24 54 42 24 24 34 24 26],cacheHits=45,cacheMisses=251,combos=3296,masterDeadline=1,colGenMs=475,searchMs=2060,totalMs=2498
day=7,dailyDelta=6,servDelta=58,cum=6/42/421,cgDeadline=0,starved=[],stub=[],cols=[12 23 24 24 25 17 25 25],brands=[0 6 6 6 6 6 6 6],agentMs=[13 30 23 0 15 13 11 21],agentQ=[24 54 42 24 26 26 24 24],cacheHits=43,cacheMisses=229,combos=3296,masterDeadline=1,colGenMs=456,searchMs=2056,totalMs=2494
day=8,dailyDelta=6,servDelta=62,cum=6/48/483,cgDeadline=0,starved=[],stub=[],cols=[12 23 23 23 25 20 25 25],brands=[0 6 6 6 6 6 6 6],agentMs=[11 28 25 0 29 13 14 13],agentQ=[24 54 42 24 42 24 26 24],cacheHits=43,cacheMisses=245,combos=3288,masterDeadline=1,colGenMs=441,searchMs=2067,totalMs=2537
day=9,dailyDelta=6,servDelta=62,cum=6/54/545,cgDeadline=0,starved=[],stub=[],cols=[12 23 23 24 25 25 14 24],brands=[0 6 6 6 6 6 6 6],agentMs=[13 31 15 18 17 11 12 20],agentQ=[24 54 34 34 34 24 24 42],cacheHits=21,cacheMisses=293,combos=3097,masterDeadline=1,colGenMs=454,searchMs=2066,totalMs=2387
day=10,dailyDelta=6,servDelta=57,cum=6/60/602,cgDeadline=0,starved=[],stub=[],cols=[12 13 17 25 14 23 23 25],brands=[0 6 6 6 6 6 6 6],agentMs=[14 34 15 31 0 13 18 12],agentQ=[24 54 24 42 24 24 34 24],cacheHits=38,cacheMisses=258,combos=3065,masterDeadline=1,colGenMs=529,searchMs=2044,totalMs=2084
probe_result,fixture=syn-colgen-208-balanced-seed-6100002,spots=32,daySteps=100,brandMode=mod6,players=4,score=6/60/602,starvedDays=0,stubDays=0
probe_begin,fixture=syn-colgen-208-balanced-seed-6100002,family=balanced,spots=32,daySteps=100,brandMode=distinct,players=2,fuel=300,budgetMs=3375
day=1,dailyDelta=30,servDelta=58,cum=30/30/58,cgDeadline=0,starved=[],stub=[],cols=[12 25 26 26 22 23 25 24],brands=[0 28 22 27 28 24 28 21],agentMs=[9 27 43 33 24 19 19 26],agentQ=[24 54 52 24 30 24 30 36],cacheHits=19,cacheMisses=283,combos=3264,masterDeadline=1,colGenMs=410,searchMs=2059,totalMs=2924
day=2,dailyDelta=30,servDelta=57,cum=32/60/115,cgDeadline=0,starved=[],stub=[],cols=[12 19 19 20 20 18 19 17],brands=[0 20 23 27 29 25 24 25],agentMs=[11 33 32 29 21 52 19 14],agentQ=[24 54 48 28 24 34 44 26],cacheHits=19,cacheMisses=291,combos=3131,masterDeadline=1,colGenMs=441,searchMs=2037,totalMs=2885
day=3,dailyDelta=31,servDelta=60,cum=32/91/175,cgDeadline=0,starved=[],stub=[],cols=[12 22 18 22 20 23 18 18],brands=[0 24 29 19 18 25 29 29],agentMs=[15 32 29 15 44 17 0 0],agentQ=[24 54 42 26 48 28 24 24],cacheHits=69,cacheMisses=246,combos=3791,masterDeadline=1,colGenMs=368,searchMs=2057,totalMs=2659
day=4,dailyDelta=31,servDelta=59,cum=32/122/234,cgDeadline=0,starved=[],stub=[],cols=[12 23 22 24 25 24 21 24],brands=[0 21 27 26 23 24 25 23],agentMs=[12 30 32 27 16 31 19 14],agentQ=[24 54 48 44 24 34 34 24],cacheHits=19,cacheMisses=295,combos=3428,masterDeadline=1,colGenMs=396,searchMs=2055,totalMs=2687
day=5,dailyDelta=29,servDelta=70,cum=32/151/304,cgDeadline=0,starved=[],stub=[],cols=[12 23 23 24 21 24 24 25],brands=[0 25 25 21 21 26 27 24],agentMs=[12 36 21 27 19 13 11 16],agentQ=[24 54 34 48 42 24 26 34],cacheHits=19,cacheMisses=295,combos=3582,masterDeadline=1,colGenMs=357,searchMs=2060,totalMs=2602
day=6,dailyDelta=30,servDelta=69,cum=32/181/373,cgDeadline=0,starved=[],stub=[],cols=[12 23 24 23 24 21 23 23],brands=[0 25 21 25 23 21 25 25],agentMs=[13 30 37 15 21 12 13 12],agentQ=[24 54 52 30 36 24 24 24],cacheHits=21,cacheMisses=275,combos=3565,masterDeadline=1,colGenMs=374,searchMs=2065,totalMs=2746
day=7,dailyDelta=31,servDelta=61,cum=32/212/434,cgDeadline=0,starved=[],stub=[],cols=[12 24 24 21 23 24 25 21],brands=[0 25 29 18 25 24 23 21],agentMs=[12 30 20 41 22 24 123 12],agentQ=[24 54 34 48 42 34 30 24],cacheHits=19,cacheMisses=299,combos=3065,masterDeadline=1,colGenMs=522,searchMs=2044,totalMs=2665
day=8,dailyDelta=30,servDelta=59,cum=32/242/493,cgDeadline=0,starved=[],stub=[],cols=[12 23 24 24 23 22 24 24],brands=[0 21 21 20 25 24 26 25],agentMs=[13 27 38 31 32 16 13 14],agentQ=[24 54 52 34 46 30 24 24],cacheHits=19,cacheMisses=297,combos=3466,masterDeadline=1,colGenMs=396,searchMs=2054,totalMs=2617
day=9,dailyDelta=30,servDelta=67,cum=32/272/560,cgDeadline=0,starved=[],stub=[],cols=[12 22 23 23 24 24 24 25],brands=[0 25 25 25 25 24 21 25],agentMs=[12 37 24 26 14 28 27 20],agentQ=[24 54 42 42 24 34 34 34],cacheHits=19,cacheMisses=297,combos=3329,masterDeadline=1,colGenMs=415,searchMs=2064,totalMs=2416
day=10,dailyDelta=31,servDelta=68,cum=32/303/628,cgDeadline=0,starved=[],stub=[],cols=[12 23 24 24 23 23 23 24],brands=[0 21 25 26 25 25 24 27],agentMs=[13 27 27 46 29 15 17 40],agentQ=[24 54 48 52 40 28 28 24],cacheHits=19,cacheMisses=307,combos=3329,masterDeadline=1,colGenMs=421,searchMs=2049,totalMs=2093
probe_result,fixture=syn-colgen-208-balanced-seed-6100002,spots=32,daySteps=100,brandMode=distinct,players=2,score=32/303/628,starvedDays=0,stubDays=0
probe_begin,fixture=syn-colgen-208-balanced-seed-6100002,family=balanced,spots=32,daySteps=100,brandMode=distinct,players=4,fuel=300,budgetMs=3375
day=1,dailyDelta=30,servDelta=58,cum=30/30/58,cgDeadline=0,starved=[],stub=[],cols=[12 25 26 26 22 23 25 24],brands=[0 28 22 27 28 24 28 21],agentMs=[9 28 44 32 24 19 19 25],agentQ=[24 54 52 24 30 24 30 36],cacheHits=19,cacheMisses=283,combos=3297,masterDeadline=1,colGenMs=413,searchMs=2049,totalMs=2949
day=2,dailyDelta=30,servDelta=55,cum=32/60/113,cgDeadline=0,starved=[],stub=[],cols=[12 19 18 18 20 18 19 17],brands=[0 20 23 27 29 26 24 25],agentMs=[12 32 28 28 27 67 20 13],agentQ=[24 54 48 28 24 34 44 26],cacheHits=19,cacheMisses=291,combos=3098,masterDeadline=1,colGenMs=441,searchMs=2020,totalMs=2892
day=3,dailyDelta=31,servDelta=64,cum=32/91/177,cgDeadline=0,starved=[],stub=[],cols=[12 22 18 24 23 25 25 18],brands=[0 24 29 25 24 24 27 29],agentMs=[12 31 29 16 23 37 13 0],agentQ=[24 54 42 34 42 34 24 24],cacheHits=45,cacheMisses=278,combos=3461,masterDeadline=1,colGenMs=413,searchMs=2059,totalMs=2670
day=4,dailyDelta=31,servDelta=66,cum=32/122/243,cgDeadline=0,starved=[],stub=[],cols=[12 22 23 23 24 25 24 24],brands=[0 24 24 25 21 23 25 23],agentMs=[13 46 26 26 30 39 16 14],agentQ=[24 54 48 44 34 30 26 24],cacheHits=19,cacheMisses=293,combos=3297,masterDeadline=1,colGenMs=445,searchMs=2054,totalMs=2703
day=5,dailyDelta=30,servDelta=68,cum=32/152/311,cgDeadline=0,starved=[],stub=[],cols=[12 24 24 24 16 24 23 23],brands=[0 27 24 24 26 26 25 21],agentMs=[12 32 18 31 18 41 15 16],agentQ=[24 54 34 42 34 48 28 34],cacheHits=21,cacheMisses=321,combos=3463,masterDeadline=1,colGenMs=395,searchMs=2058,totalMs=2815
day=6,dailyDelta=31,servDelta=57,cum=32/183/368,cgDeadline=0,starved=[],stub=[5],cols=[12 24 24 22 25 3 25 24],brands=[0 24 26 23 26 1 28 25],agentMs=[14 35 49 29 24 0 37 34],agentQ=[24 54 34 48 42 48 24 36],cacheHits=27,cacheMisses=311,combos=3038,masterDeadline=1,colGenMs=486,searchMs=2026,totalMs=2687
day=7,dailyDelta=30,servDelta=63,cum=32/213/431,cgDeadline=0,starved=[],stub=[5],cols=[12 24 23 21 25 3 24 25],brands=[0 21 24 25 28 1 22 24],agentMs=[12 40 31 41 20 0 15 19],agentQ=[24 54 52 46 30 48 26 34],cacheHits=27,cacheMisses=315,combos=3175,masterDeadline=1,colGenMs=411,searchMs=2056,totalMs=2613
day=8,dailyDelta=30,servDelta=61,cum=32/243/492,cgDeadline=0,starved=[],stub=[5],cols=[12 24 24 24 24 3 23 23],brands=[0 26 26 27 25 1 21 25],agentMs=[12 31 16 45 27 0 23 16],agentQ=[24 54 34 48 34 48 48 28],cacheHits=29,cacheMisses=317,combos=3634,masterDeadline=1,colGenMs=377,searchMs=2056,totalMs=2635
day=9,dailyDelta=30,servDelta=58,cum=32/273/550,cgDeadline=0,starved=[],stub=[5],cols=[12 25 23 23 22 3 24 24],brands=[0 28 26 28 24 1 24 24],agentMs=[12 33 28 22 20 0 21 38],agentQ=[24 54 48 34 38 48 24 34],cacheHits=29,cacheMisses=303,combos=3509,masterDeadline=1,colGenMs=392,searchMs=2054,totalMs=2538
day=10,dailyDelta=30,servDelta=61,cum=32/303/611,cgDeadline=0,starved=[],stub=[5],cols=[12 22 17 21 21 3 23 24],brands=[0 26 27 24 27 1 25 21],agentMs=[12 31 22 19 28 0 14 47],agentQ=[24 54 42 34 34 48 24 38],cacheHits=29,cacheMisses=313,combos=3659,masterDeadline=1,colGenMs=402,searchMs=2054,totalMs=2090
probe_result,fixture=syn-colgen-208-balanced-seed-6100002,spots=32,daySteps=100,brandMode=distinct,players=4,score=32/303/611,starvedDays=0,stubDays=5
probe_begin,fixture=syn-colgen-208-balanced-seed-6100002,family=balanced,spots=32,daySteps=200,brandMode=mod6,players=2,fuel=600,budgetMs=3375
day=1,dailyDelta=6,servDelta=86,cum=6/6/86,cgDeadline=0,starved=[],stub=[],cols=[12 26 26 26 26 26 26 26],brands=[0 6 6 6 6 6 6 6],agentMs=[10 30 39 31 28 21 13 25],agentQ=[24 54 42 24 34 28 24 34],cacheHits=19,cacheMisses=273,combos=1977,masterDeadline=1,colGenMs=646,searchMs=2049,totalMs=2719
day=2,dailyDelta=6,servDelta=90,cum=6/12/176,cgDeadline=0,starved=[],stub=[],cols=[12 25 23 25 25 25 25 25],brands=[0 6 6 6 6 6 6 6],agentMs=[11 42 32 19 64 47 18 12],agentQ=[24 54 34 34 48 24 28 24],cacheHits=19,cacheMisses=279,combos=1844,masterDeadline=1,colGenMs=711,searchMs=2036,totalMs=2771
day=3,dailyDelta=6,servDelta=93,cum=6/18/269,cgDeadline=0,starved=[],stub=[],cols=[12 25 25 25 25 25 25 25],brands=[0 6 6 6 6 6 6 6],agentMs=[12 34 21 42 24 13 21 13],agentQ=[24 54 34 34 42 24 26 24],cacheHits=19,cacheMisses=271,combos=2042,masterDeadline=1,colGenMs=632,searchMs=2051,totalMs=2692
day=4,dailyDelta=6,servDelta=87,cum=6/24/356,cgDeadline=0,starved=[],stub=[],cols=[12 17 25 25 17 25 25 17],brands=[0 6 6 6 6 6 6 6],agentMs=[13 34 35 18 0 20 11 0],agentQ=[24 54 42 34 24 26 24 24],cacheHits=71,cacheMisses=228,combos=2504,masterDeadline=1,colGenMs=592,searchMs=2058,totalMs=2746
day=5,dailyDelta=6,servDelta=91,cum=6/30/447,cgDeadline=0,starved=[],stub=[],cols=[12 25 25 25 25 25 24 25],brands=[0 6 6 6 6 6 6 6],agentMs=[13 31 19 49 0 23 19 14],agentQ=[24 54 34 42 24 42 26 24],cacheHits=43,cacheMisses=255,combos=2306,masterDeadline=1,colGenMs=546,searchMs=2057,totalMs=2647
day=6,dailyDelta=6,servDelta=92,cum=6/36/539,cgDeadline=0,starved=[],stub=[],cols=[12 25 25 25 25 24 25 25],brands=[0 6 6 6 6 6 6 6],agentMs=[12 30 38 17 13 35 12 32],agentQ=[24 54 48 34 24 42 24 28],cacheHits=19,cacheMisses=287,combos=2306,masterDeadline=1,colGenMs=523,searchMs=2047,totalMs=2699
day=7,dailyDelta=6,servDelta=89,cum=6/42/628,cgDeadline=0,starved=[],stub=[],cols=[12 25 25 25 25 25 25 25],brands=[0 6 6 6 6 6 6 6],agentMs=[13 33 19 17 0 16 0 12],agentQ=[24 54 42 34 24 34 24 24],cacheHits=69,cacheMisses=219,combos=2409,masterDeadline=1,colGenMs=489,searchMs=2065,totalMs=2601
day=8,dailyDelta=6,servDelta=91,cum=6/48/719,cgDeadline=0,starved=[],stub=[],cols=[12 25 25 25 25 25 25 25],brands=[0 6 6 6 6 6 6 6],agentMs=[12 55 28 17 22 20 14 13],agentQ=[24 54 42 24 34 34 24 24],cacheHits=19,cacheMisses=269,combos=2240,masterDeadline=1,colGenMs=575,searchMs=2046,totalMs=2577
day=9,dailyDelta=6,servDelta=89,cum=6/54/808,cgDeadline=0,starved=[],stub=[],cols=[12 25 25 25 25 25 24 23],brands=[0 6 6 6 6 6 6 6],agentMs=[13 35 14 37 14 16 27 54],agentQ=[24 54 24 42 24 24 34 42],cacheHits=21,cacheMisses=275,combos=2096,masterDeadline=1,colGenMs=644,searchMs=2048,totalMs=2551
day=10,dailyDelta=6,servDelta=94,cum=6/60/902,cgDeadline=0,starved=[],stub=[],cols=[12 25 25 25 25 25 25 25],brands=[0 6 6 6 6 6 6 6],agentMs=[13 39 21 54 0 19 20 13],agentQ=[24 54 34 42 24 34 34 24],cacheHits=43,cacheMisses=255,combos=2160,masterDeadline=1,colGenMs=585,searchMs=2051,totalMs=2089
probe_result,fixture=syn-colgen-208-balanced-seed-6100002,spots=32,daySteps=200,brandMode=mod6,players=2,score=6/60/902,starvedDays=0,stubDays=0
probe_begin,fixture=syn-colgen-208-balanced-seed-6100002,family=balanced,spots=32,daySteps=200,brandMode=mod6,players=4,fuel=600,budgetMs=3375
day=1,dailyDelta=6,servDelta=86,cum=6/6/86,cgDeadline=0,starved=[],stub=[],cols=[12 26 26 26 26 26 26 26],brands=[0 6 6 6 6 6 6 6],agentMs=[9 30 39 31 28 21 17 30],agentQ=[24 54 42 24 34 28 24 34],cacheHits=19,cacheMisses=273,combos=1642,masterDeadline=1,colGenMs=710,searchMs=2047,totalMs=2712
day=2,dailyDelta=6,servDelta=94,cum=6/12/180,cgDeadline=0,starved=[],stub=[],cols=[12 25 24 25 25 25 25 25],brands=[0 6 6 6 6 6 6 6],agentMs=[11 34 30 18 37 95 17 18],agentQ=[24 54 34 34 34 48 28 34],cacheHits=19,cacheMisses=299,combos=1811,masterDeadline=1,colGenMs=709,searchMs=2035,totalMs=2763
day=3,dailyDelta=6,servDelta=91,cum=6/18/271,cgDeadline=0,starved=[],stub=[],cols=[12 23 25 25 25 25 25 25],brands=[0 6 6 6 6 6 6 6],agentMs=[13 57 26 23 14 19 24 14],agentQ=[24 54 42 34 24 34 34 24],cacheHits=19,cacheMisses=279,combos=1977,masterDeadline=1,colGenMs=631,searchMs=2054,totalMs=2779
day=4,dailyDelta=6,servDelta=91,cum=6/24/362,cgDeadline=0,starved=[],stub=[],cols=[12 25 25 24 25 25 24 25],brands=[0 6 6 6 6 6 6 6],agentMs=[12 29 26 47 35 56 12 16],agentQ=[24 54 42 36 42 44 24 24],cacheHits=21,cacheMisses=297,combos=2066,masterDeadline=1,colGenMs=629,searchMs=2031,totalMs=2765
day=5,dailyDelta=6,servDelta=91,cum=6/30/453,cgDeadline=0,starved=[],stub=[],cols=[12 25 25 25 25 25 25 25],brands=[0 6 6 6 6 6 6 6],agentMs=[12 34 47 19 18 24 37 26],agentQ=[24 54 42 34 34 34 24 34],cacheHits=21,cacheMisses=287,combos=2009,masterDeadline=1,colGenMs=633,searchMs=2043,totalMs=2649
day=6,dailyDelta=6,servDelta=90,cum=6/36/543,cgDeadline=0,starved=[],stub=[],cols=[12 25 25 25 25 25 25 25],brands=[0 6 6 6 6 6 6 6],agentMs=[13 47 28 21 13 17 20 18],agentQ=[24 54 48 36 24 26 34 26],cacheHits=19,cacheMisses=281,combos=2111,masterDeadline=1,colGenMs=607,searchMs=2053,totalMs=2635
day=7,dailyDelta=6,servDelta=90,cum=6/42/633,cgDeadline=0,starved=[],stub=[],cols=[12 25 25 25 25 25 24 25],brands=[0 6 6 6 6 6 6 6],agentMs=[13 32 21 20 13 16 21 15],agentQ=[24 54 34 34 24 24 34 24],cacheHits=19,cacheMisses=261,combos=2207,masterDeadline=1,colGenMs=576,searchMs=2055,totalMs=2611
day=8,dailyDelta=6,servDelta=91,cum=6/48/724,cgDeadline=0,starved=[],stub=[],cols=[12 25 25 25 24 25 24 25],brands=[0 6 6 6 6 6 6 6],agentMs=[13 40 16 28 22 13 13 49],agentQ=[24 54 24 42 34 24 24 42],cacheHits=19,cacheMisses=277,combos=2238,masterDeadline=1,colGenMs=577,searchMs=2049,totalMs=2576
day=9,dailyDelta=6,servDelta=95,cum=6/54/819,cgDeadline=0,starved=[],stub=[],cols=[12 25 25 25 25 25 25 25],brands=[0 6 6 6 6 6 6 6],agentMs=[12 33 0 17 12 18 19 18],agentQ=[24 54 24 34 24 34 34 34],cacheHits=43,cacheMisses=247,combos=2340,masterDeadline=1,colGenMs=506,searchMs=2065,totalMs=2462
day=10,dailyDelta=6,servDelta=87,cum=6/60/906,cgDeadline=0,starved=[],stub=[],cols=[12 25 25 25 25 25 25 25],brands=[0 6 6 6 6 6 6 6],agentMs=[13 34 0 28 16 14 62 14],agentQ=[24 54 24 42 24 24 42 24],cacheHits=45,cacheMisses=241,combos=2174,masterDeadline=1,colGenMs=592,searchMs=2048,totalMs=2085
probe_result,fixture=syn-colgen-208-balanced-seed-6100002,spots=32,daySteps=200,brandMode=mod6,players=4,score=6/60/906,starvedDays=0,stubDays=0
probe_begin,fixture=syn-colgen-208-balanced-seed-6100002,family=balanced,spots=32,daySteps=200,brandMode=distinct,players=2,fuel=600,budgetMs=3375
day=1,dailyDelta=31,servDelta=76,cum=31/31/76,cgDeadline=0,starved=[],stub=[],cols=[12 25 26 26 23 26 25 25],brands=[0 30 29 29 25 29 31 28],agentMs=[10 28 45 35 28 21 20 28],agentQ=[24 54 52 24 30 24 30 36],cacheHits=19,cacheMisses=283,combos=2556,masterDeadline=1,colGenMs=475,searchMs=2054,totalMs=2915
day=2,dailyDelta=32,servDelta=77,cum=32/63/153,cgDeadline=0,starved=[],stub=[],cols=[12 21 25 25 25 24 24 25],brands=[0 30 28 28 27 29 26 28],agentMs=[12 61 37 42 35 12 17 0],agentQ=[24 54 24 42 44 24 34 24],cacheHits=43,cacheMisses=255,combos=2408,masterDeadline=1,colGenMs=532,searchMs=2048,totalMs=2936
day=3,dailyDelta=32,servDelta=78,cum=32/95/231,cgDeadline=0,starved=[],stub=[],cols=[12 25 24 21 23 25 24 22],brands=[0 28 28 25 28 30 27 26],agentMs=[18 59 24 28 39 54 33 16],agentQ=[24 54 34 48 24 46 28 28],cacheHits=19,cacheMisses=295,combos=2273,masterDeadline=1,colGenMs=635,searchMs=2041,totalMs=2735
day=4,dailyDelta=31,servDelta=79,cum=32/126/310,cgDeadline=0,starved=[],stub=[],cols=[12 24 22 25 24 25 25 24],brands=[0 31 22 24 29 29 29 28],agentMs=[11 32 23 21 12 12 27 17],agentQ=[24 54 42 26 24 24 34 24],cacheHits=19,cacheMisses=261,combos=2900,masterDeadline=1,colGenMs=448,searchMs=2065,totalMs=2751
day=5,dailyDelta=31,servDelta=83,cum=32/157/393,cgDeadline=0,starved=[],stub=[],cols=[12 25 23 25 25 25 25 24],brands=[0 28 23 27 29 29 31 27],agentMs=[15 50 32 30 15 22 16 22],agentQ=[24 54 52 44 28 38 28 34],cacheHits=19,cacheMisses=311,combos=2636,masterDeadline=1,colGenMs=460,searchMs=2059,totalMs=2690
day=6,dailyDelta=32,servDelta=79,cum=32/189/472,cgDeadline=0,starved=[],stub=[],cols=[12 24 24 25 24 25 24 25],brands=[0 24 25 30 31 24 29 24],agentMs=[13 29 25 31 19 21 20 13],agentQ=[24 54 34 42 28 34 42 24],cacheHits=21,cacheMisses=289,combos=2834,masterDeadline=1,colGenMs=427,searchMs=2047,totalMs=2659
day=7,dailyDelta=32,servDelta=80,cum=32/221/552,cgDeadline=0,starved=[],stub=[],cols=[12 22 24 24 25 24 22 24],brands=[0 26 28 28 30 30 23 30],agentMs=[11 36 26 46 18 17 18 0],agentQ=[24 54 42 48 34 26 34 24],cacheHits=43,cacheMisses=271,combos=2671,masterDeadline=1,colGenMs=475,searchMs=2058,totalMs=2645
day=8,dailyDelta=30,servDelta=77,cum=32/251/629,cgDeadline=0,starved=[],stub=[],cols=[12 24 23 24 25 25 23 24],brands=[0 29 23 23 24 29 25 27],agentMs=[13 32 19 18 24 37 23 26],agentQ=[24 54 34 34 34 42 28 24],cacheHits=19,cacheMisses=283,combos=2702,masterDeadline=1,colGenMs=459,searchMs=2064,totalMs=2623
day=9,dailyDelta=32,servDelta=79,cum=32/283/708,cgDeadline=0,starved=[],stub=[],cols=[12 23 24 24 25 24 25 25],brands=[0 27 30 27 29 28 29 24],agentMs=[13 37 38 27 21 38 14 26],agentQ=[24 54 42 26 36 42 24 34],cacheHits=19,cacheMisses=291,combos=2570,masterDeadline=1,colGenMs=492,searchMs=2045,totalMs=2549
day=10,dailyDelta=31,servDelta=82,cum=32/314/790,cgDeadline=0,starved=[],stub=[],cols=[12 23 24 19 24 24 25 23],brands=[0 29 27 28 29 23 27 25],agentMs=[13 42 43 25 16 19 26 29],agentQ=[24 54 48 42 28 34 34 34],cacheHits=21,cacheMisses=321,combos=2573,masterDeadline=1,colGenMs=513,searchMs=2050,totalMs=2086
probe_result,fixture=syn-colgen-208-balanced-seed-6100002,spots=32,daySteps=200,brandMode=distinct,players=2,score=32/314/790,starvedDays=0,stubDays=0
probe_begin,fixture=syn-colgen-208-balanced-seed-6100002,family=balanced,spots=32,daySteps=200,brandMode=distinct,players=4,fuel=600,budgetMs=3375
day=1,dailyDelta=31,servDelta=76,cum=31/31/76,cgDeadline=0,starved=[],stub=[],cols=[12 25 26 26 23 26 25 25],brands=[0 30 29 29 25 29 31 28],agentMs=[9 29 46 36 32 19 20 29],agentQ=[24 54 52 24 30 24 30 36],cacheHits=19,cacheMisses=283,combos=2307,masterDeadline=1,colGenMs=474,searchMs=2049,totalMs=2934
day=2,dailyDelta=32,servDelta=77,cum=32/63/153,cgDeadline=0,starved=[],stub=[],cols=[12 21 24 25 25 25 24 25],brands=[0 31 28 27 27 31 26 27],agentMs=[11 66 23 23 28 31 18 23],agentQ=[24 54 42 24 44 24 34 24],cacheHits=19,cacheMisses=279,combos=2339,masterDeadline=1,colGenMs=525,searchMs=2054,totalMs=2890
day=3,dailyDelta=32,servDelta=76,cum=32/95/229,cgDeadline=0,starved=[],stub=[],cols=[12 24 24 22 23 22 25 25],brands=[0 29 30 25 28 25 31 31],agentMs=[13 44 44 28 37 14 24 16],agentQ=[24 54 52 46 24 24 30 24],cacheHits=19,cacheMisses=287,combos=2699,masterDeadline=1,colGenMs=485,searchMs=2054,totalMs=2700
day=4,dailyDelta=32,servDelta=81,cum=32/127/310,cgDeadline=0,starved=[],stub=[],cols=[12 24 25 24 24 23 25 23],brands=[0 28 29 30 30 28 25 30],agentMs=[13 35 19 27 13 13 20 48],agentQ=[24 54 34 42 26 24 24 44],cacheHits=19,cacheMisses=281,combos=2636,masterDeadline=1,colGenMs=489,searchMs=2062,totalMs=2828
day=5,dailyDelta=31,servDelta=82,cum=32/158/392,cgDeadline=0,starved=[],stub=[],cols=[12 24 23 18 25 25 25 25],brands=[0 30 29 27 28 29 27 27],agentMs=[12 48 29 24 51 16 25 17],agentQ=[24 54 34 44 42 26 34 24],cacheHits=21,cacheMisses=305,combos=2547,masterDeadline=1,colGenMs=533,searchMs=2049,totalMs=2667
day=6,dailyDelta=32,servDelta=76,cum=32/190/468,cgDeadline=0,starved=[],stub=[],cols=[12 24 24 24 22 25 16 24],brands=[0 27 28 27 23 24 26 27],agentMs=[13 45 40 34 24 21 16 16],agentQ=[24 54 24 48 42 34 30 24],cacheHits=21,cacheMisses=303,combos=2670,masterDeadline=1,colGenMs=501,searchMs=2058,totalMs=2694
day=7,dailyDelta=31,servDelta=80,cum=32/221/548,cgDeadline=0,starved=[],stub=[],cols=[12 23 23 24 25 25 25 24],brands=[0 24 27 29 30 30 25 29],agentMs=[13 27 27 25 40 38 22 13],agentQ=[24 54 48 42 34 34 28 24],cacheHits=19,cacheMisses=297,combos=2698,masterDeadline=1,colGenMs=473,searchMs=2055,totalMs=2611
day=8,dailyDelta=31,servDelta=74,cum=32/252/622,cgDeadline=0,starved=[],stub=[],cols=[12 22 22 25 23 25 24 24],brands=[0 25 22 29 23 23 26 26],agentMs=[13 29 13 26 16 20 31 38],agentQ=[24 54 24 42 34 34 34 48],cacheHits=19,cacheMisses=303,combos=2801,masterDeadline=1,colGenMs=450,searchMs=2055,totalMs=2581
day=9,dailyDelta=31,servDelta=82,cum=32/283/704,cgDeadline=0,starved=[],stub=[],cols=[12 23 25 24 25 25 25 24],brands=[0 27 29 26 29 29 30 30],agentMs=[13 35 29 36 17 12 27 16],agentQ=[24 54 48 34 30 24 34 28],cacheHits=19,cacheMisses=285,combos=2801,masterDeadline=1,colGenMs=473,searchMs=2054,totalMs=2576
day=10,dailyDelta=31,servDelta=79,cum=32/314/783,cgDeadline=0,starved=[],stub=[],cols=[12 22 24 25 25 24 24 25],brands=[0 27 28 31 27 30 22 28],agentMs=[13 44 26 19 14 27 25 50],agentQ=[24 54 42 24 24 42 48 36],cacheHits=19,cacheMisses=303,combos=2504,masterDeadline=1,colGenMs=513,searchMs=2055,totalMs=2095
probe_result,fixture=syn-colgen-208-balanced-seed-6100002,spots=32,daySteps=200,brandMode=distinct,players=4,score=32/314/783,starvedDays=0,stubDays=0
probe_begin,fixture=syn-colgen-208-threshold-corridor-seed-6100004,family=threshold-corridor,spots=24,daySteps=100,brandMode=mod6,players=2,fuel=300,budgetMs=3375
day=1,dailyDelta=6,servDelta=51,cum=6/6/51,cgDeadline=0,starved=[],stub=[],cols=[12 25 23 25 22 24 26 26],brands=[0 6 6 6 6 6 6 6],agentMs=[9 50 56 36 27 17 37 25],agentQ=[24 54 52 30 34 24 24 24],cacheHits=19,cacheMisses=275,combos=2604,masterDeadline=1,colGenMs=578,searchMs=2007,totalMs=3013
day=2,dailyDelta=6,servDelta=52,cum=6/12/103,cgDeadline=0,starved=[],stub=[],cols=[12 14 24 23 22 20 22 23],brands=[0 6 6 6 6 6 6 6],agentMs=[10 37 21 24 18 19 17 24],agentQ=[24 54 34 52 24 24 24 30],cacheHits=23,cacheMisses=292,combos=3512,masterDeadline=1,colGenMs=382,searchMs=2038,totalMs=2976
day=3,dailyDelta=6,servDelta=50,cum=6/18/153,cgDeadline=0,starved=[],stub=[],cols=[12 22 23 22 21 19 21 23],brands=[0 6 6 6 6 6 6 6],agentMs=[10 20 23 17 14 10 15 16],agentQ=[24 54 54 36 34 24 34 34],cacheHits=10,cacheMisses=324,combos=3673,masterDeadline=1,colGenMs=322,searchMs=2052,totalMs=3013
day=4,dailyDelta=6,servDelta=49,cum=6/24/202,cgDeadline=0,starved=[],stub=[],cols=[12 23 20 24 22 18 22 23],brands=[0 6 6 6 6 6 6 6],agentMs=[11 22 18 10 15 16 13 9],agentQ=[24 54 42 24 42 42 34 24],cacheHits=19,cacheMisses=295,combos=3890,masterDeadline=1,colGenMs=206,searchMs=2048,totalMs=2971
day=5,dailyDelta=6,servDelta=51,cum=6/30/253,cgDeadline=0,starved=[],stub=[],cols=[12 24 22 25 21 25 17 23],brands=[0 6 6 6 6 6 6 6],agentMs=[12 20 17 0 14 9 11 19],agentQ=[24 54 48 24 36 24 26 48],cacheHits=43,cacheMisses=269,combos=3890,masterDeadline=1,colGenMs=230,searchMs=2054,totalMs=2847
day=6,dailyDelta=6,servDelta=48,cum=6/36/301,cgDeadline=0,starved=[],stub=[],cols=[12 22 22 23 22 25 18 24],brands=[0 6 6 6 6 6 6 6],agentMs=[11 24 16 0 17 10 16 18],agentQ=[24 54 42 24 42 26 42 48],cacheHits=43,cacheMisses=287,combos=4006,masterDeadline=1,colGenMs=221,searchMs=2054,totalMs=2874
day=7,dailyDelta=6,servDelta=50,cum=6/42/351,cgDeadline=0,starved=[],stub=[],cols=[12 22 22 22 22 23 22 15],brands=[0 6 6 6 6 6 6 6],agentMs=[11 25 19 14 17 21 9 11],agentQ=[24 54 42 34 42 48 24 26],cacheHits=4,cacheMisses=335,combos=3611,masterDeadline=1,colGenMs=364,searchMs=2051,totalMs=2769
day=8,dailyDelta=6,servDelta=50,cum=6/48/401,cgDeadline=0,starved=[],stub=[],cols=[12 21 22 22 24 24 21 23],brands=[0 6 6 6 6 6 6 6],agentMs=[11 20 19 9 11 18 15 15],agentQ=[24 54 48 24 28 52 36 34],cacheHits=19,cacheMisses=309,combos=3857,masterDeadline=1,colGenMs=237,searchMs=2050,totalMs=2701
day=9,dailyDelta=6,servDelta=53,cum=6/54/454,cgDeadline=0,starved=[],stub=[],cols=[12 22 24 22 23 15 22 24],brands=[0 6 6 6 6 6 6 6],agentMs=[11 23 16 0 20 16 12 9],agentQ=[24 54 42 24 54 40 30 24],cacheHits=45,cacheMisses=292,combos=3961,masterDeadline=1,colGenMs=241,searchMs=2057,totalMs=2512
day=10,dailyDelta=6,servDelta=50,cum=6/60/504,cgDeadline=0,starved=[],stub=[],cols=[12 24 23 25 23 23 25 23],brands=[0 6 6 6 6 6 6 6],agentMs=[11 22 15 10 17 10 0 0],agentQ=[24 54 34 24 48 24 24 24],cacheHits=69,cacheMisses=215,combos=3897,masterDeadline=1,colGenMs=210,searchMs=2059,totalMs=2093
probe_result,fixture=syn-colgen-208-threshold-corridor-seed-6100004,spots=24,daySteps=100,brandMode=mod6,players=2,score=6/60/504,starvedDays=0,stubDays=0
probe_begin,fixture=syn-colgen-208-threshold-corridor-seed-6100004,family=threshold-corridor,spots=24,daySteps=100,brandMode=mod6,players=4,fuel=300,budgetMs=3375
day=1,dailyDelta=6,servDelta=51,cum=6/6/51,cgDeadline=0,starved=[],stub=[],cols=[12 25 23 25 22 24 26 26],brands=[0 6 6 6 6 6 6 6],agentMs=[9 49 61 37 28 19 39 28],agentQ=[24 54 52 30 34 24 24 24],cacheHits=19,cacheMisses=275,combos=2604,masterDeadline=1,colGenMs=600,searchMs=2020,totalMs=2816
day=2,dailyDelta=6,servDelta=53,cum=6/12/104,cgDeadline=0,starved=[],stub=[],cols=[12 14 24 23 20 20 22 23],brands=[0 6 6 6 6 6 6 6],agentMs=[10 34 22 26 23 19 16 24],agentQ=[24 54 34 52 24 24 24 30],cacheHits=23,cacheMisses=292,combos=3534,masterDeadline=1,colGenMs=387,searchMs=2037,totalMs=2810
day=3,dailyDelta=6,servDelta=48,cum=6/18/152,cgDeadline=0,starved=[],stub=[],cols=[12 18 23 22 22 24 22 23],brands=[0 6 6 6 6 6 6 6],agentMs=[10 21 21 15 9 11 15 16],agentQ=[24 54 52 32 24 26 34 34],cacheHits=25,cacheMisses=296,combos=3956,masterDeadline=1,colGenMs=220,searchMs=2049,totalMs=2942
day=4,dailyDelta=6,servDelta=47,cum=6/24/199,cgDeadline=0,starved=[],stub=[],cols=[12 21 19 22 22 22 22 22],brands=[0 6 6 6 6 6 6 6],agentMs=[12 21 19 19 9 16 13 9],agentQ=[24 54 42 48 24 36 34 24],cacheHits=19,cacheMisses=295,combos=4022,masterDeadline=1,colGenMs=211,searchMs=2057,totalMs=2757
day=5,dailyDelta=6,servDelta=48,cum=6/30/247,cgDeadline=0,starved=[],stub=[],cols=[12 21 22 23 22 22 24 21],brands=[0 6 6 6 6 6 6 6],agentMs=[12 24 17 12 17 8 12 10],agentQ=[24 54 42 36 48 24 34 24],cacheHits=19,cacheMisses=295,combos=3791,masterDeadline=1,colGenMs=246,searchMs=2052,totalMs=2704
day=6,dailyDelta=6,servDelta=50,cum=6/36/297,cgDeadline=0,starved=[],stub=[],cols=[12 21 22 23 23 22 22 22],brands=[0 6 6 6 6 6 6 6],agentMs=[11 21 20 17 17 0 12 13],agentQ=[24 54 52 38 42 24 28 34],cacheHits=37,cacheMisses=287,combos=3857,masterDeadline=1,colGenMs=247,searchMs=2051,totalMs=2748
day=7,dailyDelta=6,servDelta=50,cum=6/42/347,cgDeadline=0,starved=[],stub=[],cols=[12 21 22 22 24 22 22 22],brands=[0 6 6 6 6 6 6 6],agentMs=[12 22 20 15 20 0 15 14],agentQ=[24 54 42 36 52 24 38 34],cacheHits=43,cacheMisses=289,combos=3890,masterDeadline=1,colGenMs=246,searchMs=2055,totalMs=2684
day=8,dailyDelta=6,servDelta=54,cum=6/48/401,cgDeadline=0,starved=[],stub=[],cols=[12 22 24 24 17 24 25 22],brands=[0 6 6 6 6 6 6 6],agentMs=[12 24 19 18 13 0 9 15],agentQ=[24 54 48 48 28 24 24 34],cacheHits=45,cacheMisses=267,combos=3725,masterDeadline=1,colGenMs=248,searchMs=2053,totalMs=2749
day=9,dailyDelta=6,servDelta=52,cum=6/54/453,cgDeadline=0,starved=[],stub=[],cols=[12 23 21 23 22 22 23 22],brands=[0 6 6 6 6 6 6 6],agentMs=[11 23 14 10 14 16 10 10],agentQ=[24 54 34 24 34 42 24 24],cacheHits=19,cacheMisses=271,combos=3923,masterDeadline=1,colGenMs=212,searchMs=2053,totalMs=2465
day=10,dailyDelta=6,servDelta=48,cum=6/60/501,cgDeadline=0,starved=[],stub=[],cols=[12 21 22 22 23 23 22 22],brands=[0 6 6 6 6 6 6 6],agentMs=[11 21 22 7 15 14 0 0],agentQ=[24 54 52 24 38 36 24 24],cacheHits=69,cacheMisses=235,combos=4022,masterDeadline=1,colGenMs=193,searchMs=2056,totalMs=2087
probe_result,fixture=syn-colgen-208-threshold-corridor-seed-6100004,spots=24,daySteps=100,brandMode=mod6,players=4,score=6/60/501,starvedDays=0,stubDays=0
probe_begin,fixture=syn-colgen-208-threshold-corridor-seed-6100004,family=threshold-corridor,spots=24,daySteps=100,brandMode=distinct,players=2,fuel=300,budgetMs=3375
day=1,dailyDelta=24,servDelta=52,cum=24/24/52,cgDeadline=0,starved=[],stub=[],cols=[12 23 22 22 23 23 26 23],brands=[0 16 18 20 19 18 21 15],agentMs=[9 49 61 37 28 19 40 28],agentQ=[24 54 52 30 34 24 24 24],cacheHits=19,cacheMisses=275,combos=2472,masterDeadline=1,colGenMs=490,searchMs=2016,totalMs=3013
day=2,dailyDelta=24,servDelta=48,cum=24/48/100,cgDeadline=0,starved=[],stub=[],cols=[12 20 22 21 20 16 14 23],brands=[0 17 18 16 18 20 17 20],agentMs=[11 36 14 20 18 17 31 21],agentQ=[24 54 24 42 24 24 42 38],cacheHits=21,cacheMisses=296,combos=3395,masterDeadline=1,colGenMs=313,searchMs=2039,totalMs=3014
day=3,dailyDelta=23,servDelta=52,cum=24/71/152,cgDeadline=0,starved=[],stub=[],cols=[12 23 24 17 19 21 23 21],brands=[0 19 18 20 17 18 19 16],agentMs=[12 20 9 19 17 15 15 17],agentQ=[24 54 24 42 42 34 34 42],cacheHits=6,cacheMisses=334,combos=3612,masterDeadline=1,colGenMs=321,searchMs=2049,totalMs=2893
day=4,dailyDelta=24,servDelta=51,cum=24/95/203,cgDeadline=0,starved=[],stub=[],cols=[12 21 21 18 24 21 21 23],brands=[0 19 19 18 18 22 19 20],agentMs=[11 20 22 15 16 15 10 9],agentQ=[24 54 52 34 42 34 24 24],cacheHits=21,cacheMisses=302,combos=3867,masterDeadline=1,colGenMs=234,searchMs=2051,totalMs=2995
day=5,dailyDelta=24,servDelta=55,cum=24/119/258,cgDeadline=0,starved=[],stub=[],cols=[12 25 20 23 22 20 21 23],brands=[0 22 18 19 19 16 16 19],agentMs=[10 21 18 13 14 16 15 9],agentQ=[24 54 42 34 34 42 38 24],cacheHits=17,cacheMisses=304,combos=3857,masterDeadline=1,colGenMs=226,searchMs=2041,totalMs=2940
day=6,dailyDelta=24,servDelta=52,cum=24/143/310,cgDeadline=0,starved=[],stub=[],cols=[12 24 17 22 22 23 23 22],brands=[0 22 20 19 19 16 19 19],agentMs=[10 19 22 17 14 10 13 0],agentQ=[24 54 54 40 34 24 30 24],cacheHits=49,cacheMisses=294,combos=3960,masterDeadline=1,colGenMs=231,searchMs=2055,totalMs=2983
day=7,dailyDelta=24,servDelta=50,cum=24/167/360,cgDeadline=0,starved=[],stub=[],cols=[12 23 22 21 23 15 23 18],brands=[0 21 19 18 16 17 20 16],agentMs=[12 24 24 11 18 18 18 17],agentQ=[24 54 52 24 42 34 40 38],cacheHits=32,cacheMisses=319,combos=3758,masterDeadline=1,colGenMs=257,searchMs=2043,totalMs=2844
day=8,dailyDelta=23,servDelta=51,cum=24/190/411,cgDeadline=0,starved=[],stub=[],cols=[12 18 22 21 24 23 23 23],brands=[0 18 19 21 17 16 20 16],agentMs=[10 24 18 16 15 13 19 11],agentQ=[24 54 42 34 36 34 52 24],cacheHits=19,cacheMisses=310,combos=3863,masterDeadline=1,colGenMs=229,searchMs=2046,totalMs=2946
day=9,dailyDelta=23,servDelta=51,cum=24/213/462,cgDeadline=0,starved=[],stub=[],cols=[12 22 22 23 22 19 23 18],brands=[0 19 19 16 19 18 22 16],agentMs=[12 24 14 15 10 15 19 13],agentQ=[24 54 34 42 24 34 52 38],cacheHits=19,cacheMisses=311,combos=4088,masterDeadline=1,colGenMs=213,searchMs=2046,totalMs=2459
day=10,dailyDelta=24,servDelta=48,cum=24/237/510,cgDeadline=0,starved=[],stub=[],cols=[12 18 16 15 22 19 21 22],brands=[0 20 21 17 18 17 16 17],agentMs=[10 21 15 14 10 13 14 10],agentQ=[24 54 42 34 26 34 48 24],cacheHits=21,cacheMisses=310,combos=4121,masterDeadline=1,colGenMs=201,searchMs=2053,totalMs=2090
probe_result,fixture=syn-colgen-208-threshold-corridor-seed-6100004,spots=24,daySteps=100,brandMode=distinct,players=2,score=24/237/510,starvedDays=0,stubDays=0
probe_begin,fixture=syn-colgen-208-threshold-corridor-seed-6100004,family=threshold-corridor,spots=24,daySteps=100,brandMode=distinct,players=4,fuel=300,budgetMs=3375
day=1,dailyDelta=24,servDelta=52,cum=24/24/52,cgDeadline=0,starved=[],stub=[],cols=[12 23 22 22 23 23 26 23],brands=[0 16 18 20 19 18 21 15],agentMs=[9 48 60 36 27 19 40 28],agentQ=[24 54 52 30 34 24 24 24],cacheHits=19,cacheMisses=275,combos=3066,masterDeadline=1,colGenMs=465,searchMs=2029,totalMs=2938
day=2,dailyDelta=24,servDelta=48,cum=24/48/100,cgDeadline=0,starved=[],stub=[],cols=[12 18 22 21 22 22 16 23],brands=[0 17 17 16 19 16 20 20],agentMs=[11 42 20 23 21 30 35 28],agentQ=[24 54 24 42 24 34 42 38],cacheHits=19,cacheMisses=292,combos=3515,masterDeadline=1,colGenMs=353,searchMs=2028,totalMs=2760
day=3,dailyDelta=22,servDelta=45,cum=24/70/145,cgDeadline=0,starved=[],stub=[],cols=[12 21 21 25 22 18 15 21],brands=[0 16 19 18 19 16 17 19],agentMs=[13 24 15 10 14 16 14 14],agentQ=[24 54 34 24 34 42 42 34],cacheHits=19,cacheMisses=297,combos=3966,masterDeadline=1,colGenMs=209,searchMs=2048,totalMs=2894
day=4,dailyDelta=24,servDelta=53,cum=24/94/198,cgDeadline=0,starved=[],stub=[],cols=[12 20 22 21 21 23 23 23],brands=[0 19 17 17 19 16 19 20],agentMs=[10 23 13 19 14 16 11 9],agentQ=[24 54 34 52 34 42 24 24],cacheHits=20,cacheMisses=298,combos=3890,masterDeadline=1,colGenMs=227,searchMs=2050,totalMs=2783
day=5,dailyDelta=24,servDelta=51,cum=24/118/249,cgDeadline=0,starved=[],stub=[],cols=[12 21 23 22 23 21 22 23],brands=[0 19 16 16 19 19 19 19],agentMs=[10 22 13 19 13 10 15 10],agentQ=[24 54 34 48 34 24 38 24],cacheHits=21,cacheMisses=288,combos=3989,masterDeadline=1,colGenMs=224,searchMs=2045,totalMs=2759
day=6,dailyDelta=24,servDelta=54,cum=24/142/303,cgDeadline=0,starved=[],stub=[],cols=[12 23 18 23 22 21 25 21],brands=[0 19 16 20 19 19 18 20],agentMs=[10 20 15 12 15 10 8 15],agentQ=[24 54 42 34 42 26 24 34],cacheHits=21,cacheMisses=294,combos=3824,masterDeadline=1,colGenMs=236,searchMs=2051,totalMs=2673
day=7,dailyDelta=24,servDelta=50,cum=24/166/353,cgDeadline=0,starved=[],stub=[],cols=[12 23 23 21 22 21 18 23],brands=[0 20 16 17 19 19 18 16],agentMs=[10 22 19 19 14 16 15 16],agentQ=[24 54 42 50 34 34 34 42],cacheHits=21,cacheMisses=330,combos=3927,masterDeadline=1,colGenMs=232,searchMs=2047,totalMs=2793
day=8,dailyDelta=22,servDelta=53,cum=24/188/406,cgDeadline=0,starved=[],stub=[],cols=[12 22 19 21 20 24 21 19],brands=[0 17 16 16 19 16 18 18],agentMs=[10 22 18 16 12 12 13 15],agentQ=[24 54 48 42 28 34 34 34],cacheHits=19,cacheMisses=307,combos=3923,masterDeadline=1,colGenMs=221,searchMs=2047,totalMs=2575
day=9,dailyDelta=23,servDelta=46,cum=24/211/452,cgDeadline=0,starved=[],stub=[],cols=[12 22 20 19 22 19 23 25],brands=[0 19 14 12 19 18 16 18],agentMs=[10 22 13 10 12 16 12 9],agentQ=[24 54 34 63 34 34 34 24],cacheHits=22,cacheMisses=308,combos=4126,masterDeadline=1,colGenMs=197,searchMs=2050,totalMs=2412
day=10,dailyDelta=24,servDelta=45,cum=24/235/497,cgDeadline=0,starved=[],stub=[3],cols=[12 16 15 3 18 15 22 21],brands=[0 23 17 1 16 17 19 16],agentMs=[11 25 18 0 10 15 14 10],agentQ=[24 54 48 47 28 34 34 24],cacheHits=35,cacheMisses=310,combos=4265,masterDeadline=1,colGenMs=211,searchMs=2053,totalMs=2084
probe_result,fixture=syn-colgen-208-threshold-corridor-seed-6100004,spots=24,daySteps=100,brandMode=distinct,players=4,score=24/235/497,starvedDays=0,stubDays=1
probe_begin,fixture=syn-colgen-208-threshold-corridor-seed-6100004,family=threshold-corridor,spots=24,daySteps=200,brandMode=mod6,players=2,fuel=600,budgetMs=3375
day=1,dailyDelta=6,servDelta=69,cum=6/6/69,cgDeadline=0,starved=[],stub=[],cols=[12 25 26 26 26 26 26 26],brands=[0 6 6 6 6 6 6 6],agentMs=[10 71 71 40 39 26 49 36],agentQ=[24 54 52 30 34 24 24 24],cacheHits=19,cacheMisses=275,combos=1646,masterDeadline=1,colGenMs=767,searchMs=2017,totalMs=3014
day=2,dailyDelta=6,servDelta=77,cum=6/12/146,cgDeadline=0,starved=[],stub=[],cols=[12 25 25 25 25 25 25 24],brands=[0 6 6 6 6 6 6 6],agentMs=[16 32 27 25 17 0 0 16],agentQ=[24 54 52 48 32 24 24 24],cacheHits=67,cacheMisses=243,combos=2740,masterDeadline=1,colGenMs=340,searchMs=2061,totalMs=2982
day=3,dailyDelta=6,servDelta=80,cum=6/18/226,cgDeadline=0,starved=[],stub=[],cols=[12 16 25 25 25 25 25 25],brands=[0 6 6 6 6 6 6 6],agentMs=[12 26 11 26 11 0 11 12],agentQ=[24 54 24 52 24 24 24 24],cacheHits=45,cacheMisses=252,combos=2911,masterDeadline=1,colGenMs=337,searchMs=2052,totalMs=2924
day=4,dailyDelta=6,servDelta=78,cum=6/24/304,cgDeadline=0,starved=[],stub=[],cols=[12 24 25 25 25 25 24 25],brands=[0 6 6 6 6 6 6 6],agentMs=[13 26 11 12 0 0 25 21],agentQ=[24 54 24 24 24 24 52 42],cacheHits=69,cacheMisses=227,combos=2867,masterDeadline=1,colGenMs=300,searchMs=2062,totalMs=3013
day=5,dailyDelta=6,servDelta=74,cum=6/30/378,cgDeadline=0,starved=[],stub=[],cols=[12 25 25 25 25 25 25 25],brands=[0 6 6 6 6 6 6 6],agentMs=[13 26 11 11 0 0 25 11],agentQ=[24 54 24 24 24 24 52 24],cacheHits=69,cacheMisses=209,combos=3000,masterDeadline=1,colGenMs=279,searchMs=2062,totalMs=2827
day=6,dailyDelta=6,servDelta=77,cum=6/36/455,cgDeadline=0,starved=[],stub=[],cols=[12 25 25 25 25 25 24 25],brands=[0 6 6 6 6 6 6 6],agentMs=[12 28 20 11 11 0 15 13],agentQ=[24 54 42 24 26 24 34 34],cacheHits=43,cacheMisses=247,combos=2846,masterDeadline=1,colGenMs=309,searchMs=2056,totalMs=2949
day=7,dailyDelta=6,servDelta=71,cum=6/42/526,cgDeadline=0,starved=[],stub=[],cols=[12 25 25 25 25 25 25 17],brands=[0 6 6 6 6 6 6 6],agentMs=[14 24 0 0 0 0 26 11],agentQ=[24 54 24 24 24 24 52 24],cacheHits=115,cacheMisses=179,combos=3245,masterDeadline=1,colGenMs=257,searchMs=2063,totalMs=2721
day=8,dailyDelta=6,servDelta=80,cum=6/48/606,cgDeadline=0,starved=[],stub=[],cols=[12 25 25 25 25 25 25 25],brands=[0 6 6 6 6 6 6 6],agentMs=[12 25 0 15 0 17 25 16],agentQ=[24 54 24 34 24 34 52 34],cacheHits=69,cacheMisses=239,combos=2801,masterDeadline=1,colGenMs=317,searchMs=2052,totalMs=2701
day=9,dailyDelta=6,servDelta=77,cum=6/54/683,cgDeadline=0,starved=[],stub=[],cols=[12 25 25 23 23 25 25 16],brands=[0 6 6 6 6 6 6 6],agentMs=[14 26 0 22 0 11 16 20],agentQ=[24 54 24 48 24 24 34 42],cacheHits=71,cacheMisses=247,combos=2999,masterDeadline=1,colGenMs=303,searchMs=2063,totalMs=2476
day=10,dailyDelta=6,servDelta=77,cum=6/60/760,cgDeadline=0,starved=[],stub=[],cols=[12 17 17 25 24 17 25 25],brands=[0 6 6 6 6 6 6 6],agentMs=[11 25 0 10 22 0 15 11],agentQ=[24 54 24 24 48 24 34 24],cacheHits=71,cacheMisses=231,combos=3362,masterDeadline=1,colGenMs=296,searchMs=2059,totalMs=2094
probe_result,fixture=syn-colgen-208-threshold-corridor-seed-6100004,spots=24,daySteps=200,brandMode=mod6,players=2,score=6/60/760,starvedDays=0,stubDays=0
probe_begin,fixture=syn-colgen-208-threshold-corridor-seed-6100004,family=threshold-corridor,spots=24,daySteps=200,brandMode=mod6,players=4,fuel=600,budgetMs=3375
day=1,dailyDelta=6,servDelta=69,cum=6/6/69,cgDeadline=0,starved=[],stub=[],cols=[12 25 26 26 26 26 26 26],brands=[0 6 6 6 6 6 6 6],agentMs=[10 73 74 42 41 26 52 38],agentQ=[24 54 52 30 34 24 24 24],cacheHits=19,cacheMisses=275,combos=1548,masterDeadline=1,colGenMs=805,searchMs=2017,totalMs=2783
day=2,dailyDelta=6,servDelta=77,cum=6/12/146,cgDeadline=0,starved=[],stub=[],cols=[12 25 25 25 25 25 25 24],brands=[0 6 6 6 6 6 6 6],agentMs=[12 34 28 27 19 11 0 15],agentQ=[24 54 52 48 32 24 24 24],cacheHits=43,cacheMisses=267,combos=2570,masterDeadline=1,colGenMs=382,searchMs=2047,totalMs=2740
day=3,dailyDelta=6,servDelta=80,cum=6/18/226,cgDeadline=0,starved=[],stub=[],cols=[12 25 25 25 25 25 25 25],brands=[0 6 6 6 6 6 6 6],agentMs=[13 26 11 25 11 21 11 12],agentQ=[24 54 24 52 24 42 24 24],cacheHits=21,cacheMisses=275,combos=2735,masterDeadline=1,colGenMs=342,searchMs=2046,totalMs=2877
day=4,dailyDelta=6,servDelta=80,cum=6/24/306,cgDeadline=0,starved=[],stub=[],cols=[12 24 25 25 25 25 24 25],brands=[0 6 6 6 6 6 6 6],agentMs=[12 26 21 11 11 26 11 11],agentQ=[24 54 42 24 24 52 24 24],cacheHits=21,cacheMisses=275,combos=2749,masterDeadline=1,colGenMs=335,searchMs=2052,totalMs=2812
day=5,dailyDelta=6,servDelta=76,cum=6/30/382,cgDeadline=0,starved=[],stub=[],cols=[12 25 25 25 25 25 25 24],brands=[0 6 6 6 6 6 6 6],agentMs=[12 25 11 11 0 29 25 14],agentQ=[24 54 24 24 24 54 40 24],cacheHits=45,cacheMisses=251,combos=2840,masterDeadline=1,colGenMs=321,searchMs=2061,totalMs=2850
day=6,dailyDelta=6,servDelta=77,cum=6/36/459,cgDeadline=0,starved=[],stub=[],cols=[12 25 25 25 25 24 24 25],brands=[0 6 6 6 6 6 6 6],agentMs=[12 25 11 15 18 15 10 23],agentQ=[24 54 24 34 34 34 24 48],cacheHits=21,cacheMisses=283,combos=2868,masterDeadline=1,colGenMs=328,searchMs=2052,totalMs=2889
day=7,dailyDelta=6,servDelta=74,cum=6/42/533,cgDeadline=0,starved=[],stub=[],cols=[12 25 25 25 25 25 25 25],brands=[0 6 6 6 6 6 6 6],agentMs=[12 25 0 0 0 26 0 16],agentQ=[24 54 24 24 24 52 24 34],cacheHits=117,cacheMisses=171,combos=3000,masterDeadline=1,colGenMs=272,searchMs=2059,totalMs=2929
day=8,dailyDelta=6,servDelta=78,cum=6/48/611,cgDeadline=0,starved=[],stub=[],cols=[12 25 25 25 25 25 24 17],brands=[0 6 6 6 6 6 6 6],agentMs=[12 22 0 10 15 23 15 10],agentQ=[24 54 24 24 34 52 34 24],cacheHits=47,cacheMisses=267,combos=2975,masterDeadline=1,colGenMs=325,searchMs=2057,totalMs=2623
day=9,dailyDelta=6,servDelta=76,cum=6/54/687,cgDeadline=0,starved=[],stub=[],cols=[12 25 25 25 25 25 24 25],brands=[0 6 6 6 6 6 6 6],agentMs=[12 25 0 0 0 25 11 16],agentQ=[24 54 24 24 24 52 24 34],cacheHits=93,cacheMisses=195,combos=2907,masterDeadline=1,colGenMs=277,searchMs=2057,totalMs=2444
day=10,dailyDelta=6,servDelta=77,cum=6/60/764,cgDeadline=0,starved=[],stub=[],cols=[12 24 25 24 25 16 25 25],brands=[0 6 6 6 6 6 6 6],agentMs=[11 25 17 21 0 25 11 11],agentQ=[24 54 34 42 24 52 24 24],cacheHits=47,cacheMisses=275,combos=2933,masterDeadline=1,colGenMs=319,searchMs=2058,totalMs=2095
probe_result,fixture=syn-colgen-208-threshold-corridor-seed-6100004,spots=24,daySteps=200,brandMode=mod6,players=4,score=6/60/764,starvedDays=0,stubDays=0
probe_begin,fixture=syn-colgen-208-threshold-corridor-seed-6100004,family=threshold-corridor,spots=24,daySteps=200,brandMode=distinct,players=2,fuel=600,budgetMs=3375
day=1,dailyDelta=24,servDelta=72,cum=24/24/72,cgDeadline=0,starved=[],stub=[],cols=[12 25 25 25 24 25 26 25],brands=[0 24 22 24 23 23 24 24],agentMs=[10 72 68 39 39 26 50 37],agentQ=[24 54 52 30 34 24 24 24],cacheHits=19,cacheMisses=275,combos=1888,masterDeadline=1,colGenMs=652,searchMs=2014,totalMs=3013
day=2,dailyDelta=24,servDelta=78,cum=24/48/150,cgDeadline=0,starved=[],stub=[],cols=[12 24 24 25 25 24 25 24],brands=[0 24 23 23 23 23 23 24],agentMs=[17 36 22 36 40 30 23 13],agentQ=[24 54 34 42 48 38 34 24],cacheHits=19,cacheMisses=307,combos=2366,masterDeadline=1,colGenMs=476,searchMs=2047,totalMs=3013
day=3,dailyDelta=24,servDelta=78,cum=24/72/228,cgDeadline=0,starved=[],stub=[],cols=[12 25 25 25 25 24 25 25],brands=[0 24 22 24 23 23 23 23],agentMs=[14 26 21 11 21 25 0 11],agentQ=[24 54 42 24 42 52 24 24],cacheHits=30,cacheMisses=284,combos=2869,masterDeadline=1,colGenMs=295,searchMs=2048,totalMs=3013
day=4,dailyDelta=24,servDelta=80,cum=24/96/308,cgDeadline=0,starved=[],stub=[],cols=[12 25 25 24 25 16 25 25],brands=[0 23 23 24 24 23 23 23],agentMs=[13 26 11 25 19 23 11 13],agentQ=[24 54 24 52 40 48 24 28],cacheHits=23,cacheMisses=316,combos=2854,masterDeadline=1,colGenMs=313,searchMs=2052,totalMs=2862
day=5,dailyDelta=23,servDelta=78,cum=24/119/386,cgDeadline=0,starved=[],stub=[],cols=[12 25 25 25 25 25 25 25],brands=[0 23 23 23 23 23 23 23],agentMs=[12 25 20 22 16 16 0 17],agentQ=[24 54 42 48 34 34 24 34],cacheHits=30,cacheMisses=292,combos=2662,masterDeadline=1,colGenMs=419,searchMs=2050,totalMs=2867
day=6,dailyDelta=23,servDelta=77,cum=24/142/463,cgDeadline=0,starved=[],stub=[],cols=[12 25 25 25 25 25 25 25],brands=[0 23 23 23 23 23 23 23],agentMs=[14 31 23 11 0 10 11 10],agentQ=[24 54 54 24 24 24 24 24],cacheHits=43,cacheMisses=237,combos=3032,masterDeadline=1,colGenMs=268,searchMs=2064,totalMs=2756
day=7,dailyDelta=24,servDelta=77,cum=24/166/540,cgDeadline=0,starved=[],stub=[],cols=[12 25 25 25 25 17 25 25],brands=[0 23 23 24 23 23 24 24],agentMs=[12 25 25 18 16 16 11 0],agentQ=[24 54 52 38 34 34 24 24],cacheHits=45,cacheMisses=284,combos=3001,masterDeadline=1,colGenMs=282,searchMs=2059,totalMs=2915
day=8,dailyDelta=24,servDelta=77,cum=24/190/617,cgDeadline=0,starved=[],stub=[],cols=[12 25 25 21 25 25 25 25],brands=[0 23 24 20 23 24 24 24],agentMs=[12 26 25 22 17 16 0 0],agentQ=[24 54 54 46 34 34 24 24],cacheHits=67,cacheMisses=255,combos=2928,masterDeadline=1,colGenMs=281,searchMs=2061,totalMs=2817
day=9,dailyDelta=24,servDelta=81,cum=24/214/698,cgDeadline=0,starved=[],stub=[],cols=[12 24 23 25 25 24 25 25],brands=[0 23 21 24 24 24 23 23],agentMs=[12 25 20 15 23 11 16 21],agentQ=[24 54 42 34 48 24 34 42],cacheHits=6,cacheMisses=324,combos=2614,masterDeadline=1,colGenMs=433,searchMs=2050,totalMs=2566
day=10,dailyDelta=24,servDelta=79,cum=24/238/777,cgDeadline=0,starved=[],stub=[],cols=[12 21 25 25 25 25 25 25],brands=[0 23 23 23 23 23 23 24],agentMs=[12 24 22 10 21 12 0 15],agentQ=[24 54 52 24 48 28 24 34],cacheHits=43,cacheMisses=273,combos=3053,masterDeadline=1,colGenMs=280,searchMs=2061,totalMs=2093
probe_result,fixture=syn-colgen-208-threshold-corridor-seed-6100004,spots=24,daySteps=200,brandMode=distinct,players=2,score=24/238/777,starvedDays=0,stubDays=0
probe_begin,fixture=syn-colgen-208-threshold-corridor-seed-6100004,family=threshold-corridor,spots=24,daySteps=200,brandMode=distinct,players=4,fuel=600,budgetMs=3375
day=1,dailyDelta=24,servDelta=72,cum=24/24/72,cgDeadline=0,starved=[],stub=[],cols=[12 25 25 25 24 25 26 25],brands=[0 24 22 24 23 23 24 24],agentMs=[10 72 72 41 40 26 51 36],agentQ=[24 54 52 30 34 24 24 24],cacheHits=19,cacheMisses=275,combos=1928,masterDeadline=1,colGenMs=648,searchMs=2015,totalMs=2881
day=2,dailyDelta=24,servDelta=78,cum=24/48/150,cgDeadline=0,starved=[],stub=[],cols=[12 24 24 25 25 24 25 24],brands=[0 24 23 23 23 23 23 24],agentMs=[12 37 21 34 38 27 23 14],agentQ=[24 54 34 42 48 38 34 24],cacheHits=19,cacheMisses=307,combos=2410,masterDeadline=1,colGenMs=461,searchMs=2046,totalMs=2834
day=3,dailyDelta=24,servDelta=78,cum=24/72/228,cgDeadline=0,starved=[],stub=[],cols=[12 25 25 25 25 24 25 25],brands=[0 24 22 24 23 23 23 23],agentMs=[12 25 20 11 20 25 11 11],agentQ=[24 54 42 24 42 52 24 24],cacheHits=19,cacheMisses=295,combos=2935,masterDeadline=1,colGenMs=294,searchMs=2049,totalMs=2930
day=4,dailyDelta=24,servDelta=78,cum=24/96/306,cgDeadline=0,starved=[],stub=[],cols=[12 25 25 24 25 25 25 25],brands=[0 23 23 24 24 23 23 23],agentMs=[14 22 10 23 18 22 11 13],agentQ=[24 54 24 52 40 48 24 28],cacheHits=21,cacheMisses=301,combos=2957,masterDeadline=1,colGenMs=295,searchMs=2058,totalMs=2780
day=5,dailyDelta=23,servDelta=79,cum=24/119/385,cgDeadline=0,starved=[],stub=[],cols=[12 25 25 25 25 25 25 25],brands=[0 23 23 23 23 23 23 23],agentMs=[12 26 16 23 23 11 11 0],agentQ=[24 54 34 48 48 24 24 24],cacheHits=43,cacheMisses=265,combos=3012,masterDeadline=1,colGenMs=285,searchMs=2056,totalMs=2901
day=6,dailyDelta=24,servDelta=79,cum=24/143/464,cgDeadline=0,starved=[],stub=[],cols=[12 25 25 25 25 25 25 25],brands=[0 23 24 23 23 23 23 24],agentMs=[12 26 25 11 22 16 12 11],agentQ=[24 54 52 24 42 34 24 24],cacheHits=21,cacheMisses=285,combos=2933,masterDeadline=1,colGenMs=311,searchMs=2053,totalMs=2780
day=7,dailyDelta=24,servDelta=77,cum=24/167/541,cgDeadline=0,starved=[],stub=[],cols=[12 25 25 25 25 25 25 25],brands=[0 23 24 23 23 23 23 23],agentMs=[12 26 23 15 22 12 17 0],agentQ=[24 54 48 36 50 24 34 24],cacheHits=43,cacheMisses=279,combos=2962,masterDeadline=1,colGenMs=294,searchMs=2054,totalMs=2924
day=8,dailyDelta=24,servDelta=76,cum=24/191/617,cgDeadline=0,starved=[],stub=[],cols=[12 25 24 25 25 25 25 25],brands=[0 24 23 24 23 24 24 24],agentMs=[12 24 22 19 23 11 10 0],agentQ=[24 54 48 42 48 24 24 24],cacheHits=45,cacheMisses=271,combos=2937,masterDeadline=1,colGenMs=276,searchMs=2058,totalMs=2585
day=9,dailyDelta=24,servDelta=79,cum=24/215/696,cgDeadline=0,starved=[],stub=[],cols=[12 21 25 24 24 24 25 24],brands=[0 22 23 24 23 23 23 24],agentMs=[13 25 18 21 16 0 19 0],agentQ=[24 54 42 50 38 24 42 24],cacheHits=67,cacheMisses=259,combos=2913,masterDeadline=1,colGenMs=270,searchMs=2056,totalMs=2520
day=10,dailyDelta=24,servDelta=78,cum=24/239/774,cgDeadline=0,starved=[],stub=[],cols=[12 25 25 25 25 24 25 21],brands=[0 24 23 23 23 23 23 21],agentMs=[12 25 24 22 13 11 11 18],agentQ=[24 54 52 48 30 24 24 38],cacheHits=19,cacheMisses=303,combos=2910,masterDeadline=1,colGenMs=301,searchMs=2058,totalMs=2095
probe_result,fixture=syn-colgen-208-threshold-corridor-seed-6100004,spots=24,daySteps=200,brandMode=distinct,players=4,score=24/239/774,starvedDays=0,stubDays=0
probe_begin,fixture=syn-colgen-208-threshold-corridor-seed-6100004,family=threshold-corridor,spots=30,daySteps=100,brandMode=mod6,players=2,fuel=300,budgetMs=3375
day=1,dailyDelta=6,servDelta=57,cum=6/6/57,cgDeadline=0,starved=[],stub=[],cols=[12 24 24 20 25 24 26 24],brands=[0 6 6 6 6 6 6 6],agentMs=[9 58 61 42 31 25 46 30],agentQ=[24 54 52 38 44 28 34 24],cacheHits=19,cacheMisses=307,combos=2606,masterDeadline=1,colGenMs=650,searchMs=2028,totalMs=2848
day=2,dailyDelta=6,servDelta=72,cum=6/12/129,cgDeadline=0,starved=[],stub=[],cols=[12 24 25 25 25 25 24 24],brands=[0 6 6 6 6 6 6 6],agentMs=[15 34 30 18 21 12 19 17],agentQ=[24 54 42 34 42 24 34 24],cacheHits=19,cacheMisses=287,combos=3370,masterDeadline=1,colGenMs=433,searchMs=2059,totalMs=2771
day=3,dailyDelta=6,servDelta=64,cum=6/18/193,cgDeadline=0,starved=[],stub=[],cols=[12 25 20 22 25 25 24 24],brands=[0 6 6 6 6 6 6 6],agentMs=[11 20 24 14 8 0 8 14],agentQ=[24 54 52 34 24 24 24 42],cacheHits=43,cacheMisses=264,combos=3824,masterDeadline=1,colGenMs=248,searchMs=2059,totalMs=2826
day=4,dailyDelta=6,servDelta=73,cum=6/24/266,cgDeadline=0,starved=[],stub=[],cols=[12 25 24 25 25 25 25 25],brands=[0 6 6 6 6 6 6 6],agentMs=[11 20 17 0 9 0 13 9],agentQ=[24 54 42 24 24 24 34 24],cacheHits=69,cacheMisses=209,combos=3880,masterDeadline=1,colGenMs=248,searchMs=2068,totalMs=2737
day=5,dailyDelta=6,servDelta=71,cum=6/30/337,cgDeadline=0,starved=[],stub=[],cols=[12 24 25 25 25 25 23 24],brands=[0 6 6 6 6 6 6 6],agentMs=[11 21 20 10 9 0 12 20],agentQ=[24 54 54 24 24 24 34 48],cacheHits=30,cacheMisses=308,combos=3660,masterDeadline=1,colGenMs=293,searchMs=2062,totalMs=2725
day=6,dailyDelta=6,servDelta=70,cum=6/36/407,cgDeadline=0,starved=[],stub=[],cols=[12 17 25 17 17 17 24 25],brands=[0 6 6 6 6 6 6 6],agentMs=[11 21 12 0 0 0 22 18],agentQ=[24 54 34 24 24 24 52 48],cacheHits=95,cacheMisses=235,combos=4286,masterDeadline=1,colGenMs=276,searchMs=2059,totalMs=2761
day=7,dailyDelta=6,servDelta=67,cum=6/42/474,cgDeadline=0,starved=[],stub=[],cols=[12 23 23 24 25 24 16 16],brands=[0 6 6 6 6 6 6 6],agentMs=[10 25 15 0 17 18 16 0],agentQ=[24 54 42 24 54 46 42 24],cacheHits=69,cacheMisses=288,combos=3989,masterDeadline=1,colGenMs=274,searchMs=2055,totalMs=2687
day=8,dailyDelta=6,servDelta=70,cum=6/48/544,cgDeadline=0,starved=[],stub=[],cols=[12 16 24 16 16 24 23 23],brands=[0 6 6 6 6 6 6 6],agentMs=[10 21 9 0 0 18 20 0],agentQ=[24 54 24 24 24 52 54 24],cacheHits=95,cacheMisses=233,combos=4189,masterDeadline=1,colGenMs=250,searchMs=2061,totalMs=2665
day=9,dailyDelta=6,servDelta=69,cum=6/54/613,cgDeadline=0,starved=[],stub=[],cols=[12 24 24 24 23 25 25 25],brands=[0 6 6 6 6 6 6 6],agentMs=[11 20 19 0 0 20 9 9],agentQ=[24 54 54 24 24 52 24 24],cacheHits=69,cacheMisses=257,combos=3925,masterDeadline=1,colGenMs=236,searchMs=2063,totalMs=2407
day=10,dailyDelta=6,servDelta=68,cum=6/60/681,cgDeadline=0,starved=[],stub=[],cols=[12 25 16 25 25 23 25 25],brands=[0 6 6 6 6 6 6 6],agentMs=[11 24 10 13 0 21 17 0],agentQ=[24 54 24 34 24 54 40 24],cacheHits=69,cacheMisses=253,combos=3956,masterDeadline=1,colGenMs=273,searchMs=2057,totalMs=2087
probe_result,fixture=syn-colgen-208-threshold-corridor-seed-6100004,spots=30,daySteps=100,brandMode=mod6,players=2,score=6/60/681,starvedDays=0,stubDays=0
probe_begin,fixture=syn-colgen-208-threshold-corridor-seed-6100004,family=threshold-corridor,spots=30,daySteps=100,brandMode=mod6,players=4,fuel=300,budgetMs=3375
day=1,dailyDelta=6,servDelta=57,cum=6/6/57,cgDeadline=0,starved=[],stub=[],cols=[12 24 24 20 25 24 26 24],brands=[0 6 6 6 6 6 6 6],agentMs=[9 57 63 36 28 22 45 30],agentQ=[24 54 52 38 44 28 34 24],cacheHits=19,cacheMisses=307,combos=2507,masterDeadline=1,colGenMs=650,searchMs=2028,totalMs=2781
day=2,dailyDelta=6,servDelta=73,cum=6/12/130,cgDeadline=0,starved=[],stub=[],cols=[12 24 25 23 25 25 24 24],brands=[0 6 6 6 6 6 6 6],agentMs=[12 32 27 18 21 16 19 17],agentQ=[24 54 42 34 42 24 34 24],cacheHits=19,cacheMisses=287,combos=3302,masterDeadline=1,colGenMs=423,searchMs=2048,totalMs=2728
day=3,dailyDelta=6,servDelta=64,cum=6/18/194,cgDeadline=0,starved=[],stub=[],cols=[12 25 20 22 25 25 24 24],brands=[0 6 6 6 6 6 6 6],agentMs=[12 21 25 16 9 0 10 17],agentQ=[24 54 52 34 24 24 24 42],cacheHits=43,cacheMisses=264,combos=3824,masterDeadline=1,colGenMs=254,searchMs=2058,totalMs=2744
day=4,dailyDelta=6,servDelta=73,cum=6/24/267,cgDeadline=0,starved=[],stub=[],cols=[12 25 24 25 25 25 25 25],brands=[0 6 6 6 6 6 6 6],agentMs=[11 21 16 0 9 0 12 0],agentQ=[24 54 42 24 24 24 34 24],cacheHits=93,cacheMisses=185,combos=3902,masterDeadline=1,colGenMs=245,searchMs=2070,totalMs=2667
day=5,dailyDelta=6,servDelta=71,cum=6/30/338,cgDeadline=0,starved=[],stub=[],cols=[12 24 25 25 25 25 23 24],brands=[0 6 6 6 6 6 6 6],agentMs=[11 22 20 9 9 0 13 20],agentQ=[24 54 54 24 24 24 34 48],cacheHits=43,cacheMisses=295,combos=3534,masterDeadline=1,colGenMs=256,searchMs=2049,totalMs=2773
day=6,dailyDelta=6,servDelta=69,cum=6/36/407,cgDeadline=0,starved=[],stub=[],cols=[12 25 25 25 25 25 24 25],brands=[0 6 6 6 6 6 6 6],agentMs=[11 21 14 0 0 0 24 18],agentQ=[24 54 34 24 24 24 52 48],cacheHits=93,cacheMisses=219,combos=3696,masterDeadline=1,colGenMs=265,searchMs=2058,totalMs=2666
day=7,dailyDelta=6,servDelta=67,cum=6/42/474,cgDeadline=0,starved=[],stub=[],cols=[12 23 23 24 24 25 25 24],brands=[0 6 6 6 6 6 6 6],agentMs=[14 28 21 18 16 9 16 10],agentQ=[24 54 54 42 42 24 42 24],cacheHits=19,cacheMisses=317,combos=3606,masterDeadline=1,colGenMs=323,searchMs=2054,totalMs=2660
day=8,dailyDelta=6,servDelta=70,cum=6/48/544,cgDeadline=0,starved=[],stub=[],cols=[12 23 17 25 25 17 24 24],brands=[0 6 6 6 6 6 6 6],agentMs=[11 25 10 13 17 0 20 10],agentQ=[24 54 24 34 48 24 54 28],cacheHits=45,cacheMisses=290,combos=3857,masterDeadline=1,colGenMs=304,searchMs=2060,totalMs=2581
day=9,dailyDelta=6,servDelta=62,cum=6/54/606,cgDeadline=0,starved=[],stub=[],cols=[12 23 20 24 25 20 17 23],brands=[0 6 6 6 6 6 6 6],agentMs=[12 21 20 10 21 0 14 10],agentQ=[24 54 42 24 52 24 34 24],cacheHits=45,cacheMisses=286,combos=3799,masterDeadline=1,colGenMs=294,searchMs=2059,totalMs=2381
day=10,dailyDelta=6,servDelta=69,cum=6/60/675,cgDeadline=0,starved=[],stub=[],cols=[12 17 23 17 23 23 20 25],brands=[0 6 6 6 6 6 6 6],agentMs=[10 21 17 0 17 0 21 8],agentQ=[24 54 42 24 48 24 42 24],cacheHits=71,cacheMisses=258,combos=3817,masterDeadline=1,colGenMs=294,searchMs=2057,totalMs=2087
probe_result,fixture=syn-colgen-208-threshold-corridor-seed-6100004,spots=30,daySteps=100,brandMode=mod6,players=4,score=6/60/675,starvedDays=0,stubDays=0
probe_begin,fixture=syn-colgen-208-threshold-corridor-seed-6100004,family=threshold-corridor,spots=30,daySteps=100,brandMode=distinct,players=2,fuel=300,budgetMs=3375
day=1,dailyDelta=27,servDelta=53,cum=27/27/53,cgDeadline=0,starved=[],stub=[],cols=[12 21 23 19 24 24 23 22],brands=[0 20 23 20 24 24 21 18],agentMs=[10 62 61 42 31 26 47 32],agentQ=[24 54 52 38 44 28 34 24],cacheHits=19,cacheMisses=307,combos=2639,masterDeadline=1,colGenMs=566,searchMs=2030,totalMs=2988
day=2,dailyDelta=27,servDelta=46,cum=30/54/99,cgDeadline=0,starved=[],stub=[],cols=[12 19 15 18 17 22 25 19],brands=[0 20 18 18 19 19 23 20],agentMs=[11 33 34 31 19 20 24 0],agentQ=[24 54 48 48 28 28 28 24],cacheHits=43,cacheMisses=267,combos=3461,masterDeadline=1,colGenMs=338,searchMs=2042,totalMs=2966
day=3,dailyDelta=29,servDelta=73,cum=30/83/172,cgDeadline=0,starved=[],stub=[],cols=[12 23 23 24 24 25 24 23],brands=[0 24 16 20 24 22 28 20],agentMs=[10 21 24 16 10 9 9 16],agentQ=[24 54 54 52 30 24 24 40],cacheHits=11,cacheMisses=319,combos=3824,masterDeadline=1,colGenMs=258,searchMs=2056,totalMs=2837
day=4,dailyDelta=29,servDelta=71,cum=30/112/243,cgDeadline=0,starved=[],stub=[],cols=[12 23 24 23 24 23 23 23],brands=[0 22 29 23 19 24 21 24],agentMs=[11 19 19 10 21 16 14 9],agentQ=[24 54 48 24 54 40 30 24],cacheHits=19,cacheMisses=310,combos=3863,masterDeadline=1,colGenMs=263,searchMs=2052,totalMs=2990
day=5,dailyDelta=29,servDelta=69,cum=30/141/312,cgDeadline=0,starved=[],stub=[],cols=[12 22 23 25 24 22 23 25],brands=[0 24 16 18 28 22 23 19],agentMs=[11 22 22 19 15 15 13 7],agentQ=[24 54 52 52 38 36 42 24],cacheHits=19,cacheMisses=331,combos=3923,masterDeadline=1,colGenMs=252,searchMs=2059,totalMs=2781
day=6,dailyDelta=29,servDelta=67,cum=30/170/379,cgDeadline=0,starved=[],stub=[],cols=[12 22 24 16 23 23 24 25],brands=[0 21 29 27 16 24 20 29],agentMs=[10 23 20 13 18 15 17 11],agentQ=[24 54 52 34 42 36 48 26],cacheHits=21,cacheMisses=341,combos=3791,masterDeadline=1,colGenMs=271,searchMs=2052,totalMs=2707
day=7,dailyDelta=28,servDelta=64,cum=30/198/443,cgDeadline=0,starved=[],stub=[],cols=[12 16 24 23 23 21 23 22],brands=[0 29 19 23 24 21 23 22],agentMs=[10 22 21 19 13 19 13 15],agentQ=[24 54 54 52 34 40 30 38],cacheHits=25,cacheMisses=355,combos=3791,masterDeadline=1,colGenMs=276,searchMs=2049,totalMs=2604
day=8,dailyDelta=29,servDelta=62,cum=30/227/505,cgDeadline=0,starved=[],stub=[],cols=[12 24 24 23 23 22 21 25],brands=[0 18 29 23 21 22 20 19],agentMs=[11 22 22 10 13 15 13 16],agentQ=[24 54 54 24 32 38 28 48],cacheHits=19,cacheMisses=313,combos=3890,masterDeadline=1,colGenMs=255,searchMs=2056,totalMs=2635
day=9,dailyDelta=29,servDelta=67,cum=30/256/572,cgDeadline=0,starved=[],stub=[],cols=[12 22 24 24 24 25 25 22],brands=[0 25 20 20 29 19 19 25],agentMs=[11 21 21 10 16 16 18 12],agentQ=[24 54 48 24 42 48 48 28],cacheHits=19,cacheMisses=325,combos=3824,masterDeadline=1,colGenMs=271,searchMs=2048,totalMs=2493
day=10,dailyDelta=29,servDelta=66,cum=30/285/638,cgDeadline=0,starved=[],stub=[],cols=[12 23 23 24 22 21 24 23],brands=[0 22 24 19 18 22 24 26],agentMs=[11 18 20 19 14 10 13 9],agentQ=[24 54 52 52 32 24 38 24],cacheHits=19,cacheMisses=309,combos=3956,masterDeadline=1,colGenMs=264,searchMs=2054,totalMs=2087
probe_result,fixture=syn-colgen-208-threshold-corridor-seed-6100004,spots=30,daySteps=100,brandMode=distinct,players=2,score=30/285/638,starvedDays=0,stubDays=0
probe_begin,fixture=syn-colgen-208-threshold-corridor-seed-6100004,family=threshold-corridor,spots=30,daySteps=100,brandMode=distinct,players=4,fuel=300,budgetMs=3375
day=1,dailyDelta=27,servDelta=53,cum=27/27/53,cgDeadline=0,starved=[],stub=[],cols=[12 21 23 19 24 24 23 22],brands=[0 20 23 20 24 24 21 18],agentMs=[9 58 61 41 30 26 46 32],agentQ=[24 54 52 38 44 28 34 24],cacheHits=19,cacheMisses=307,combos=2870,masterDeadline=1,colGenMs=548,searchMs=2030,totalMs=2984
day=2,dailyDelta=27,servDelta=46,cum=30/54/99,cgDeadline=0,starved=[],stub=[],cols=[12 19 15 18 17 22 25 19],brands=[0 20 18 18 19 19 23 20],agentMs=[11 30 35 30 19 22 27 0],agentQ=[24 54 48 48 28 28 28 24],cacheHits=43,cacheMisses=267,combos=3461,masterDeadline=1,colGenMs=340,searchMs=2049,totalMs=3003
day=3,dailyDelta=29,servDelta=73,cum=30/83/172,cgDeadline=0,starved=[],stub=[],cols=[12 22 23 24 24 25 24 25],brands=[0 21 16 20 24 22 28 21],agentMs=[11 22 22 19 15 10 14 9],agentQ=[24 54 52 52 38 24 34 24],cacheHits=19,cacheMisses=311,combos=3824,masterDeadline=1,colGenMs=262,searchMs=2058,totalMs=2813
day=4,dailyDelta=29,servDelta=72,cum=30/112/244,cgDeadline=0,starved=[],stub=[],cols=[12 22 24 23 24 23 23 24],brands=[0 26 29 23 19 24 21 20],agentMs=[11 23 17 11 21 9 13 18],agentQ=[24 54 42 24 52 24 30 48],cacheHits=19,cacheMisses=307,combos=3805,masterDeadline=1,colGenMs=260,searchMs=2058,totalMs=2879
day=5,dailyDelta=28,servDelta=67,cum=30/140/311,cgDeadline=0,starved=[],stub=[],cols=[12 21 23 23 24 25 23 22],brands=[0 23 22 20 28 19 23 24],agentMs=[12 33 19 17 20 8 15 12],agentQ=[24 54 52 42 48 24 42 36],cacheHits=19,cacheMisses=337,combos=3890,masterDeadline=1,colGenMs=272,searchMs=2052,totalMs=3013
day=6,dailyDelta=27,servDelta=63,cum=30/167/374,cgDeadline=0,starved=[],stub=[],cols=[12 24 22 23 22 22 24 25],brands=[0 19 24 24 21 24 20 18],agentMs=[10 21 22 15 17 16 21 10],agentQ=[24 54 54 42 36 34 52 30],cacheHits=6,cacheMisses=356,combos=3362,masterDeadline=1,colGenMs=385,searchMs=2043,totalMs=2675
day=7,dailyDelta=27,servDelta=59,cum=30/194/433,cgDeadline=0,starved=[],stub=[],cols=[12 23 23 23 24 25 22 22],brands=[0 23 21 21 18 22 22 22],agentMs=[10 22 17 22 14 10 15 0],agentQ=[24 54 48 52 34 28 38 24],cacheHits=43,cacheMisses=287,combos=3857,masterDeadline=1,colGenMs=242,searchMs=2057,totalMs=2734
day=8,dailyDelta=29,servDelta=63,cum=30/223/496,cgDeadline=0,starved=[],stub=[],cols=[12 24 23 24 25 22 25 25],brands=[0 24 26 26 19 19 19 19],agentMs=[11 21 19 10 20 14 16 0],agentQ=[24 54 42 24 52 30 48 24],cacheHits=30,cacheMisses=296,combos=3758,masterDeadline=1,colGenMs=302,searchMs=2052,totalMs=2579
day=9,dailyDelta=28,servDelta=67,cum=30/251/563,cgDeadline=0,starved=[],stub=[],cols=[12 24 23 24 20 23 22 22],brands=[0 18 21 20 20 24 24 23],agentMs=[11 24 19 13 14 17 14 15],agentQ=[24 54 54 34 32 46 36 34],cacheHits=19,cacheMisses=325,combos=3956,masterDeadline=1,colGenMs=256,searchMs=2055,totalMs=2456
day=10,dailyDelta=28,servDelta=67,cum=30/279/630,cgDeadline=0,starved=[],stub=[],cols=[12 24 15 23 24 24 25 23],brands=[0 18 24 24 19 20 18 26],agentMs=[10 19 19 10 13 16 7 14],agentQ=[24 54 48 24 34 52 24 38],cacheHits=21,cacheMisses=322,combos=3964,masterDeadline=1,colGenMs=262,searchMs=2052,totalMs=2087
probe_result,fixture=syn-colgen-208-threshold-corridor-seed-6100004,spots=30,daySteps=100,brandMode=distinct,players=4,score=30/279/630,starvedDays=0,stubDays=0
probe_begin,fixture=syn-colgen-208-threshold-corridor-seed-6100004,family=threshold-corridor,spots=30,daySteps=200,brandMode=mod6,players=2,fuel=600,budgetMs=3375
day=1,dailyDelta=6,servDelta=84,cum=6/6/84,cgDeadline=0,starved=[],stub=[],cols=[12 26 26 26 25 25 26 26],brands=[0 6 6 6 6 6 6 6],agentMs=[11 74 67 48 47 34 56 39],agentQ=[24 54 52 38 44 28 34 24],cacheHits=19,cacheMisses=307,combos=1482,masterDeadline=1,colGenMs=865,searchMs=2019,totalMs=2979
day=2,dailyDelta=6,servDelta=95,cum=6/12/179,cgDeadline=0,starved=[],stub=[],cols=[12 16 25 25 25 25 25 25],brands=[0 6 6 6 6 6 6 6],agentMs=[12 37 11 16 37 23 15 17],agentQ=[24 54 24 34 52 38 24 28],cacheHits=23,cacheMisses=302,combos=2521,masterDeadline=1,colGenMs=469,searchMs=2051,totalMs=2977
day=3,dailyDelta=6,servDelta=87,cum=6/18/266,cgDeadline=0,starved=[],stub=[],cols=[12 24 23 25 25 25 24 25],brands=[0 6 6 6 6 6 6 6],agentMs=[13 25 25 20 11 14 11 23],agentQ=[24 54 52 42 24 30 24 48],cacheHits=19,cacheMisses=307,combos=2781,masterDeadline=1,colGenMs=331,searchMs=2061,totalMs=2869
day=4,dailyDelta=6,servDelta=89,cum=6/24/355,cgDeadline=0,starved=[],stub=[],cols=[12 25 25 25 24 24 25 25],brands=[0 6 6 6 6 6 6 6],agentMs=[13 25 17 12 17 25 0 12],agentQ=[24 54 34 24 34 52 24 24],cacheHits=45,cacheMisses=253,combos=2752,masterDeadline=1,colGenMs=372,searchMs=2057,totalMs=2844
day=5,dailyDelta=6,servDelta=92,cum=6/30/447,cgDeadline=0,starved=[],stub=[],cols=[12 25 25 25 25 24 25 25],brands=[0 6 6 6 6 6 6 6],agentMs=[13 30 0 11 19 11 0 16],agentQ=[24 54 24 24 42 24 24 34],cacheHits=67,cacheMisses=211,combos=2801,masterDeadline=1,colGenMs=324,searchMs=2066,totalMs=2785
day=6,dailyDelta=6,servDelta=91,cum=6/36/538,cgDeadline=0,starved=[],stub=[],cols=[12 25 25 25 25 25 25 25],brands=[0 6 6 6 6 6 6 6],agentMs=[17 26 20 16 27 0 0 11],agentQ=[24 54 42 34 52 24 24 24],cacheHits=62,cacheMisses=244,combos=2762,masterDeadline=1,colGenMs=351,searchMs=2050,totalMs=2696
day=7,dailyDelta=6,servDelta=95,cum=6/42/633,cgDeadline=0,starved=[],stub=[],cols=[12 24 24 25 24 25 25 24],brands=[0 6 6 6 6 6 6 6],agentMs=[12 26 26 21 11 16 17 11],agentQ=[24 54 54 40 24 34 34 24],cacheHits=21,cacheMisses=295,combos=2632,masterDeadline=1,colGenMs=394,searchMs=2051,totalMs=2813
day=8,dailyDelta=6,servDelta=94,cum=6/48/727,cgDeadline=0,starved=[],stub=[],cols=[12 25 16 25 25 25 25 25],brands=[0 6 6 6 6 6 6 6],agentMs=[12 26 25 20 0 16 11 0],agentQ=[24 54 54 42 24 36 24 24],cacheHits=69,cacheMisses=258,combos=2900,masterDeadline=1,colGenMs=359,searchMs=2055,totalMs=2619
day=9,dailyDelta=6,servDelta=94,cum=6/54/821,cgDeadline=0,starved=[],stub=[],cols=[12 25 25 25 25 25 25 25],brands=[0 6 6 6 6 6 6 6],agentMs=[13 27 21 25 0 25 16 11],agentQ=[24 54 42 52 24 52 34 24],cacheHits=45,cacheMisses=289,combos=2710,masterDeadline=1,colGenMs=353,searchMs=2058,totalMs=2440
day=10,dailyDelta=6,servDelta=93,cum=6/60/914,cgDeadline=0,starved=[],stub=[],cols=[12 25 25 25 25 16 25 25],brands=[0 6 6 6 6 6 6 6],agentMs=[13 29 25 20 16 11 12 12],agentQ=[24 54 54 42 36 24 26 24],cacheHits=6,cacheMisses=323,combos=2603,masterDeadline=1,colGenMs=413,searchMs=2055,totalMs=2090
probe_result,fixture=syn-colgen-208-threshold-corridor-seed-6100004,spots=30,daySteps=200,brandMode=mod6,players=2,score=6/60/914,starvedDays=0,stubDays=0
probe_begin,fixture=syn-colgen-208-threshold-corridor-seed-6100004,family=threshold-corridor,spots=30,daySteps=200,brandMode=mod6,players=4,fuel=600,budgetMs=3375
day=1,dailyDelta=6,servDelta=84,cum=6/6/84,cgDeadline=0,starved=[],stub=[],cols=[12 26 26 26 25 25 26 26],brands=[0 6 6 6 6 6 6 6],agentMs=[10 78 70 48 48 33 56 40],agentQ=[24 54 52 38 44 28 34 24],cacheHits=19,cacheMisses=307,combos=1482,masterDeadline=1,colGenMs=872,searchMs=2019,totalMs=2822
day=2,dailyDelta=6,servDelta=95,cum=6/12/179,cgDeadline=0,starved=[],stub=[],cols=[12 16 25 25 25 25 25 25],brands=[0 6 6 6 6 6 6 6],agentMs=[12 37 13 19 39 24 15 17],agentQ=[24 54 24 34 52 38 24 28],cacheHits=23,cacheMisses=302,combos=2457,masterDeadline=1,colGenMs=486,searchMs=2050,totalMs=2739
day=3,dailyDelta=6,servDelta=87,cum=6/18/266,cgDeadline=0,starved=[],stub=[],cols=[12 24 23 25 25 25 24 25],brands=[0 6 6 6 6 6 6 6],agentMs=[12 25 25 19 10 12 11 21],agentQ=[24 54 52 42 24 30 24 48],cacheHits=4,cacheMisses=322,combos=2537,masterDeadline=1,colGenMs=452,searchMs=2056,totalMs=2836
day=4,dailyDelta=6,servDelta=89,cum=6/24/355,cgDeadline=0,starved=[],stub=[],cols=[12 25 25 24 25 24 25 25],brands=[0 6 6 6 6 6 6 6],agentMs=[12 25 17 16 12 26 0 11],agentQ=[24 54 34 34 24 52 24 24],cacheHits=45,cacheMisses=253,combos=2761,masterDeadline=1,colGenMs=366,searchMs=2055,totalMs=2910
day=5,dailyDelta=6,servDelta=92,cum=6/30/447,cgDeadline=0,starved=[],stub=[],cols=[12 25 25 25 25 24 25 25],brands=[0 6 6 6 6 6 6 6],agentMs=[15 29 0 22 11 11 0 17],agentQ=[24 54 24 42 24 24 24 34],cacheHits=67,cacheMisses=211,combos=2768,masterDeadline=1,colGenMs=349,searchMs=2068,totalMs=2720
day=6,dailyDelta=6,servDelta=94,cum=6/36/541,cgDeadline=0,starved=[],stub=[],cols=[12 25 24 25 25 25 25 25],brands=[0 6 6 6 6 6 6 6],agentMs=[12 25 22 25 11 19 0 10],agentQ=[24 54 48 52 24 42 24 24],cacheHits=45,cacheMisses=275,combos=2735,masterDeadline=1,colGenMs=358,searchMs=2056,totalMs=2673
day=7,dailyDelta=6,servDelta=93,cum=6/42/634,cgDeadline=0,starved=[],stub=[],cols=[12 25 24 24 25 24 25 25],brands=[0 6 6 6 6 6 6 6],agentMs=[12 27 22 11 11 0 18 25],agentQ=[24 54 42 24 24 24 34 52],cacheHits=43,cacheMisses=263,combos=2725,masterDeadline=1,colGenMs=382,searchMs=2053,totalMs=2629
day=8,dailyDelta=6,servDelta=92,cum=6/48/726,cgDeadline=0,starved=[],stub=[],cols=[12 24 25 25 25 24 25 25],brands=[0 6 6 6 6 6 6 6],agentMs=[13 23 18 10 0 23 10 12],agentQ=[24 54 42 24 24 48 24 28],cacheHits=43,cacheMisses=253,combos=2702,masterDeadline=1,colGenMs=335,searchMs=2056,totalMs=2791
day=9,dailyDelta=6,servDelta=93,cum=6/54/819,cgDeadline=0,starved=[],stub=[],cols=[12 25 25 25 25 25 25 25],brands=[0 6 6 6 6 6 6 6],agentMs=[13 26 26 18 10 13 0 20],agentQ=[24 54 52 38 24 28 24 42],cacheHits=45,cacheMisses=269,combos=2702,masterDeadline=1,colGenMs=345,searchMs=2061,totalMs=2451
day=10,dailyDelta=6,servDelta=95,cum=6/60/914,cgDeadline=0,starved=[],stub=[],cols=[12 25 25 25 25 25 25 25],brands=[0 6 6 6 6 6 6 6],agentMs=[12 25 11 11 23 9 12 17],agentQ=[24 54 24 24 52 24 30 42],cacheHits=19,cacheMisses=283,combos=2735,masterDeadline=1,colGenMs=365,searchMs=2057,totalMs=2093
probe_result,fixture=syn-colgen-208-threshold-corridor-seed-6100004,spots=30,daySteps=200,brandMode=mod6,players=4,score=6/60/914,starvedDays=0,stubDays=0
probe_begin,fixture=syn-colgen-208-threshold-corridor-seed-6100004,family=threshold-corridor,spots=30,daySteps=200,brandMode=distinct,players=2,fuel=600,budgetMs=3375
day=1,dailyDelta=30,servDelta=59,cum=30/30/59,cgDeadline=0,starved=[],stub=[],cols=[12 24 25 26 25 25 24 24],brands=[0 24 23 28 25 24 24 24],agentMs=[10 78 73 46 46 33 56 38],agentQ=[24 54 52 38 44 28 34 24],cacheHits=19,cacheMisses=307,combos=1916,masterDeadline=1,colGenMs=728,searchMs=2021,totalMs=3014
day=2,dailyDelta=30,servDelta=88,cum=30/60/147,cgDeadline=0,starved=[],stub=[],cols=[12 24 19 24 23 25 23 25],brands=[0 25 26 28 29 28 24 27],agentMs=[12 46 32 30 30 38 26 19],agentQ=[24 54 34 34 34 42 24 28],cacheHits=21,cacheMisses=281,combos=2207,masterDeadline=1,colGenMs=555,searchMs=2026,totalMs=3013
day=3,dailyDelta=29,servDelta=90,cum=30/89/237,cgDeadline=0,starved=[],stub=[],cols=[12 23 24 24 24 24 25 25],brands=[0 28 26 28 23 24 29 27],agentMs=[12 26 16 20 24 11 20 21],agentQ=[24 54 34 42 48 24 42 42],cacheHits=19,cacheMisses=319,combos=3064,masterDeadline=1,colGenMs=349,searchMs=2060,totalMs=2931
day=4,dailyDelta=29,servDelta=89,cum=30/118/326,cgDeadline=0,starved=[],stub=[],cols=[12 24 24 25 25 25 25 25],brands=[0 29 27 23 25 28 25 29],agentMs=[18 37 25 14 17 12 11 19],agentQ=[24 54 52 30 42 28 24 42],cacheHits=19,cacheMisses=305,combos=2801,masterDeadline=1,colGenMs=351,searchMs=2048,totalMs=2964
day=5,dailyDelta=29,servDelta=89,cum=30/147/415,cgDeadline=0,starved=[],stub=[],cols=[12 24 24 24 24 25 22 24],brands=[0 29 23 25 24 29 27 25],agentMs=[12 26 24 12 24 16 10 12],agentQ=[24 54 52 30 52 34 24 24],cacheHits=19,cacheMisses=303,combos=2999,masterDeadline=1,colGenMs=336,searchMs=2059,totalMs=3013
day=6,dailyDelta=30,servDelta=86,cum=30/177/501,cgDeadline=0,starved=[],stub=[],cols=[12 24 23 25 25 25 25 25],brands=[0 29 23 29 25 25 28 28],agentMs=[13 27 21 18 24 12 13 13],agentQ=[24 54 48 42 48 24 28 28],cacheHits=19,cacheMisses=305,combos=2847,masterDeadline=1,colGenMs=346,searchMs=2050,totalMs=2794
day=7,dailyDelta=30,servDelta=90,cum=30/207/591,cgDeadline=0,starved=[],stub=[],cols=[12 25 24 24 24 24 24 24],brands=[0 28 29 24 25 26 25 23],agentMs=[12 26 21 26 18 17 18 17],agentQ=[24 54 42 52 34 34 38 34],cacheHits=19,cacheMisses=321,combos=2816,masterDeadline=1,colGenMs=345,searchMs=2051,totalMs=2711
day=8,dailyDelta=29,servDelta=90,cum=30/236/681,cgDeadline=0,starved=[],stub=[],cols=[12 25 25 25 25 24 25 24],brands=[0 28 23 25 26 24 28 29],agentMs=[13 26 26 20 20 22 11 16],agentQ=[24 54 52 42 42 48 24 32],cacheHits=19,cacheMisses=327,combos=2900,masterDeadline=1,colGenMs=338,searchMs=2057,totalMs=2653
day=9,dailyDelta=30,servDelta=84,cum=30/266/765,cgDeadline=0,starved=[],stub=[],cols=[12 24 24 24 25 25 24 25],brands=[0 24 26 23 28 28 23 28],agentMs=[11 26 22 11 15 0 13 11],agentQ=[24 54 52 24 34 24 26 24],cacheHits=43,cacheMisses=247,combos=2966,masterDeadline=1,colGenMs=297,searchMs=2043,totalMs=2466
day=10,dailyDelta=30,servDelta=87,cum=30/296/852,cgDeadline=0,starved=[],stub=[],cols=[12 23 20 25 25 25 24 25],brands=[0 29 23 25 29 28 27 27],agentMs=[13 24 24 25 19 17 16 21],agentQ=[24 54 52 52 42 36 30 44],cacheHits=19,cacheMisses=343,combos=2805,masterDeadline=1,colGenMs=359,searchMs=2050,totalMs=2087
probe_result,fixture=syn-colgen-208-threshold-corridor-seed-6100004,spots=30,daySteps=200,brandMode=distinct,players=2,score=30/296/852,starvedDays=0,stubDays=0
probe_begin,fixture=syn-colgen-208-threshold-corridor-seed-6100004,family=threshold-corridor,spots=30,daySteps=200,brandMode=distinct,players=4,fuel=600,budgetMs=3375
day=1,dailyDelta=30,servDelta=59,cum=30/30/59,cgDeadline=0,starved=[],stub=[],cols=[12 24 25 26 25 25 24 24],brands=[0 24 23 28 25 24 24 24],agentMs=[10 77 71 54 52 34 58 40],agentQ=[24 54 52 38 44 28 34 24],cacheHits=19,cacheMisses=307,combos=1867,masterDeadline=1,colGenMs=756,searchMs=2024,totalMs=2993
day=2,dailyDelta=30,servDelta=88,cum=30/60/147,cgDeadline=0,starved=[],stub=[],cols=[12 24 19 24 23 25 23 25],brands=[0 25 26 28 29 28 24 27],agentMs=[13 51 34 31 31 39 26 20],agentQ=[24 54 34 34 34 42 24 28],cacheHits=21,cacheMisses=281,combos=2175,masterDeadline=1,colGenMs=570,searchMs=2033,totalMs=2747
day=3,dailyDelta=29,servDelta=90,cum=30/89/237,cgDeadline=0,starved=[],stub=[],cols=[12 23 24 24 24 24 25 25],brands=[0 28 26 28 23 24 29 27],agentMs=[13 27 17 20 25 11 20 21],agentQ=[24 54 34 42 48 24 42 42],cacheHits=4,cacheMisses=334,combos=2791,masterDeadline=1,colGenMs=446,searchMs=2060,totalMs=2728
day=4,dailyDelta=29,servDelta=89,cum=30/118/326,cgDeadline=0,starved=[],stub=[],cols=[12 24 24 25 25 25 25 25],brands=[0 29 27 23 25 28 25 29],agentMs=[12 25 25 14 20 13 11 19],agentQ=[24 54 52 30 42 28 24 42],cacheHits=19,cacheMisses=305,combos=2738,masterDeadline=1,colGenMs=343,searchMs=1958,totalMs=2698
day=5,dailyDelta=30,servDelta=93,cum=30/148/419,cgDeadline=0,starved=[],stub=[],cols=[12 24 25 24 23 25 24 24],brands=[0 29 29 25 28 29 24 25],agentMs=[11 23 26 14 17 16 25 11],agentQ=[24 54 52 30 36 34 52 24],cacheHits=9,cacheMisses=325,combos=2801,masterDeadline=1,colGenMs=344,searchMs=2051,totalMs=2683
day=6,dailyDelta=30,servDelta=91,cum=30/178/510,cgDeadline=0,starved=[],stub=[],cols=[12 25 24 25 24 25 25 25],brands=[0 25 25 29 29 25 25 28],agentMs=[16 28 24 23 22 0 12 17],agentQ=[24 54 52 52 42 24 24 36],cacheHits=43,cacheMisses=293,combos=2966,masterDeadline=1,colGenMs=343,searchMs=2061,totalMs=2641
day=7,dailyDelta=29,servDelta=90,cum=30/207/600,cgDeadline=0,starved=[],stub=[],cols=[12 25 24 25 23 25 24 24],brands=[0 28 28 24 23 28 26 25],agentMs=[13 27 16 23 23 0 17 15],agentQ=[24 54 34 48 48 24 36 24],cacheHits=30,cacheMisses=290,combos=2702,masterDeadline=1,colGenMs=458,searchMs=2060,totalMs=2702
day=8,dailyDelta=29,servDelta=91,cum=30/236/691,cgDeadline=0,starved=[],stub=[],cols=[12 25 24 25 18 25 24 25],brands=[0 28 28 25 28 28 24 26],agentMs=[12 22 18 26 15 0 24 15],agentQ=[24 54 42 54 32 24 52 30],cacheHits=45,cacheMisses=312,combos=3065,masterDeadline=1,colGenMs=318,searchMs=2054,totalMs=2583
day=9,dailyDelta=30,servDelta=85,cum=30/266/776,cgDeadline=0,starved=[],stub=[],cols=[12 24 23 24 24 24 19 19],brands=[0 24 23 29 29 23 29 29],agentMs=[12 26 25 24 14 13 15 0],agentQ=[24 54 52 52 30 24 32 24],cacheHits=28,cacheMisses=309,combos=2933,masterDeadline=1,colGenMs=448,searchMs=2056,totalMs=2434
day=10,dailyDelta=30,servDelta=90,cum=30/296/866,cgDeadline=0,starved=[],stub=[],cols=[12 25 23 25 25 25 20 22],brands=[0 27 28 29 29 29 23 29],agentMs=[12 27 18 16 11 11 20 20],agentQ=[24 54 42 34 24 24 42 42],cacheHits=19,cacheMisses=295,combos=2834,masterDeadline=1,colGenMs=347,searchMs=2059,totalMs=2094
probe_result,fixture=syn-colgen-208-threshold-corridor-seed-6100004,spots=30,daySteps=200,brandMode=distinct,players=4,score=30/296/866,starvedDays=0,stubDays=0
probe_begin,fixture=syn-colgen-208-threshold-corridor-seed-6100004,family=threshold-corridor,spots=32,daySteps=100,brandMode=mod6,players=2,fuel=300,budgetMs=3375
day=1,dailyDelta=6,servDelta=60,cum=6/6/60,cgDeadline=0,starved=[],stub=[],cols=[12 22 25 23 26 25 26 21],brands=[0 6 6 6 6 6 6 6],agentMs=[9 56 51 30 34 21 41 28],agentQ=[24 54 42 26 42 24 34 24],cacheHits=19,cacheMisses=279,combos=2703,masterDeadline=1,colGenMs=614,searchMs=2029,totalMs=2834
day=2,dailyDelta=6,servDelta=73,cum=6/12/133,cgDeadline=0,starved=[],stub=[],cols=[12 24 22 24 25 24 25 19],brands=[0 6 6 6 6 6 6 6],agentMs=[15 36 18 26 14 16 22 19],agentQ=[24 54 34 42 24 24 26 24],cacheHits=19,cacheMisses=261,combos=3366,masterDeadline=1,colGenMs=402,searchMs=2059,totalMs=2737
day=3,dailyDelta=6,servDelta=65,cum=6/18/198,cgDeadline=0,starved=[],stub=[],cols=[12 25 25 24 22 25 24 23],brands=[0 6 6 6 6 6 6 6],agentMs=[11 21 8 18 11 8 10 15],agentQ=[24 54 24 42 34 24 24 42],cacheHits=19,cacheMisses=277,combos=3692,masterDeadline=1,colGenMs=282,searchMs=2054,totalMs=2806
day=4,dailyDelta=6,servDelta=70,cum=6/24/268,cgDeadline=0,starved=[],stub=[],cols=[12 23 15 25 24 24 25 25],brands=[0 6 6 6 6 6 6 6],agentMs=[11 23 17 16 9 11 0 9],agentQ=[24 54 42 42 24 26 24 24],cacheHits=46,cacheMisses=267,combos=3835,masterDeadline=1,colGenMs=306,searchMs=2065,totalMs=2739
day=5,dailyDelta=6,servDelta=65,cum=6/30/333,cgDeadline=0,starved=[],stub=[],cols=[12 25 20 25 23 23 21 25],brands=[0 6 6 6 6 6 6 6],agentMs=[10 21 20 11 17 12 10 9],agentQ=[24 54 48 28 36 34 24 24],cacheHits=6,cacheMisses=294,combos=3467,masterDeadline=1,colGenMs=396,searchMs=2063,totalMs=2794
day=6,dailyDelta=6,servDelta=64,cum=6/36/397,cgDeadline=0,starved=[],stub=[],cols=[12 24 25 22 24 21 23 16],brands=[0 6 6 6 6 6 6 6],agentMs=[11 23 15 9 10 16 8 11],agentQ=[24 54 42 24 26 48 24 24],cacheHits=21,cacheMisses=290,combos=3791,masterDeadline=1,colGenMs=280,searchMs=2061,totalMs=2755
day=7,dailyDelta=6,servDelta=69,cum=6/42/466,cgDeadline=0,starved=[],stub=[],cols=[12 25 23 21 24 24 25 23],brands=[0 6 6 6 6 6 6 6],agentMs=[12 23 20 14 9 9 8 11],agentQ=[24 54 42 34 24 24 24 24],cacheHits=19,cacheMisses=259,combos=3626,masterDeadline=1,colGenMs=301,searchMs=2051,totalMs=2675
day=8,dailyDelta=6,servDelta=67,cum=6/48/533,cgDeadline=0,starved=[],stub=[],cols=[12 23 24 23 24 23 24 21],brands=[0 6 6 6 6 6 6 6],agentMs=[10 21 16 9 15 9 10 13],agentQ=[24 54 42 24 34 24 26 34],cacheHits=21,cacheMisses=277,combos=3726,masterDeadline=1,colGenMs=289,searchMs=2055,totalMs=2653
day=9,dailyDelta=6,servDelta=69,cum=6/54/602,cgDeadline=0,starved=[],stub=[],cols=[12 24 21 23 24 25 23 22],brands=[0 6 6 6 6 6 6 6],agentMs=[11 24 11 13 14 8 12 13],agentQ=[24 54 34 34 34 24 34 34],cacheHits=19,cacheMisses=281,combos=3725,masterDeadline=1,colGenMs=288,searchMs=2063,totalMs=2345
day=10,dailyDelta=6,servDelta=68,cum=6/60/670,cgDeadline=0,starved=[],stub=[],cols=[12 23 25 23 25 24 25 25],brands=[0 6 6 6 6 6 6 6],agentMs=[11 22 15 9 15 9 0 10],agentQ=[24 54 42 24 42 24 24 24],cacheHits=43,cacheMisses=257,combos=3403,masterDeadline=1,colGenMs=282,searchMs=2057,totalMs=2086
probe_result,fixture=syn-colgen-208-threshold-corridor-seed-6100004,spots=32,daySteps=100,brandMode=mod6,players=2,score=6/60/670,starvedDays=0,stubDays=0
probe_begin,fixture=syn-colgen-208-threshold-corridor-seed-6100004,family=threshold-corridor,spots=32,daySteps=100,brandMode=mod6,players=4,fuel=300,budgetMs=3375
day=1,dailyDelta=6,servDelta=60,cum=6/6/60,cgDeadline=0,starved=[],stub=[],cols=[12 22 25 23 26 25 26 21],brands=[0 6 6 6 6 6 6 6],agentMs=[9 56 51 30 34 21 41 28],agentQ=[24 54 42 26 42 24 34 24],cacheHits=19,cacheMisses=279,combos=2604,masterDeadline=1,colGenMs=600,searchMs=2026,totalMs=2826
day=2,dailyDelta=6,servDelta=70,cum=6/12/130,cgDeadline=0,starved=[],stub=[],cols=[12 23 22 24 25 25 23 23],brands=[0 6 6 6 6 6 6 6],agentMs=[10 32 16 24 15 14 21 19],agentQ=[24 54 34 34 24 24 26 24],cacheHits=19,cacheMisses=253,combos=3331,masterDeadline=1,colGenMs=414,searchMs=2053,totalMs=2726
day=3,dailyDelta=6,servDelta=65,cum=6/18/195,cgDeadline=0,starved=[],stub=[],cols=[12 25 25 20 21 22 25 22],brands=[0 6 6 6 6 6 6 6],agentMs=[11 22 9 19 12 12 17 10],agentQ=[24 54 24 42 24 34 42 24],cacheHits=19,cacheMisses=277,combos=3701,masterDeadline=1,colGenMs=293,searchMs=2055,totalMs=2781
day=4,dailyDelta=6,servDelta=69,cum=6/24/264,cgDeadline=0,starved=[],stub=[],cols=[12 23 15 25 25 25 23 24],brands=[0 6 6 6 6 6 6 6],agentMs=[14 24 18 9 0 15 10 10],agentQ=[24 54 42 24 24 42 24 26],cacheHits=48,cacheMisses=265,combos=3463,masterDeadline=1,colGenMs=344,searchMs=2062,totalMs=2687
day=5,dailyDelta=6,servDelta=62,cum=6/30/326,cgDeadline=0,starved=[],stub=[],cols=[12 25 22 21 21 24 25 21],brands=[0 6 6 6 6 6 6 6],agentMs=[11 33 12 19 0 15 9 10],agentQ=[24 54 34 42 24 34 24 26],cacheHits=43,cacheMisses=247,combos=3698,masterDeadline=1,colGenMs=310,searchMs=2062,totalMs=2665
day=6,dailyDelta=6,servDelta=66,cum=6/36/392,cgDeadline=0,starved=[],stub=[],cols=[12 23 25 25 23 23 21 16],brands=[0 6 6 6 6 6 6 6],agentMs=[11 22 15 10 13 12 11 9],agentQ=[24 54 42 24 34 34 34 24],cacheHits=21,cacheMisses=307,combos=3631,masterDeadline=1,colGenMs=319,searchMs=2058,totalMs=2633
day=7,dailyDelta=6,servDelta=69,cum=6/42/461,cgDeadline=0,starved=[],stub=[],cols=[12 24 25 24 23 24 24 22],brands=[0 6 6 6 6 6 6 6],agentMs=[11 21 17 11 19 9 9 10],agentQ=[24 54 42 26 42 24 24 24],cacheHits=19,cacheMisses=269,combos=3705,masterDeadline=1,colGenMs=305,searchMs=2059,totalMs=2775
day=8,dailyDelta=6,servDelta=68,cum=6/48/529,cgDeadline=0,starved=[],stub=[],cols=[12 23 22 22 25 25 24 25],brands=[0 6 6 6 6 6 6 6],agentMs=[11 23 18 13 12 13 16 10],agentQ=[24 54 52 30 28 36 34 24],cacheHits=23,cacheMisses=307,combos=3626,masterDeadline=1,colGenMs=310,searchMs=2059,totalMs=2579
day=9,dailyDelta=6,servDelta=68,cum=6/54/597,cgDeadline=0,starved=[],stub=[],cols=[12 23 25 25 22 22 24 22],brands=[0 6 6 6 6 6 6 6],agentMs=[11 20 16 8 14 10 9 8],agentQ=[24 54 42 24 42 34 26 24],cacheHits=21,cacheMisses=277,combos=3703,masterDeadline=1,colGenMs=264,searchMs=2057,totalMs=2389
day=10,dailyDelta=6,servDelta=72,cum=6/60/669,cgDeadline=0,starved=[],stub=[],cols=[12 24 24 23 25 25 25 25],brands=[0 6 6 6 6 6 6 6],agentMs=[11 19 15 13 9 0 12 0],agentQ=[24 54 42 34 24 24 34 24],cacheHits=67,cacheMisses=221,combos=3733,masterDeadline=1,colGenMs=257,searchMs=2060,totalMs=2086
probe_result,fixture=syn-colgen-208-threshold-corridor-seed-6100004,spots=32,daySteps=100,brandMode=mod6,players=4,score=6/60/669,starvedDays=0,stubDays=0
probe_begin,fixture=syn-colgen-208-threshold-corridor-seed-6100004,family=threshold-corridor,spots=32,daySteps=100,brandMode=distinct,players=2,fuel=300,budgetMs=3375
day=1,dailyDelta=29,servDelta=60,cum=29/29/60,cgDeadline=0,starved=[],stub=[],cols=[12 21 22 23 25 25 24 23],brands=[0 21 23 22 23 23 21 20],agentMs=[9 58 59 44 33 21 46 30],agentQ=[24 54 52 38 48 24 34 24],cacheHits=19,cacheMisses=307,combos=2780,masterDeadline=1,colGenMs=571,searchMs=2035,totalMs=3013
day=2,dailyDelta=31,servDelta=43,cum=32/60/103,cgDeadline=0,starved=[],stub=[],cols=[12 19 19 15 18 22 20 19],brands=[0 24 25 17 17 22 22 21],agentMs=[11 35 24 34 21 23 23 16],agentQ=[24 54 42 42 34 42 34 24],cacheHits=21,cacheMisses=320,combos=3593,masterDeadline=1,colGenMs=370,searchMs=2043,totalMs=2874
day=3,dailyDelta=29,servDelta=71,cum=32/89/174,cgDeadline=0,starved=[],stub=[],cols=[12 16 23 23 25 25 23 25],brands=[0 18 25 24 27 27 25 21],agentMs=[13 25 21 28 15 9 13 18],agentQ=[24 54 54 42 34 24 28 52],cacheHits=17,cacheMisses=334,combos=3494,masterDeadline=1,colGenMs=293,searchMs=2056,totalMs=2869
day=4,dailyDelta=31,servDelta=67,cum=32/120/241,cgDeadline=0,starved=[],stub=[],cols=[12 20 23 25 21 25 25 23],brands=[0 24 23 22 21 24 23 24],agentMs=[11 24 19 18 23 16 13 12],agentQ=[24 54 52 42 48 42 30 26],cacheHits=19,cacheMisses=327,combos=3692,masterDeadline=1,colGenMs=283,searchMs=2049,totalMs=2992
day=5,dailyDelta=32,servDelta=62,cum=32/152/303,cgDeadline=0,starved=[],stub=[],cols=[12 20 22 24 23 19 25 23],brands=[0 20 30 20 20 31 26 23],agentMs=[11 25 22 16 19 13 12 14],agentQ=[24 54 52 42 40 34 34 36],cacheHits=21,cacheMisses=346,combos=3665,masterDeadline=1,colGenMs=287,searchMs=2059,totalMs=2793
day=6,dailyDelta=32,servDelta=67,cum=32/184/370,cgDeadline=0,starved=[],stub=[],cols=[12 20 23 24 24 20 24 24],brands=[0 31 24 20 20 21 21 25],agentMs=[12 27 25 31 20 27 14 19],agentQ=[24 54 48 54 34 48 30 48],cacheHits=19,cacheMisses=349,combos=3428,masterDeadline=1,colGenMs=328,searchMs=2049,totalMs=2763
day=7,dailyDelta=29,servDelta=71,cum=32/213/441,cgDeadline=0,starved=[],stub=[],cols=[12 15 22 22 25 25 25 24],brands=[0 17 29 19 21 21 26 21],agentMs=[12 24 23 15 14 12 10 20],agentQ=[24 54 52 32 34 34 26 52],cacheHits=19,cacheMisses=318,combos=3733,masterDeadline=1,colGenMs=265,searchMs=2058,totalMs=2705
day=8,dailyDelta=29,servDelta=70,cum=32/242/511,cgDeadline=0,starved=[],stub=[],cols=[12 22 17 25 23 24 22 25],brands=[0 31 18 21 24 21 22 30],agentMs=[12 23 24 14 12 17 13 10],agentQ=[24 54 52 42 30 52 28 26],cacheHits=4,cacheMisses=332,combos=3621,masterDeadline=1,colGenMs=345,searchMs=2058,totalMs=2668
day=9,dailyDelta=31,servDelta=69,cum=32/273/580,cgDeadline=0,starved=[],stub=[],cols=[12 22 22 24 23 24 22 15],brands=[0 21 30 21 22 28 20 17],agentMs=[10 19 22 19 17 11 9 17],agentQ=[24 54 54 52 42 24 24 36],cacheHits=21,cacheMisses=327,combos=3402,masterDeadline=1,colGenMs=260,searchMs=2056,totalMs=2535
day=10,dailyDelta=30,servDelta=70,cum=32/303/650,cgDeadline=0,starved=[],stub=[],cols=[12 24 23 20 24 15 24 25],brands=[0 20 24 28 25 17 22 27],agentMs=[11 24 19 21 15 19 15 12],agentQ=[24 54 54 52 42 40 34 28],cacheHits=4,cacheMisses=371,combos=3627,masterDeadline=1,colGenMs=330,searchMs=2047,totalMs=2090
probe_result,fixture=syn-colgen-208-threshold-corridor-seed-6100004,spots=32,daySteps=100,brandMode=distinct,players=2,score=32/303/650,starvedDays=0,stubDays=0
probe_begin,fixture=syn-colgen-208-threshold-corridor-seed-6100004,family=threshold-corridor,spots=32,daySteps=100,brandMode=distinct,players=4,fuel=300,budgetMs=3375
day=1,dailyDelta=29,servDelta=60,cum=29/29/60,cgDeadline=0,starved=[],stub=[],cols=[12 21 22 23 25 25 24 23],brands=[0 21 23 22 23 23 21 20],agentMs=[9 58 62 45 33 21 46 31],agentQ=[24 54 52 38 48 24 34 24],cacheHits=19,cacheMisses=307,combos=2670,masterDeadline=1,colGenMs=575,searchMs=2029,totalMs=2984
day=2,dailyDelta=31,servDelta=43,cum=32/60/103,cgDeadline=0,starved=[],stub=[],cols=[12 19 19 15 18 22 20 19],brands=[0 24 25 17 17 21 22 21],agentMs=[10 35 25 35 21 24 19 15],agentQ=[24 54 42 42 34 42 34 24],cacheHits=21,cacheMisses=320,combos=3593,masterDeadline=1,colGenMs=369,searchMs=2037,totalMs=2731
day=3,dailyDelta=30,servDelta=65,cum=32/90/168,cgDeadline=0,starved=[],stub=[],cols=[12 15 23 23 18 18 23 25],brands=[0 17 25 24 31 31 25 21],agentMs=[11 23 20 18 14 0 12 18],agentQ=[24 54 54 42 34 24 28 52],cacheHits=35,cacheMisses=328,combos=3824,masterDeadline=1,colGenMs=261,searchMs=2053,totalMs=2749
day=4,dailyDelta=31,servDelta=67,cum=32/121/235,cgDeadline=0,starved=[],stub=[],cols=[12 23 23 25 19 23 25 25],brands=[0 29 23 23 19 21 24 25],agentMs=[12 22 19 13 25 17 13 15],agentQ=[24 54 52 30 52 42 34 42],cacheHits=21,cacheMisses=337,combos=3791,masterDeadline=1,colGenMs=281,searchMs=2049,totalMs=2679
day=5,dailyDelta=30,servDelta=70,cum=32/151/305,cgDeadline=0,starved=[],stub=[],cols=[12 19 22 25 23 25 23 24],brands=[0 20 30 26 20 27 23 21],agentMs=[10 23 19 14 17 11 15 19],agentQ=[24 54 52 42 40 24 36 52],cacheHits=6,cacheMisses=347,combos=3032,masterDeadline=1,colGenMs=411,searchMs=2052,totalMs=2713
day=6,dailyDelta=31,servDelta=66,cum=32/182/371,cgDeadline=0,starved=[],stub=[],cols=[12 20 19 22 23 25 25 25],brands=[0 31 18 19 23 20 21 26],agentMs=[12 23 24 14 16 17 19 12],agentQ=[24 54 52 32 38 42 52 34],cacheHits=19,cacheMisses=337,combos=3758,masterDeadline=1,colGenMs=278,searchMs=2057,totalMs=2643
day=7,dailyDelta=28,servDelta=71,cum=32/210/442,cgDeadline=0,starved=[],stub=[],cols=[12 23 23 25 25 24 24 23],brands=[0 21 27 21 21 25 25 22],agentMs=[12 21 21 12 18 12 9 23],agentQ=[24 54 54 34 52 34 24 46],cacheHits=6,cacheMisses=354,combos=3725,masterDeadline=1,colGenMs=268,searchMs=2049,totalMs=2716
day=8,dailyDelta=30,servDelta=69,cum=32/240/511,cgDeadline=0,starved=[],stub=[],cols=[12 24 20 24 25 24 24 22],brands=[0 20 24 21 21 20 21 23],agentMs=[11 22 22 18 16 13 0 10],agentQ=[24 54 54 52 42 32 24 24],cacheHits=43,cacheMisses=291,combos=3796,masterDeadline=1,colGenMs=246,searchMs=2055,totalMs=2581
day=9,dailyDelta=31,servDelta=65,cum=32/271/576,cgDeadline=0,starved=[],stub=[],cols=[12 23 15 24 23 25 20 23],brands=[0 30 17 28 22 20 28 26],agentMs=[12 22 25 12 19 19 13 13],agentQ=[24 54 52 24 38 42 34 28],cacheHits=4,cacheMisses=336,combos=3065,masterDeadline=1,colGenMs=460,searchMs=2046,totalMs=2428
day=10,dailyDelta=31,servDelta=69,cum=32/302/645,cgDeadline=0,starved=[],stub=[],cols=[12 23 23 15 24 24 25 24],brands=[0 23 30 17 28 25 26 20],agentMs=[9 19 20 23 10 17 10 18],agentQ=[24 54 52 52 24 48 28 42],cacheHits=21,cacheMisses=337,combos=3664,masterDeadline=1,colGenMs=273,searchMs=2055,totalMs=2089
probe_result,fixture=syn-colgen-208-threshold-corridor-seed-6100004,spots=32,daySteps=100,brandMode=distinct,players=4,score=32/302/645,starvedDays=0,stubDays=0
probe_begin,fixture=syn-colgen-208-threshold-corridor-seed-6100004,family=threshold-corridor,spots=32,daySteps=200,brandMode=mod6,players=2,fuel=600,budgetMs=3375
day=1,dailyDelta=6,servDelta=83,cum=6/6/83,cgDeadline=0,starved=[],stub=[],cols=[12 26 25 26 26 26 26 26],brands=[0 6 6 6 6 6 6 6],agentMs=[12 76 57 35 51 29 48 39],agentQ=[24 54 42 26 42 24 34 24],cacheHits=19,cacheMisses=279,combos=1276,masterDeadline=1,colGenMs=906,searchMs=2017,totalMs=2959
day=2,dailyDelta=6,servDelta=96,cum=6/12/179,cgDeadline=0,starved=[],stub=[],cols=[12 24 25 25 23 25 25 24],brands=[0 6 6 6 6 6 6 6],agentMs=[12 36 20 20 13 18 20 0],agentQ=[24 54 34 34 24 26 34 24],cacheHits=43,cacheMisses=239,combos=2405,masterDeadline=1,colGenMs=461,searchMs=2058,totalMs=3013
day=3,dailyDelta=6,servDelta=97,cum=6/18/276,cgDeadline=0,starved=[],stub=[],cols=[12 25 25 25 24 25 25 25],brands=[0 6 6 6 6 6 6 6],agentMs=[11 24 22 11 20 12 12 0],agentQ=[24 54 48 24 42 26 24 24],cacheHits=45,cacheMisses=249,combos=2603,masterDeadline=1,colGenMs=375,searchMs=2064,totalMs=2802
day=4,dailyDelta=6,servDelta=95,cum=6/24/371,cgDeadline=0,starved=[],stub=[],cols=[12 25 25 25 24 25 24 25],brands=[0 6 6 6 6 6 6 6],agentMs=[13 28 15 16 11 11 10 16],agentQ=[24 54 34 34 24 24 24 34],cacheHits=21,cacheMisses=259,combos=2627,masterDeadline=1,colGenMs=380,searchMs=2062,totalMs=2775
day=5,dailyDelta=6,servDelta=90,cum=6/30/461,cgDeadline=0,starved=[],stub=[],cols=[12 25 25 25 24 25 24 25],brands=[0 6 6 6 6 6 6 6],agentMs=[14 23 18 19 16 0 0 12],agentQ=[24 54 42 42 34 24 24 26],cacheHits=69,cacheMisses=229,combos=2739,masterDeadline=1,colGenMs=331,searchMs=2064,totalMs=2721
day=6,dailyDelta=6,servDelta=96,cum=6/36/557,cgDeadline=0,starved=[],stub=[],cols=[12 25 25 25 25 25 25 25],brands=[0 6 6 6 6 6 6 6],agentMs=[12 25 20 16 13 0 0 11],agentQ=[24 54 42 34 24 24 24 24],cacheHits=69,cacheMisses=209,combos=2603,masterDeadline=1,colGenMs=364,searchMs=2064,totalMs=2717
day=7,dailyDelta=6,servDelta=96,cum=6/42/653,cgDeadline=0,starved=[],stub=[],cols=[12 25 25 25 24 25 25 25],brands=[0 6 6 6 6 6 6 6],agentMs=[12 26 20 12 13 12 23 0],agentQ=[24 54 42 24 24 24 48 24],cacheHits=43,cacheMisses=249,combos=2604,masterDeadline=1,colGenMs=350,searchMs=2057,totalMs=2628
day=8,dailyDelta=6,servDelta=95,cum=6/48/748,cgDeadline=0,starved=[],stub=[],cols=[12 25 25 25 25 24 25 25],brands=[0 6 6 6 6 6 6 6],agentMs=[13 28 22 14 16 13 11 20],agentQ=[24 54 42 26 34 24 24 42],cacheHits=19,cacheMisses=279,combos=2573,masterDeadline=1,colGenMs=407,searchMs=2055,totalMs=2632
day=9,dailyDelta=6,servDelta=97,cum=6/54/845,cgDeadline=0,starved=[],stub=[],cols=[12 25 25 25 25 25 25 24],brands=[0 6 6 6 6 6 6 6],agentMs=[11 24 10 19 11 17 11 15],agentQ=[24 54 24 42 24 34 24 34],cacheHits=19,cacheMisses=269,combos=2622,masterDeadline=1,colGenMs=388,searchMs=2053,totalMs=2443
day=10,dailyDelta=6,servDelta=97,cum=6/60/942,cgDeadline=0,starved=[],stub=[],cols=[12 24 25 25 25 25 25 25],brands=[0 6 6 6 6 6 6 6],agentMs=[12 25 20 11 16 11 11 20],agentQ=[24 54 42 24 34 24 24 42],cacheHits=19,cacheMisses=277,combos=2471,masterDeadline=1,colGenMs=419,searchMs=2058,totalMs=2095
probe_result,fixture=syn-colgen-208-threshold-corridor-seed-6100004,spots=32,daySteps=200,brandMode=mod6,players=2,score=6/60/942,starvedDays=0,stubDays=0
probe_begin,fixture=syn-colgen-208-threshold-corridor-seed-6100004,family=threshold-corridor,spots=32,daySteps=200,brandMode=mod6,players=4,fuel=600,budgetMs=3375
day=1,dailyDelta=6,servDelta=83,cum=6/6/83,cgDeadline=0,starved=[],stub=[],cols=[12 26 25 26 26 26 26 26],brands=[0 6 6 6 6 6 6 6],agentMs=[8 72 52 35 52 29 48 38],agentQ=[24 54 42 26 42 24 34 24],cacheHits=19,cacheMisses=279,combos=1416,masterDeadline=1,colGenMs=874,searchMs=2029,totalMs=2796
day=2,dailyDelta=6,servDelta=94,cum=6/12/177,cgDeadline=0,starved=[],stub=[],cols=[12 25 25 25 25 25 25 25],brands=[0 6 6 6 6 6 6 6],agentMs=[13 36 26 22 18 18 14 0],agentQ=[24 54 42 36 24 26 24 24],cacheHits=43,cacheMisses=239,combos=2405,masterDeadline=1,colGenMs=437,searchMs=2059,totalMs=2756
day=3,dailyDelta=6,servDelta=98,cum=6/18/275,cgDeadline=0,starved=[],stub=[],cols=[12 25 25 25 25 25 25 25],brands=[0 6 6 6 6 6 6 6],agentMs=[13 26 21 16 12 19 10 11],agentQ=[24 54 42 34 24 42 24 26],cacheHits=19,cacheMisses=279,combos=2504,masterDeadline=1,colGenMs=428,searchMs=2061,totalMs=2717
day=4,dailyDelta=6,servDelta=92,cum=6/24/367,cgDeadline=0,starved=[],stub=[],cols=[12 25 25 25 25 25 25 25],brands=[0 6 6 6 6 6 6 6],agentMs=[13 27 9 18 10 10 16 11],agentQ=[24 54 24 42 24 24 34 24],cacheHits=19,cacheMisses=259,combos=2632,masterDeadline=1,colGenMs=371,searchMs=2064,totalMs=2689
day=5,dailyDelta=6,servDelta=90,cum=6/30/457,cgDeadline=0,starved=[],stub=[],cols=[12 24 24 25 24 25 25 25],brands=[0 6 6 6 6 6 6 6],agentMs=[12 24 17 21 12 16 16 11],agentQ=[24 54 34 42 24 34 34 24],cacheHits=19,cacheMisses=279,combos=2567,masterDeadline=1,colGenMs=409,searchMs=2053,totalMs=2687
day=6,dailyDelta=6,servDelta=96,cum=6/36/553,cgDeadline=0,starved=[],stub=[],cols=[12 25 25 25 25 25 25 24],brands=[0 6 6 6 6 6 6 6],agentMs=[12 25 22 12 0 16 0 20],agentQ=[24 54 42 24 24 34 24 42],cacheHits=67,cacheMisses=229,combos=2603,masterDeadline=1,colGenMs=370,searchMs=2061,totalMs=2657
day=7,dailyDelta=6,servDelta=95,cum=6/42/648,cgDeadline=0,starved=[],stub=[],cols=[12 25 25 25 25 25 25 25],brands=[0 6 6 6 6 6 6 6],agentMs=[12 28 20 12 16 11 0 16],agentQ=[24 54 48 28 34 24 24 34],cacheHits=45,cacheMisses=253,combos=2575,masterDeadline=1,colGenMs=390,searchMs=2061,totalMs=2620
day=8,dailyDelta=6,servDelta=94,cum=6/48/742,cgDeadline=0,starved=[],stub=[],cols=[12 25 25 25 25 25 25 25],brands=[0 6 6 6 6 6 6 6],agentMs=[12 27 15 12 20 16 0 12],agentQ=[24 54 34 24 42 34 24 26],cacheHits=43,cacheMisses=247,combos=2681,masterDeadline=1,colGenMs=370,searchMs=2062,totalMs=2602
day=9,dailyDelta=6,servDelta=94,cum=6/54/836,cgDeadline=0,starved=[],stub=[],cols=[12 16 25 17 25 25 17 25],brands=[0 6 6 6 6 6 6 6],agentMs=[12 24 23 0 20 13 0 11],agentQ=[24 54 48 24 42 28 24 26],cacheHits=71,cacheMisses=245,combos=2933,masterDeadline=1,colGenMs=353,searchMs=2046,totalMs=2495
day=10,dailyDelta=6,servDelta=99,cum=6/60/935,cgDeadline=0,starved=[],stub=[],cols=[12 25 25 25 25 25 25 25],brands=[0 6 6 6 6 6 6 6],agentMs=[13 25 18 16 11 11 0 11],agentQ=[24 54 42 34 24 24 24 24],cacheHits=43,cacheMisses=235,combos=2603,masterDeadline=1,colGenMs=390,searchMs=2062,totalMs=2095
probe_result,fixture=syn-colgen-208-threshold-corridor-seed-6100004,spots=32,daySteps=200,brandMode=mod6,players=4,score=6/60/935,starvedDays=0,stubDays=0
probe_begin,fixture=syn-colgen-208-threshold-corridor-seed-6100004,family=threshold-corridor,spots=32,daySteps=200,brandMode=distinct,players=2,fuel=600,budgetMs=3375
day=1,dailyDelta=31,servDelta=67,cum=31/31/67,cgDeadline=0,starved=[],stub=[],cols=[12 22 25 26 26 26 25 24],brands=[0 27 25 27 24 24 23 24],agentMs=[10 76 68 51 52 29 54 38],agentQ=[24 54 52 38 48 24 34 24],cacheHits=19,cacheMisses=307,combos=1941,masterDeadline=1,colGenMs=703,searchMs=2025,totalMs=3013
day=2,dailyDelta=32,servDelta=90,cum=32/63/157,cgDeadline=0,starved=[],stub=[],cols=[12 19 25 25 22 24 25 25],brands=[0 30 28 31 28 29 29 26],agentMs=[13 45 30 22 30 17 19 37],agentQ=[24 54 34 34 42 24 28 38],cacheHits=19,cacheMisses=287,combos=2382,masterDeadline=1,colGenMs=478,searchMs=2037,totalMs=2953
day=3,dailyDelta=32,servDelta=84,cum=32/95/241,cgDeadline=0,starved=[],stub=[],cols=[12 25 24 24 25 25 25 25],brands=[0 31 31 21 28 28 27 31],agentMs=[12 22 18 25 15 10 21 16],agentQ=[24 54 42 52 34 24 44 34],cacheHits=19,cacheMisses=317,combos=3065,masterDeadline=1,colGenMs=341,searchMs=2056,totalMs=2916
day=4,dailyDelta=32,servDelta=87,cum=32/127/328,cgDeadline=0,starved=[],stub=[],cols=[12 23 25 23 25 25 22 25],brands=[0 23 24 27 27 31 26 24],agentMs=[13 26 27 25 19 20 20 12],agentQ=[24 54 54 52 40 40 42 24],cacheHits=19,cacheMisses=339,combos=2948,masterDeadline=1,colGenMs=356,searchMs=2049,totalMs=2906
day=5,dailyDelta=31,servDelta=87,cum=32/158/415,cgDeadline=0,starved=[],stub=[],cols=[12 24 24 25 24 24 25 25],brands=[0 31 31 30 24 21 24 30],agentMs=[12 26 11 22 23 26 23 0],agentQ=[24 54 24 48 48 52 48 24],cacheHits=43,cacheMisses=307,combos=3069,masterDeadline=1,colGenMs=334,searchMs=2050,totalMs=2728
day=6,dailyDelta=31,servDelta=89,cum=32/189/504,cgDeadline=0,starved=[],stub=[],cols=[12 25 25 22 25 23 25 23],brands=[0 30 24 28 24 26 28 24],agentMs=[12 24 29 22 19 16 12 14],agentQ=[24 54 54 48 40 30 28 30],cacheHits=19,cacheMisses=317,combos=2966,masterDeadline=1,colGenMs=347,searchMs=2056,totalMs=2812
day=7,dailyDelta=30,servDelta=90,cum=32/219/594,cgDeadline=0,starved=[],stub=[],cols=[12 22 24 24 23 25 25 25],brands=[0 28 28 24 30 21 29 29],agentMs=[12 26 21 21 10 22 10 10],agentQ=[24 54 42 36 24 52 24 24],cacheHits=19,cacheMisses=289,combos=3153,masterDeadline=1,colGenMs=314,searchMs=2065,totalMs=2714
day=8,dailyDelta=31,servDelta=81,cum=32/250/675,cgDeadline=0,starved=[],stub=[],cols=[12 25 23 25 23 25 25 25],brands=[0 29 23 26 27 29 25 25],agentMs=[12 25 24 19 14 14 22 0],agentQ=[24 54 52 42 34 34 48 24],cacheHits=45,cacheMisses=295,combos=3084,masterDeadline=1,colGenMs=313,searchMs=2061,totalMs=2654
day=9,dailyDelta=31,servDelta=93,cum=32/281/768,cgDeadline=0,starved=[],stub=[],cols=[12 25 24 25 25 23 25 25],brands=[0 24 31 27 27 26 30 24],agentMs=[12 25 17 18 12 11 22 19],agentQ=[24 54 42 42 28 26 48 42],cacheHits=19,cacheMisses=315,combos=2813,masterDeadline=1,colGenMs=342,searchMs=2044,totalMs=2477
day=10,dailyDelta=31,servDelta=90,cum=32/312/858,cgDeadline=0,starved=[],stub=[],cols=[12 25 25 23 25 25 22 25],brands=[0 27 24 26 30 24 28 30],agentMs=[13 26 21 17 23 10 18 16],agentQ=[24 54 42 34 54 24 42 34],cacheHits=21,cacheMisses=315,combos=2933,masterDeadline=1,colGenMs=343,searchMs=2055,totalMs=2091
probe_result,fixture=syn-colgen-208-threshold-corridor-seed-6100004,spots=32,daySteps=200,brandMode=distinct,players=2,score=32/312/858,starvedDays=0,stubDays=0
probe_begin,fixture=syn-colgen-208-threshold-corridor-seed-6100004,family=threshold-corridor,spots=32,daySteps=200,brandMode=distinct,players=4,fuel=600,budgetMs=3375
day=1,dailyDelta=31,servDelta=67,cum=31/31/67,cgDeadline=0,starved=[],stub=[],cols=[12 22 25 26 26 26 25 24],brands=[0 27 25 27 24 24 23 24],agentMs=[8 71 70 46 50 26 53 37],agentQ=[24 54 52 38 48 24 34 24],cacheHits=19,cacheMisses=307,combos=1944,masterDeadline=1,colGenMs=710,searchMs=2028,totalMs=3013
day=2,dailyDelta=32,servDelta=89,cum=32/63/156,cgDeadline=0,starved=[],stub=[],cols=[12 19 25 25 22 24 25 24],brands=[0 30 28 31 28 29 29 29],agentMs=[17 45 30 21 30 17 18 17],agentQ=[24 54 34 34 42 24 28 24],cacheHits=19,cacheMisses=273,combos=2438,masterDeadline=1,colGenMs=459,searchMs=2044,totalMs=2826
day=3,dailyDelta=32,servDelta=87,cum=32/95/243,cgDeadline=0,starved=[],stub=[],cols=[12 24 24 24 25 25 25 25],brands=[0 28 31 21 28 28 27 31],agentMs=[13 26 21 27 16 11 22 11],agentQ=[24 54 42 52 34 24 44 24],cacheHits=4,cacheMisses=322,combos=2768,masterDeadline=1,colGenMs=422,searchMs=2059,totalMs=2767
day=4,dailyDelta=32,servDelta=89,cum=32/127/332,cgDeadline=0,starved=[],stub=[],cols=[12 23 25 18 25 18 22 25],brands=[0 23 24 30 30 30 26 25],agentMs=[12 24 24 21 15 0 20 15],agentQ=[24 54 54 52 34 24 44 30],cacheHits=45,cacheMisses=315,combos=3146,masterDeadline=1,colGenMs=313,searchMs=2049,totalMs=2741
day=5,dailyDelta=31,servDelta=89,cum=32/158/421,cgDeadline=0,starved=[],stub=[],cols=[12 24 25 24 25 25 25 25],brands=[0 31 29 27 25 30 24 24],agentMs=[12 26 15 16 18 19 25 0],agentQ=[24 54 34 34 34 42 52 24],cacheHits=28,cacheMisses=298,combos=2653,masterDeadline=1,colGenMs=455,searchMs=2056,totalMs=2679
day=6,dailyDelta=31,servDelta=86,cum=32/189/507,cgDeadline=0,starved=[],stub=[],cols=[12 25 25 21 25 22 25 25],brands=[0 24 24 31 31 28 28 30],agentMs=[11 25 12 26 19 11 11 16],agentQ=[24 54 24 54 42 24 26 34],cacheHits=21,cacheMisses=289,combos=3131,masterDeadline=1,colGenMs=323,searchMs=2062,totalMs=2701
day=7,dailyDelta=31,servDelta=89,cum=32/220/596,cgDeadline=0,starved=[],stub=[],cols=[12 23 25 23 24 24 25 25],brands=[0 28 28 26 21 30 29 24],agentMs=[12 27 20 23 24 13 14 23],agentQ=[24 54 42 48 48 26 28 48],cacheHits=6,cacheMisses=340,combos=2688,masterDeadline=1,colGenMs=484,searchMs=2048,totalMs=2647
day=8,dailyDelta=31,servDelta=87,cum=32/251/683,cgDeadline=0,starved=[],stub=[],cols=[12 24 23 25 25 25 25 25],brands=[0 28 27 28 29 29 24 28],agentMs=[13 27 16 20 12 20 26 11],agentQ=[24 54 34 42 26 42 52 24],cacheHits=21,cacheMisses=305,combos=3130,masterDeadline=1,colGenMs=333,searchMs=2064,totalMs=2588
day=9,dailyDelta=31,servDelta=84,cum=32/282/767,cgDeadline=0,starved=[],stub=[],cols=[12 23 25 25 25 25 25 22],brands=[0 24 30 27 31 30 30 28],agentMs=[12 26 24 22 19 11 18 12],agentQ=[24 54 52 48 42 24 38 26],cacheHits=19,cacheMisses=317,combos=3164,masterDeadline=1,colGenMs=336,searchMs=2059,totalMs=2475
day=10,dailyDelta=31,servDelta=94,cum=32/313/861,cgDeadline=0,starved=[],stub=[],cols=[12 24 24 25 25 25 23 25],brands=[0 31 26 24 24 27 26 30],agentMs=[13 26 26 14 18 12 13 22],agentQ=[24 54 52 32 42 28 30 48],cacheHits=19,cacheMisses=319,combos=2801,masterDeadline=1,colGenMs=354,searchMs=2048,totalMs=2090
probe_result,fixture=syn-colgen-208-threshold-corridor-seed-6100004,spots=32,daySteps=200,brandMode=distinct,players=4,score=32/313/861,starvedDays=0,stubDays=0
grid_complete
