case_begin day=1 agent=0 started=2026-08-31T13:48:58.3649739+00:00 max_states=50000 max_routes=64
ledger_before=0/0/0
day_score=8/8/60
score_after=8/8/60
agent=0 kind=patrol claims=11 served=11 path_steps=144 raw_path_fuel=90 initial_fuel=432 spots=4:4,17:1,14:6,8:0,6:6,19:3,23:7,11:3,2:2,10:2,5:5 terminal=405:342
agent=1 kind=patrol claims=8 served=8 path_steps=144 raw_path_fuel=62 initial_fuel=432 spots=8:0,6:6,19:3,4:4,2:2,9:1,7:7,5:5 terminal=405:397
agent=2 kind=patrol claims=8 served=8 path_steps=144 raw_path_fuel=85 initial_fuel=432 spots=5:5,7:7,10:2,4:4,8:0,6:6,19:3,9:1 terminal=491:391
agent=3 kind=patrol claims=9 served=9 path_steps=144 raw_path_fuel=125 initial_fuel=432 spots=5:5,17:1,7:7,10:2,4:4,8:0,6:6,19:3,3:3 terminal=434:406
agent=4 kind=patrol claims=8 served=8 path_steps=144 raw_path_fuel=88 initial_fuel=432 spots=17:1,5:5,4:4,8:0,6:6,19:3,23:7,16:0 terminal=552:400
agent=5 kind=tanker claims=0 served=0 path_steps=144 raw_path_fuel=4 initial_fuel=432 spots= terminal=104:432
agent=6 kind=patrol claims=8 served=8 path_steps=144 raw_path_fuel=96 initial_fuel=432 spots=5:5,4:4,11:3,12:4,16:0,23:7,9:1,10:2 terminal=349:385
agent=7 kind=patrol claims=8 served=8 path_steps=144 raw_path_fuel=67 initial_fuel=432 spots=6:6,8:0,19:3,4:4,2:2,9:1,7:7,5:5 terminal=405:397
spot=2 brand=2 cell=249 stock=3 served=3 denied=0 agents=1S,7S,0S
spot=3 brand=3 cell=434 stock=1 served=1 denied=0 agents=3S
spot=4 brand=4 cell=104 stock=8 served=7 denied=0 agents=0S,1S,2S,6S,7S,4S,3S
spot=5 brand=5 cell=405 stock=8 served=7 denied=0 agents=3S,2S,6S,4S,1S,7S,0S
spot=6 brand=6 cell=194 stock=7 served=6 denied=0 agents=7S,1S,0S,2S,4S,3S
spot=7 brand=7 cell=569 stock=7 served=4 denied=0 agents=2S,3S,1S,7S
spot=8 brand=0 cell=49 stock=8 served=6 denied=0 agents=1S,7S,0S,2S,4S,3S
spot=9 brand=1 cell=491 stock=5 served=4 denied=0 agents=1S,7S,2S,6S
spot=10 brand=2 cell=349 stock=5 served=4 denied=0 agents=2S,3S,0S,6S
spot=11 brand=3 cell=342 stock=2 served=2 denied=0 agents=6S,0S
spot=12 brand=4 cell=533 stock=6 served=1 denied=0 agents=6S
spot=14 brand=6 cell=10 stock=4 served=1 denied=0 agents=0S
spot=16 brand=0 cell=552 stock=5 served=2 denied=0 agents=6S,4S
spot=17 brand=1 cell=16 stock=8 served=3 denied=0 agents=4S,0S,3S
spot=19 brand=3 cell=288 stock=6 served=6 denied=0 agents=1S,7S,0S,2S,4S,3S
spot=23 brand=7 cell=529 stock=4 served=3 denied=0 agents=0S,6S,4S
sparse_agent=0 cap=50000 settled=50000 labels=51173 emitted_masks=170 protected_masks=12 retained=73 valid=73 best=8/8/63 mask=0x76CE17 protected=8/8/60 protected_mask=0x0
sparse_global_best=8/8/63 baseline=8/8/60 agent=0 mask=0x76CE17
sparse_protected_best=8/8/60 baseline=8/8/60 agent=-1 mask=0x0
sparse_best_plan=[[1,1,1,1,1,1,2,2,2,2,2,2,3,4,4,3,4,4,3,3,3,3,4,4,4,4,5,5,3,3,3,3,4,4,5,5,5,0,0,0,0,5,0,0,5,1,1,1,1,2,3,3,2,3,3,2,3,2,2,2,2,1,2,1,2,2,1,1,0,1,0,0,0,1,1,1,0,0,-1],[0,0,1,1,1,3,3,3,3,4,4,4,4,4,4,1,1,1,1,1,1,1,1,2,2,2,2,3,3,3,3,4,4,3,3,3,4,4,4,3,3,3,3,2,2,2,3,2,3,3,2,1,1,1,1,1,1,1,-32],[0,0,1,1,4,4,4,4,4,4,4,5,0,1,1,0,1,0,0,0,5,5,0,0,0,0,0,0,0,0,0,0,0,0,5,0,5,5,5,5,5,3,3,3,3,4,4,4,4,4,4,3,3,3,2,2,3,2,3,2,2,2,2,3,3,3,-27],[2,3,3,3,0,0,0,0,0,0,0,1,0,0,0,1,0,0,0,1,3,4,4,3,3,3,4,3,3,3,4,4,4,3,3,3,4,4,4,3,4,3,4,0,1,1,0,1,0,0,0,5,5,0,0,0,0,0,0,0,0,0,0,0,0,5,0,5,5,5,5,5,3,3,3,3,4,4,4,4,4,4,3,3,3,3,3,4,-1],[0,0,0,0,0,5,5,5,5,3,4,4,3,3,3,4,3,3,3,3,3,3,3,3,3,0,0,0,0,0,0,0,0,0,0,0,0,5,5,5,5,5,5,5,0,5,0,5,5,5,5,5,3,3,3,3,4,4,4,4,4,4,3,3,3,3,3,3,4,4,4,4,4,5,-10],[2,2,2,2,-136],[1,1,1,2,2,1,2,2,1,2,2,2,2,2,2,2,3,0,0,0,0,0,0,0,0,0,0,0,0,5,5,5,5,5,5,5,3,3,3,4,4,4,4,4,4,4,4,4,3,3,3,4,4,4,4,5,5,5,5,5,1,2,1,2,2,2,1,2,2,2,2,2,2,1,1,1,1,1,0,-3],[0,1,1,1,0,0,0,0,1,1,3,3,3,3,4,4,4,4,4,4,1,1,1,1,1,1,1,1,2,2,2,2,3,3,3,3,4,4,3,3,3,4,4,4,3,3,3,3,2,2,2,3,2,3,3,2,1,1,1,1,1,1,1,-22]]
case_complete day=1 agent=0 exit=0
case_elapsed_ms day=1 agent=0 value=96

case_begin day=1 agent=1 started=2026-08-31T13:48:58.4884226+00:00 max_states=50000 max_routes=64
ledger_before=0/0/0
day_score=8/8/60
score_after=8/8/60
agent=0 kind=patrol claims=11 served=11 path_steps=144 raw_path_fuel=90 initial_fuel=432 spots=4:4,17:1,14:6,8:0,6:6,19:3,23:7,11:3,2:2,10:2,5:5 terminal=405:342
agent=1 kind=patrol claims=8 served=8 path_steps=144 raw_path_fuel=62 initial_fuel=432 spots=8:0,6:6,19:3,4:4,2:2,9:1,7:7,5:5 terminal=405:397
agent=2 kind=patrol claims=8 served=8 path_steps=144 raw_path_fuel=85 initial_fuel=432 spots=5:5,7:7,10:2,4:4,8:0,6:6,19:3,9:1 terminal=491:391
agent=3 kind=patrol claims=9 served=9 path_steps=144 raw_path_fuel=125 initial_fuel=432 spots=5:5,17:1,7:7,10:2,4:4,8:0,6:6,19:3,3:3 terminal=434:406
agent=4 kind=patrol claims=8 served=8 path_steps=144 raw_path_fuel=88 initial_fuel=432 spots=17:1,5:5,4:4,8:0,6:6,19:3,23:7,16:0 terminal=552:400
agent=5 kind=tanker claims=0 served=0 path_steps=144 raw_path_fuel=4 initial_fuel=432 spots= terminal=104:432
agent=6 kind=patrol claims=8 served=8 path_steps=144 raw_path_fuel=96 initial_fuel=432 spots=5:5,4:4,11:3,12:4,16:0,23:7,9:1,10:2 terminal=349:385
agent=7 kind=patrol claims=8 served=8 path_steps=144 raw_path_fuel=67 initial_fuel=432 spots=6:6,8:0,19:3,4:4,2:2,9:1,7:7,5:5 terminal=405:397
spot=2 brand=2 cell=249 stock=3 served=3 denied=0 agents=1S,7S,0S
spot=3 brand=3 cell=434 stock=1 served=1 denied=0 agents=3S
spot=4 brand=4 cell=104 stock=8 served=7 denied=0 agents=0S,1S,2S,6S,7S,4S,3S
spot=5 brand=5 cell=405 stock=8 served=7 denied=0 agents=3S,2S,6S,4S,1S,7S,0S
spot=6 brand=6 cell=194 stock=7 served=6 denied=0 agents=7S,1S,0S,2S,4S,3S
spot=7 brand=7 cell=569 stock=7 served=4 denied=0 agents=2S,3S,1S,7S
spot=8 brand=0 cell=49 stock=8 served=6 denied=0 agents=1S,7S,0S,2S,4S,3S
spot=9 brand=1 cell=491 stock=5 served=4 denied=0 agents=1S,7S,2S,6S
spot=10 brand=2 cell=349 stock=5 served=4 denied=0 agents=2S,3S,0S,6S
spot=11 brand=3 cell=342 stock=2 served=2 denied=0 agents=6S,0S
spot=12 brand=4 cell=533 stock=6 served=1 denied=0 agents=6S
spot=14 brand=6 cell=10 stock=4 served=1 denied=0 agents=0S
spot=16 brand=0 cell=552 stock=5 served=2 denied=0 agents=6S,4S
spot=17 brand=1 cell=16 stock=8 served=3 denied=0 agents=4S,0S,3S
spot=19 brand=3 cell=288 stock=6 served=6 denied=0 agents=1S,7S,0S,2S,4S,3S
spot=23 brand=7 cell=529 stock=4 served=3 denied=0 agents=0S,6S,4S
sparse_agent=1 cap=50000 settled=50000 labels=51241 emitted_masks=174 protected_masks=31 retained=84 valid=84 best=8/8/67 mask=0xFF964B protected=8/8/60 protected_mask=0x0
sparse_global_best=8/8/67 baseline=8/8/60 agent=1 mask=0xFF964B
sparse_protected_best=8/8/60 baseline=8/8/60 agent=-1 mask=0x0
sparse_best_plan=[[1,1,1,1,1,2,2,2,2,2,1,2,5,5,5,5,5,5,5,5,5,5,4,4,5,5,5,5,3,3,3,3,4,4,4,4,4,4,3,3,3,3,3,3,4,4,4,4,1,1,1,1,1,1,2,1,1,1,1,1,1,2,3,3,2,3,3,2,3,2,2,2,2,2,2,2,3,-1],[2,3,4,4,4,4,3,3,3,3,3,4,3,4,4,4,4,5,1,2,2,2,2,2,1,1,2,2,2,2,2,1,1,2,2,2,0,0,0,0,2,1,1,1,2,0,0,0,0,1,0,1,1,1,0,1,2,2,2,2,2,3,3,3,4,4,4,4,3,3,3,3,-3],[0,0,1,1,4,4,4,4,4,4,4,5,0,1,1,0,1,0,0,0,5,5,0,0,0,0,0,0,0,0,0,0,0,0,5,0,5,5,5,5,5,3,3,3,3,4,4,4,4,4,4,3,3,3,2,2,3,2,3,2,2,2,2,3,3,3,-27],[2,3,3,3,0,0,0,0,0,0,0,1,0,0,0,1,0,0,0,1,3,4,4,3,3,3,4,3,3,3,4,4,4,3,3,3,4,4,4,3,4,3,4,0,1,1,0,1,0,0,0,5,5,0,0,0,0,0,0,0,0,0,0,0,0,5,0,5,5,5,5,5,3,3,3,3,4,4,4,4,4,4,3,3,3,3,3,4,-1],[0,0,0,0,0,5,5,5,5,3,4,4,3,3,3,4,3,3,3,3,3,3,3,3,3,0,0,0,0,0,0,0,0,0,0,0,0,5,5,5,5,5,5,5,0,5,0,5,5,5,5,5,3,3,3,3,4,4,4,4,4,4,3,3,3,3,3,3,4,4,4,4,4,5,-10],[2,2,2,2,-136],[1,1,1,2,2,1,2,2,1,2,2,2,2,2,2,2,3,0,0,0,0,0,0,0,0,0,0,0,0,5,5,5,5,5,5,5,3,3,3,4,4,4,4,4,4,4,4,4,3,3,3,4,4,4,4,5,5,5,5,5,1,2,1,2,2,2,1,2,2,2,2,2,2,1,1,1,1,1,0,-3],[0,1,1,1,0,0,0,0,1,1,3,3,3,3,4,4,4,4,4,4,1,1,1,1,1,1,1,1,2,2,2,2,3,3,3,3,4,4,3,3,3,4,4,4,3,3,3,3,2,2,2,3,2,3,3,2,1,1,1,1,1,1,1,-22]]
case_complete day=1 agent=1 exit=0
case_elapsed_ms day=1 agent=1 value=80

case_begin day=1 agent=2 started=2026-08-31T13:48:58.5732247+00:00 max_states=50000 max_routes=64
ledger_before=0/0/0
day_score=8/8/60
score_after=8/8/60
agent=0 kind=patrol claims=11 served=11 path_steps=144 raw_path_fuel=90 initial_fuel=432 spots=4:4,17:1,14:6,8:0,6:6,19:3,23:7,11:3,2:2,10:2,5:5 terminal=405:342
agent=1 kind=patrol claims=8 served=8 path_steps=144 raw_path_fuel=62 initial_fuel=432 spots=8:0,6:6,19:3,4:4,2:2,9:1,7:7,5:5 terminal=405:397
agent=2 kind=patrol claims=8 served=8 path_steps=144 raw_path_fuel=85 initial_fuel=432 spots=5:5,7:7,10:2,4:4,8:0,6:6,19:3,9:1 terminal=491:391
agent=3 kind=patrol claims=9 served=9 path_steps=144 raw_path_fuel=125 initial_fuel=432 spots=5:5,17:1,7:7,10:2,4:4,8:0,6:6,19:3,3:3 terminal=434:406
agent=4 kind=patrol claims=8 served=8 path_steps=144 raw_path_fuel=88 initial_fuel=432 spots=17:1,5:5,4:4,8:0,6:6,19:3,23:7,16:0 terminal=552:400
agent=5 kind=tanker claims=0 served=0 path_steps=144 raw_path_fuel=4 initial_fuel=432 spots= terminal=104:432
agent=6 kind=patrol claims=8 served=8 path_steps=144 raw_path_fuel=96 initial_fuel=432 spots=5:5,4:4,11:3,12:4,16:0,23:7,9:1,10:2 terminal=349:385
agent=7 kind=patrol claims=8 served=8 path_steps=144 raw_path_fuel=67 initial_fuel=432 spots=6:6,8:0,19:3,4:4,2:2,9:1,7:7,5:5 terminal=405:397
spot=2 brand=2 cell=249 stock=3 served=3 denied=0 agents=1S,7S,0S
spot=3 brand=3 cell=434 stock=1 served=1 denied=0 agents=3S
spot=4 brand=4 cell=104 stock=8 served=7 denied=0 agents=0S,1S,2S,6S,7S,4S,3S
spot=5 brand=5 cell=405 stock=8 served=7 denied=0 agents=3S,2S,6S,4S,1S,7S,0S
spot=6 brand=6 cell=194 stock=7 served=6 denied=0 agents=7S,1S,0S,2S,4S,3S
spot=7 brand=7 cell=569 stock=7 served=4 denied=0 agents=2S,3S,1S,7S
spot=8 brand=0 cell=49 stock=8 served=6 denied=0 agents=1S,7S,0S,2S,4S,3S
spot=9 brand=1 cell=491 stock=5 served=4 denied=0 agents=1S,7S,2S,6S
spot=10 brand=2 cell=349 stock=5 served=4 denied=0 agents=2S,3S,0S,6S
spot=11 brand=3 cell=342 stock=2 served=2 denied=0 agents=6S,0S
spot=12 brand=4 cell=533 stock=6 served=1 denied=0 agents=6S
spot=14 brand=6 cell=10 stock=4 served=1 denied=0 agents=0S
spot=16 brand=0 cell=552 stock=5 served=2 denied=0 agents=6S,4S
spot=17 brand=1 cell=16 stock=8 served=3 denied=0 agents=4S,0S,3S
spot=19 brand=3 cell=288 stock=6 served=6 denied=0 agents=1S,7S,0S,2S,4S,3S
spot=23 brand=7 cell=529 stock=4 served=3 denied=0 agents=0S,6S,4S
sparse_agent=2 cap=50000 settled=50000 labels=51117 emitted_masks=215 protected_masks=12 retained=76 valid=76 best=8/8/67 mask=0xF7B62B protected=8/8/60 protected_mask=0x0
sparse_global_best=8/8/67 baseline=8/8/60 agent=2 mask=0xF7B62B
sparse_protected_best=8/8/60 baseline=8/8/60 agent=-1 mask=0x0
sparse_best_plan=[[1,1,1,1,1,2,2,2,2,2,1,2,5,5,5,5,5,5,5,5,5,5,4,4,5,5,5,5,3,3,3,3,4,4,4,4,4,4,3,3,3,3,3,3,4,4,4,4,1,1,1,1,1,1,2,1,1,1,1,1,1,2,3,3,2,3,3,2,3,2,2,2,2,2,2,2,3,-1],[0,0,1,1,1,3,3,3,3,4,4,4,4,4,4,1,1,1,1,1,1,1,1,2,2,2,2,3,3,3,3,4,4,3,3,3,4,4,4,3,3,3,3,2,2,2,3,2,3,3,2,1,1,1,1,1,1,1,-32],[2,2,0,0,0,0,0,1,1,1,1,0,1,0,0,0,1,1,1,0,0,0,5,5,5,5,5,3,4,4,3,4,4,3,3,3,3,4,4,4,4,5,5,3,3,3,3,4,4,5,5,5,4,5,5,5,5,5,4,5,5,5,5,4,5,1,1,1,1,1,-5],[2,3,3,3,0,0,0,0,0,0,0,1,0,0,0,1,0,0,0,1,3,4,4,3,3,3,4,3,3,3,4,4,4,3,3,3,4,4,4,3,4,3,4,0,1,1,0,1,0,0,0,5,5,0,0,0,0,0,0,0,0,0,0,0,0,5,0,5,5,5,5,5,3,3,3,3,4,4,4,4,4,4,3,3,3,3,3,4,-1],[0,0,0,0,0,5,5,5,5,3,4,4,3,3,3,4,3,3,3,3,3,3,3,3,3,0,0,0,0,0,0,0,0,0,0,0,0,5,5,5,5,5,5,5,0,5,0,5,5,5,5,5,3,3,3,3,4,4,4,4,4,4,3,3,3,3,3,3,4,4,4,4,4,5,-10],[2,2,2,2,-136],[1,1,1,2,2,1,2,2,1,2,2,2,2,2,2,2,3,0,0,0,0,0,0,0,0,0,0,0,0,5,5,5,5,5,5,5,3,3,3,4,4,4,4,4,4,4,4,4,3,3,3,4,4,4,4,5,5,5,5,5,1,2,1,2,2,2,1,2,2,2,2,2,2,1,1,1,1,1,0,-3],[0,1,1,1,0,0,0,0,1,1,3,3,3,3,4,4,4,4,4,4,1,1,1,1,1,1,1,1,2,2,2,2,3,3,3,3,4,4,3,3,3,4,4,4,3,3,3,3,2,2,2,3,2,3,3,2,1,1,1,1,1,1,1,-22]]
case_complete day=1 agent=2 exit=0
case_elapsed_ms day=1 agent=2 value=79

case_begin day=1 agent=3 started=2026-08-31T13:48:58.6596806+00:00 max_states=50000 max_routes=64
ledger_before=0/0/0
day_score=8/8/60
score_after=8/8/60
agent=0 kind=patrol claims=11 served=11 path_steps=144 raw_path_fuel=90 initial_fuel=432 spots=4:4,17:1,14:6,8:0,6:6,19:3,23:7,11:3,2:2,10:2,5:5 terminal=405:342
agent=1 kind=patrol claims=8 served=8 path_steps=144 raw_path_fuel=62 initial_fuel=432 spots=8:0,6:6,19:3,4:4,2:2,9:1,7:7,5:5 terminal=405:397
agent=2 kind=patrol claims=8 served=8 path_steps=144 raw_path_fuel=85 initial_fuel=432 spots=5:5,7:7,10:2,4:4,8:0,6:6,19:3,9:1 terminal=491:391
agent=3 kind=patrol claims=9 served=9 path_steps=144 raw_path_fuel=125 initial_fuel=432 spots=5:5,17:1,7:7,10:2,4:4,8:0,6:6,19:3,3:3 terminal=434:406
agent=4 kind=patrol claims=8 served=8 path_steps=144 raw_path_fuel=88 initial_fuel=432 spots=17:1,5:5,4:4,8:0,6:6,19:3,23:7,16:0 terminal=552:400
agent=5 kind=tanker claims=0 served=0 path_steps=144 raw_path_fuel=4 initial_fuel=432 spots= terminal=104:432
agent=6 kind=patrol claims=8 served=8 path_steps=144 raw_path_fuel=96 initial_fuel=432 spots=5:5,4:4,11:3,12:4,16:0,23:7,9:1,10:2 terminal=349:385
agent=7 kind=patrol claims=8 served=8 path_steps=144 raw_path_fuel=67 initial_fuel=432 spots=6:6,8:0,19:3,4:4,2:2,9:1,7:7,5:5 terminal=405:397
spot=2 brand=2 cell=249 stock=3 served=3 denied=0 agents=1S,7S,0S
spot=3 brand=3 cell=434 stock=1 served=1 denied=0 agents=3S
spot=4 brand=4 cell=104 stock=8 served=7 denied=0 agents=0S,1S,2S,6S,7S,4S,3S
spot=5 brand=5 cell=405 stock=8 served=7 denied=0 agents=3S,2S,6S,4S,1S,7S,0S
spot=6 brand=6 cell=194 stock=7 served=6 denied=0 agents=7S,1S,0S,2S,4S,3S
spot=7 brand=7 cell=569 stock=7 served=4 denied=0 agents=2S,3S,1S,7S
spot=8 brand=0 cell=49 stock=8 served=6 denied=0 agents=1S,7S,0S,2S,4S,3S
spot=9 brand=1 cell=491 stock=5 served=4 denied=0 agents=1S,7S,2S,6S
spot=10 brand=2 cell=349 stock=5 served=4 denied=0 agents=2S,3S,0S,6S
spot=11 brand=3 cell=342 stock=2 served=2 denied=0 agents=6S,0S
spot=12 brand=4 cell=533 stock=6 served=1 denied=0 agents=6S
spot=14 brand=6 cell=10 stock=4 served=1 denied=0 agents=0S
spot=16 brand=0 cell=552 stock=5 served=2 denied=0 agents=6S,4S
spot=17 brand=1 cell=16 stock=8 served=3 denied=0 agents=4S,0S,3S
spot=19 brand=3 cell=288 stock=6 served=6 denied=0 agents=1S,7S,0S,2S,4S,3S
spot=23 brand=7 cell=529 stock=4 served=3 denied=0 agents=0S,6S,4S
sparse_agent=3 cap=50000 settled=50000 labels=51225 emitted_masks=198 protected_masks=17 retained=81 valid=81 best=8/8/64 mask=0x975E3D protected=8/8/60 protected_mask=0x0
sparse_global_best=8/8/64 baseline=8/8/60 agent=3 mask=0x975E3D
sparse_protected_best=8/8/60 baseline=8/8/60 agent=-1 mask=0x0
sparse_best_plan=[[1,1,1,1,1,2,2,2,2,2,1,2,5,5,5,5,5,5,5,5,5,5,4,4,5,5,5,5,3,3,3,3,4,4,4,4,4,4,3,3,3,3,3,3,4,4,4,4,1,1,1,1,1,1,2,1,1,1,1,1,1,2,3,3,2,3,3,2,3,2,2,2,2,2,2,2,3,-1],[0,0,1,1,1,3,3,3,3,4,4,4,4,4,4,1,1,1,1,1,1,1,1,2,2,2,2,3,3,3,3,4,4,3,3,3,4,4,4,3,3,3,3,2,2,2,3,2,3,3,2,1,1,1,1,1,1,1,-32],[0,0,1,1,4,4,4,4,4,4,4,5,0,1,1,0,1,0,0,0,5,5,0,0,0,0,0,0,0,0,0,0,0,0,5,0,5,5,5,5,5,3,3,3,3,4,4,4,4,4,4,3,3,3,2,2,3,2,3,2,2,2,2,3,3,3,-27],[0,0,5,0,0,0,0,1,0,1,1,1,0,1,5,5,5,5,5,5,4,4,4,4,3,3,3,3,4,4,4,4,4,4,5,4,4,5,4,4,5,3,4,4,4,4,5,1,2,2,2,2,2,1,1,2,2,2,2,2,1,1,2,2,2,0,0,0,0,3,2,2,2,2,2,2,2,3],[0,0,0,0,0,5,5,5,5,3,4,4,3,3,3,4,3,3,3,3,3,3,3,3,3,0,0,0,0,0,0,0,0,0,0,0,0,5,5,5,5,5,5,5,0,5,0,5,5,5,5,5,3,3,3,3,4,4,4,4,4,4,3,3,3,3,3,3,4,4,4,4,4,5,-10],[2,2,2,2,-136],[1,1,1,2,2,1,2,2,1,2,2,2,2,2,2,2,3,0,0,0,0,0,0,0,0,0,0,0,0,5,5,5,5,5,5,5,3,3,3,4,4,4,4,4,4,4,4,4,3,3,3,4,4,4,4,5,5,5,5,5,1,2,1,2,2,2,1,2,2,2,2,2,2,1,1,1,1,1,0,-3],[0,1,1,1,0,0,0,0,1,1,3,3,3,3,4,4,4,4,4,4,1,1,1,1,1,1,1,1,2,2,2,2,3,3,3,3,4,4,3,3,3,4,4,4,3,3,3,3,2,2,2,3,2,3,3,2,1,1,1,1,1,1,1,-22]]
case_complete day=1 agent=3 exit=0
case_elapsed_ms day=1 agent=3 value=80

case_begin day=1 agent=4 started=2026-08-31T13:48:58.7445491+00:00 max_states=50000 max_routes=64
ledger_before=0/0/0
day_score=8/8/60
score_after=8/8/60
agent=0 kind=patrol claims=11 served=11 path_steps=144 raw_path_fuel=90 initial_fuel=432 spots=4:4,17:1,14:6,8:0,6:6,19:3,23:7,11:3,2:2,10:2,5:5 terminal=405:342
agent=1 kind=patrol claims=8 served=8 path_steps=144 raw_path_fuel=62 initial_fuel=432 spots=8:0,6:6,19:3,4:4,2:2,9:1,7:7,5:5 terminal=405:397
agent=2 kind=patrol claims=8 served=8 path_steps=144 raw_path_fuel=85 initial_fuel=432 spots=5:5,7:7,10:2,4:4,8:0,6:6,19:3,9:1 terminal=491:391
agent=3 kind=patrol claims=9 served=9 path_steps=144 raw_path_fuel=125 initial_fuel=432 spots=5:5,17:1,7:7,10:2,4:4,8:0,6:6,19:3,3:3 terminal=434:406
agent=4 kind=patrol claims=8 served=8 path_steps=144 raw_path_fuel=88 initial_fuel=432 spots=17:1,5:5,4:4,8:0,6:6,19:3,23:7,16:0 terminal=552:400
agent=5 kind=tanker claims=0 served=0 path_steps=144 raw_path_fuel=4 initial_fuel=432 spots= terminal=104:432
agent=6 kind=patrol claims=8 served=8 path_steps=144 raw_path_fuel=96 initial_fuel=432 spots=5:5,4:4,11:3,12:4,16:0,23:7,9:1,10:2 terminal=349:385
agent=7 kind=patrol claims=8 served=8 path_steps=144 raw_path_fuel=67 initial_fuel=432 spots=6:6,8:0,19:3,4:4,2:2,9:1,7:7,5:5 terminal=405:397
spot=2 brand=2 cell=249 stock=3 served=3 denied=0 agents=1S,7S,0S
spot=3 brand=3 cell=434 stock=1 served=1 denied=0 agents=3S
spot=4 brand=4 cell=104 stock=8 served=7 denied=0 agents=0S,1S,2S,6S,7S,4S,3S
spot=5 brand=5 cell=405 stock=8 served=7 denied=0 agents=3S,2S,6S,4S,1S,7S,0S
spot=6 brand=6 cell=194 stock=7 served=6 denied=0 agents=7S,1S,0S,2S,4S,3S
spot=7 brand=7 cell=569 stock=7 served=4 denied=0 agents=2S,3S,1S,7S
spot=8 brand=0 cell=49 stock=8 served=6 denied=0 agents=1S,7S,0S,2S,4S,3S
spot=9 brand=1 cell=491 stock=5 served=4 denied=0 agents=1S,7S,2S,6S
spot=10 brand=2 cell=349 stock=5 served=4 denied=0 agents=2S,3S,0S,6S
spot=11 brand=3 cell=342 stock=2 served=2 denied=0 agents=6S,0S
spot=12 brand=4 cell=533 stock=6 served=1 denied=0 agents=6S
spot=14 brand=6 cell=10 stock=4 served=1 denied=0 agents=0S
spot=16 brand=0 cell=552 stock=5 served=2 denied=0 agents=6S,4S
spot=17 brand=1 cell=16 stock=8 served=3 denied=0 agents=4S,0S,3S
spot=19 brand=3 cell=288 stock=6 served=6 denied=0 agents=1S,7S,0S,2S,4S,3S
spot=23 brand=7 cell=529 stock=4 served=3 denied=0 agents=0S,6S,4S
sparse_agent=4 cap=50000 settled=50000 labels=51399 emitted_masks=217 protected_masks=24 retained=78 valid=78 best=8/8/66 mask=0xF5B6AA protected=8/8/60 protected_mask=0x0
sparse_global_best=8/8/66 baseline=8/8/60 agent=4 mask=0xF5B6AA
sparse_protected_best=8/8/60 baseline=8/8/60 agent=-1 mask=0x0
sparse_best_plan=[[1,1,1,1,1,2,2,2,2,2,1,2,5,5,5,5,5,5,5,5,5,5,4,4,5,5,5,5,3,3,3,3,4,4,4,4,4,4,3,3,3,3,3,3,4,4,4,4,1,1,1,1,1,1,2,1,1,1,1,1,1,2,3,3,2,3,3,2,3,2,2,2,2,2,2,2,3,-1],[0,0,1,1,1,3,3,3,3,4,4,4,4,4,4,1,1,1,1,1,1,1,1,2,2,2,2,3,3,3,3,4,4,3,3,3,4,4,4,3,3,3,3,2,2,2,3,2,3,3,2,1,1,1,1,1,1,1,-32],[0,0,1,1,4,4,4,4,4,4,4,5,0,1,1,0,1,0,0,0,5,5,0,0,0,0,0,0,0,0,0,0,0,0,5,0,5,5,5,5,5,3,3,3,3,4,4,4,4,4,4,3,3,3,2,2,3,2,3,2,2,2,2,3,3,3,-27],[2,3,3,3,0,0,0,0,0,0,0,1,0,0,0,1,0,0,0,1,3,4,4,3,3,3,4,3,3,3,4,4,4,3,3,3,4,4,4,3,4,3,4,0,1,1,0,1,0,0,0,5,5,0,0,0,0,0,0,0,0,0,0,0,0,5,0,5,5,5,5,5,3,3,3,3,4,4,4,4,4,4,3,3,3,3,3,4,-1],[0,1,0,0,4,3,3,4,4,4,3,3,3,3,3,4,4,4,4,3,3,3,3,4,4,5,5,5,5,4,5,0,0,5,0,1,1,0,0,0,0,2,1,1,1,2,3,4,4,4,5,5,4,4,4,4,4,4,5,5,5,5,5,4,0,5,0,0,0,3,4,4,4,4,5,-2],[2,2,2,2,-136],[1,1,1,2,2,1,2,2,1,2,2,2,2,2,2,2,3,0,0,0,0,0,0,0,0,0,0,0,0,5,5,5,5,5,5,5,3,3,3,4,4,4,4,4,4,4,4,4,3,3,3,4,4,4,4,5,5,5,5,5,1,2,1,2,2,2,1,2,2,2,2,2,2,1,1,1,1,1,0,-3],[0,1,1,1,0,0,0,0,1,1,3,3,3,3,4,4,4,4,4,4,1,1,1,1,1,1,1,1,2,2,2,2,3,3,3,3,4,4,3,3,3,4,4,4,3,3,3,3,2,2,2,3,2,3,3,2,1,1,1,1,1,1,1,-22]]
case_complete day=1 agent=4 exit=0
case_elapsed_ms day=1 agent=4 value=86

case_begin day=1 agent=6 started=2026-08-31T13:48:58.8401049+00:00 max_states=50000 max_routes=64
ledger_before=0/0/0
day_score=8/8/60
score_after=8/8/60
agent=0 kind=patrol claims=11 served=11 path_steps=144 raw_path_fuel=90 initial_fuel=432 spots=4:4,17:1,14:6,8:0,6:6,19:3,23:7,11:3,2:2,10:2,5:5 terminal=405:342
agent=1 kind=patrol claims=8 served=8 path_steps=144 raw_path_fuel=62 initial_fuel=432 spots=8:0,6:6,19:3,4:4,2:2,9:1,7:7,5:5 terminal=405:397
agent=2 kind=patrol claims=8 served=8 path_steps=144 raw_path_fuel=85 initial_fuel=432 spots=5:5,7:7,10:2,4:4,8:0,6:6,19:3,9:1 terminal=491:391
agent=3 kind=patrol claims=9 served=9 path_steps=144 raw_path_fuel=125 initial_fuel=432 spots=5:5,17:1,7:7,10:2,4:4,8:0,6:6,19:3,3:3 terminal=434:406
agent=4 kind=patrol claims=8 served=8 path_steps=144 raw_path_fuel=88 initial_fuel=432 spots=17:1,5:5,4:4,8:0,6:6,19:3,23:7,16:0 terminal=552:400
agent=5 kind=tanker claims=0 served=0 path_steps=144 raw_path_fuel=4 initial_fuel=432 spots= terminal=104:432
agent=6 kind=patrol claims=8 served=8 path_steps=144 raw_path_fuel=96 initial_fuel=432 spots=5:5,4:4,11:3,12:4,16:0,23:7,9:1,10:2 terminal=349:385
agent=7 kind=patrol claims=8 served=8 path_steps=144 raw_path_fuel=67 initial_fuel=432 spots=6:6,8:0,19:3,4:4,2:2,9:1,7:7,5:5 terminal=405:397
spot=2 brand=2 cell=249 stock=3 served=3 denied=0 agents=1S,7S,0S
spot=3 brand=3 cell=434 stock=1 served=1 denied=0 agents=3S
spot=4 brand=4 cell=104 stock=8 served=7 denied=0 agents=0S,1S,2S,6S,7S,4S,3S
spot=5 brand=5 cell=405 stock=8 served=7 denied=0 agents=3S,2S,6S,4S,1S,7S,0S
spot=6 brand=6 cell=194 stock=7 served=6 denied=0 agents=7S,1S,0S,2S,4S,3S
spot=7 brand=7 cell=569 stock=7 served=4 denied=0 agents=2S,3S,1S,7S
spot=8 brand=0 cell=49 stock=8 served=6 denied=0 agents=1S,7S,0S,2S,4S,3S
spot=9 brand=1 cell=491 stock=5 served=4 denied=0 agents=1S,7S,2S,6S
spot=10 brand=2 cell=349 stock=5 served=4 denied=0 agents=2S,3S,0S,6S
spot=11 brand=3 cell=342 stock=2 served=2 denied=0 agents=6S,0S
spot=12 brand=4 cell=533 stock=6 served=1 denied=0 agents=6S
spot=14 brand=6 cell=10 stock=4 served=1 denied=0 agents=0S
spot=16 brand=0 cell=552 stock=5 served=2 denied=0 agents=6S,4S
spot=17 brand=1 cell=16 stock=8 served=3 denied=0 agents=4S,0S,3S
spot=19 brand=3 cell=288 stock=6 served=6 denied=0 agents=1S,7S,0S,2S,4S,3S
spot=23 brand=7 cell=529 stock=4 served=3 denied=0 agents=0S,6S,4S
sparse_agent=6 cap=50000 settled=50000 labels=50930 emitted_masks=203 protected_masks=38 retained=97 valid=97 best=8/8/66 mask=0xEBF17A protected=8/8/60 protected_mask=0x0
sparse_global_best=8/8/66 baseline=8/8/60 agent=6 mask=0xEBF17A
sparse_protected_best=8/8/60 baseline=8/8/60 agent=-1 mask=0x0
sparse_best_plan=[[1,1,1,1,1,2,2,2,2,2,1,2,5,5,5,5,5,5,5,5,5,5,4,4,5,5,5,5,3,3,3,3,4,4,4,4,4,4,3,3,3,3,3,3,4,4,4,4,1,1,1,1,1,1,2,1,1,1,1,1,1,2,3,3,2,3,3,2,3,2,2,2,2,2,2,2,3,-1],[0,0,1,1,1,3,3,3,3,4,4,4,4,4,4,1,1,1,1,1,1,1,1,2,2,2,2,3,3,3,3,4,4,3,3,3,4,4,4,3,3,3,3,2,2,2,3,2,3,3,2,1,1,1,1,1,1,1,-32],[0,0,1,1,4,4,4,4,4,4,4,5,0,1,1,0,1,0,0,0,5,5,0,0,0,0,0,0,0,0,0,0,0,0,5,0,5,5,5,5,5,3,3,3,3,4,4,4,4,4,4,3,3,3,2,2,3,2,3,2,2,2,2,3,3,3,-27],[2,3,3,3,0,0,0,0,0,0,0,1,0,0,0,1,0,0,0,1,3,4,4,3,3,3,4,3,3,3,4,4,4,3,3,3,4,4,4,3,4,3,4,0,1,1,0,1,0,0,0,5,5,0,0,0,0,0,0,0,0,0,0,0,0,5,0,5,5,5,5,5,3,3,3,3,4,4,4,4,4,4,3,3,3,3,3,4,-1],[0,0,0,0,0,5,5,5,5,3,4,4,3,3,3,4,3,3,3,3,3,3,3,3,3,0,0,0,0,0,0,0,0,0,0,0,0,5,5,5,5,5,5,5,0,5,0,5,5,5,5,5,3,3,3,3,4,4,4,4,4,4,3,3,3,3,3,3,4,4,4,4,4,5,-10],[2,2,2,2,-136],[4,5,4,5,5,5,5,4,5,1,1,1,1,1,0,1,0,0,0,0,1,1,1,1,0,0,0,0,1,1,2,2,2,2,2,3,2,3,1,1,1,1,2,2,2,2,2,2,2,2,2,2,2,3,3,3,4,4,4,4,3,3,3,3,3,4,4,4,4,3,3,3,3],[0,1,1,1,0,0,0,0,1,1,3,3,3,3,4,4,4,4,4,4,1,1,1,1,1,1,1,1,2,2,2,2,3,3,3,3,4,4,3,3,3,4,4,4,3,3,3,3,2,2,2,3,2,3,3,2,1,1,1,1,1,1,1,-22]]
case_complete day=1 agent=6 exit=0
case_elapsed_ms day=1 agent=6 value=100

case_begin day=1 agent=7 started=2026-08-31T13:48:58.9468099+00:00 max_states=50000 max_routes=64
ledger_before=0/0/0
day_score=8/8/60
score_after=8/8/60
agent=0 kind=patrol claims=11 served=11 path_steps=144 raw_path_fuel=90 initial_fuel=432 spots=4:4,17:1,14:6,8:0,6:6,19:3,23:7,11:3,2:2,10:2,5:5 terminal=405:342
agent=1 kind=patrol claims=8 served=8 path_steps=144 raw_path_fuel=62 initial_fuel=432 spots=8:0,6:6,19:3,4:4,2:2,9:1,7:7,5:5 terminal=405:397
agent=2 kind=patrol claims=8 served=8 path_steps=144 raw_path_fuel=85 initial_fuel=432 spots=5:5,7:7,10:2,4:4,8:0,6:6,19:3,9:1 terminal=491:391
agent=3 kind=patrol claims=9 served=9 path_steps=144 raw_path_fuel=125 initial_fuel=432 spots=5:5,17:1,7:7,10:2,4:4,8:0,6:6,19:3,3:3 terminal=434:406
agent=4 kind=patrol claims=8 served=8 path_steps=144 raw_path_fuel=88 initial_fuel=432 spots=17:1,5:5,4:4,8:0,6:6,19:3,23:7,16:0 terminal=552:400
agent=5 kind=tanker claims=0 served=0 path_steps=144 raw_path_fuel=4 initial_fuel=432 spots= terminal=104:432
agent=6 kind=patrol claims=8 served=8 path_steps=144 raw_path_fuel=96 initial_fuel=432 spots=5:5,4:4,11:3,12:4,16:0,23:7,9:1,10:2 terminal=349:385
agent=7 kind=patrol claims=8 served=8 path_steps=144 raw_path_fuel=67 initial_fuel=432 spots=6:6,8:0,19:3,4:4,2:2,9:1,7:7,5:5 terminal=405:397
spot=2 brand=2 cell=249 stock=3 served=3 denied=0 agents=1S,7S,0S
spot=3 brand=3 cell=434 stock=1 served=1 denied=0 agents=3S
spot=4 brand=4 cell=104 stock=8 served=7 denied=0 agents=0S,1S,2S,6S,7S,4S,3S
spot=5 brand=5 cell=405 stock=8 served=7 denied=0 agents=3S,2S,6S,4S,1S,7S,0S
spot=6 brand=6 cell=194 stock=7 served=6 denied=0 agents=7S,1S,0S,2S,4S,3S
spot=7 brand=7 cell=569 stock=7 served=4 denied=0 agents=2S,3S,1S,7S
spot=8 brand=0 cell=49 stock=8 served=6 denied=0 agents=1S,7S,0S,2S,4S,3S
spot=9 brand=1 cell=491 stock=5 served=4 denied=0 agents=1S,7S,2S,6S
spot=10 brand=2 cell=349 stock=5 served=4 denied=0 agents=2S,3S,0S,6S
spot=11 brand=3 cell=342 stock=2 served=2 denied=0 agents=6S,0S
spot=12 brand=4 cell=533 stock=6 served=1 denied=0 agents=6S
spot=14 brand=6 cell=10 stock=4 served=1 denied=0 agents=0S
spot=16 brand=0 cell=552 stock=5 served=2 denied=0 agents=6S,4S
spot=17 brand=1 cell=16 stock=8 served=3 denied=0 agents=4S,0S,3S
spot=19 brand=3 cell=288 stock=6 served=6 denied=0 agents=1S,7S,0S,2S,4S,3S
spot=23 brand=7 cell=529 stock=4 served=3 denied=0 agents=0S,6S,4S
sparse_agent=7 cap=50000 settled=50000 labels=51048 emitted_masks=196 protected_masks=15 retained=77 valid=77 best=8/8/67 mask=0x7EC573 protected=8/8/60 protected_mask=0x0
sparse_global_best=8/8/67 baseline=8/8/60 agent=7 mask=0x7EC573
sparse_protected_best=8/8/60 baseline=8/8/60 agent=-1 mask=0x0
sparse_best_plan=[[1,1,1,1,1,2,2,2,2,2,1,2,5,5,5,5,5,5,5,5,5,5,4,4,5,5,5,5,3,3,3,3,4,4,4,4,4,4,3,3,3,3,3,3,4,4,4,4,1,1,1,1,1,1,2,1,1,1,1,1,1,2,3,3,2,3,3,2,3,2,2,2,2,2,2,2,3,-1],[0,0,1,1,1,3,3,3,3,4,4,4,4,4,4,1,1,1,1,1,1,1,1,2,2,2,2,3,3,3,3,4,4,3,3,3,4,4,4,3,3,3,3,2,2,2,3,2,3,3,2,1,1,1,1,1,1,1,-32],[0,0,1,1,4,4,4,4,4,4,4,5,0,1,1,0,1,0,0,0,5,5,0,0,0,0,0,0,0,0,0,0,0,0,5,0,5,5,5,5,5,3,3,3,3,4,4,4,4,4,4,3,3,3,2,2,3,2,3,2,2,2,2,3,3,3,-27],[2,3,3,3,0,0,0,0,0,0,0,1,0,0,0,1,0,0,0,1,3,4,4,3,3,3,4,3,3,3,4,4,4,3,3,3,4,4,4,3,4,3,4,0,1,1,0,1,0,0,0,5,5,0,0,0,0,0,0,0,0,0,0,0,0,5,0,5,5,5,5,5,3,3,3,3,4,4,4,4,4,4,3,3,3,3,3,4,-1],[0,0,0,0,0,5,5,5,5,3,4,4,3,3,3,4,3,3,3,3,3,3,3,3,3,0,0,0,0,0,0,0,0,0,0,0,0,5,5,5,5,5,5,5,0,5,0,5,5,5,5,5,3,3,3,3,4,4,4,4,4,4,3,3,3,3,3,3,4,4,4,4,4,5,-10],[2,2,2,2,-136],[1,1,1,2,2,1,2,2,1,2,2,2,2,2,2,2,3,0,0,0,0,0,0,0,0,0,0,0,0,5,5,5,5,5,5,5,3,3,3,4,4,4,4,4,4,4,4,4,3,3,3,4,4,4,4,5,5,5,5,5,1,2,1,2,2,2,1,2,2,2,2,2,2,1,1,1,1,1,0,-3],[5,1,1,1,1,0,0,0,0,1,1,2,2,2,2,2,3,2,3,1,1,1,1,2,2,2,2,2,2,3,4,4,3,4,4,3,3,3,3,4,4,4,4,5,5,3,3,3,3,1,2,2,2,2,1,2,0,1,1,1,1,0,1,0,0,0,1,1,1,0,0,-5]]
case_complete day=1 agent=7 exit=0
case_elapsed_ms day=1 agent=7 value=81

case_begin day=2 agent=0 started=2026-08-31T13:48:59.0349942+00:00 max_states=50000 max_routes=64
ledger_before=8/8/60
day_score=8/8/60
score_after=8/16/120
agent=0 kind=patrol claims=8 served=8 path_steps=144 raw_path_fuel=95 initial_fuel=342 spots=5:5,7:7,0:0,17:1,18:2,20:4,11:3,6:6 terminal=194:384
agent=1 kind=patrol claims=8 served=8 path_steps=144 raw_path_fuel=69 initial_fuel=397 spots=5:5,7:7,0:0,17:1,14:6,4:4,2:2,11:3 terminal=342:410
agent=2 kind=patrol claims=9 served=9 path_steps=144 raw_path_fuel=93 initial_fuel=391 spots=9:1,5:5,7:7,4:4,17:1,0:0,18:2,22:6,15:7 terminal=46:406
agent=3 kind=patrol claims=9 served=9 path_steps=144 raw_path_fuel=71 initial_fuel=406 spots=3:3,4:4,6:6,19:3,8:0,14:6,17:1,15:7,18:2 terminal=281:414
agent=4 kind=patrol claims=10 served=10 path_steps=144 raw_path_fuel=84 initial_fuel=400 spots=16:0,23:7,12:4,4:4,8:0,6:6,19:3,2:2,9:1,5:5 terminal=405:316
agent=5 kind=tanker claims=0 served=0 path_steps=144 raw_path_fuel=12 initial_fuel=432 spots= terminal=16:432
agent=6 kind=patrol claims=9 served=9 path_steps=144 raw_path_fuel=81 initial_fuel=385 spots=10:2,5:5,4:4,17:1,0:0,14:6,15:7,22:6,1:1 terminal=165:420
agent=7 kind=patrol claims=7 served=7 path_steps=144 raw_path_fuel=64 initial_fuel=397 spots=5:5,7:7,0:0,17:1,14:6,4:4,2:2 terminal=249:415
spot=0 brand=0 cell=159 stock=7 served=5 denied=0 agents=0S,1S,7S,6S,2S
spot=1 brand=1 cell=165 stock=1 served=1 denied=0 agents=6S
spot=2 brand=2 cell=249 stock=3 served=3 denied=0 agents=1S,7S,4S
spot=3 brand=3 cell=434 stock=1 served=1 denied=0 agents=3S
spot=4 brand=4 cell=104 stock=8 served=6 denied=0 agents=3S,4S,6S,1S,7S,2S
spot=5 brand=5 cell=405 stock=8 served=6 denied=0 agents=0S,1S,7S,6S,2S,4S
spot=6 brand=6 cell=194 stock=7 served=3 denied=0 agents=3S,4S,0S
spot=7 brand=7 cell=569 stock=7 served=4 denied=0 agents=0S,1S,7S,2S
spot=8 brand=0 cell=49 stock=8 served=2 denied=0 agents=4S,3S
spot=9 brand=1 cell=491 stock=5 served=2 denied=0 agents=2S,4S
spot=10 brand=2 cell=349 stock=5 served=1 denied=0 agents=6S
spot=11 brand=3 cell=342 stock=2 served=2 denied=0 agents=1S,0S
spot=12 brand=4 cell=533 stock=6 served=1 denied=0 agents=4S
spot=14 brand=6 cell=10 stock=4 served=4 denied=0 agents=1S,7S,3S,6S
spot=15 brand=7 cell=46 stock=3 served=3 denied=0 agents=3S,6S,2S
spot=16 brand=0 cell=552 stock=5 served=1 denied=0 agents=4S
spot=17 brand=1 cell=16 stock=8 served=6 denied=0 agents=0S,1S,7S,6S,2S,3S
spot=18 brand=2 cell=281 stock=3 served=3 denied=0 agents=0S,2S,3S
spot=19 brand=3 cell=288 stock=6 served=2 denied=0 agents=3S,4S
spot=20 brand=4 cell=447 stock=4 served=1 denied=0 agents=0S
spot=22 brand=6 cell=95 stock=2 served=2 denied=0 agents=6S,2S
spot=23 brand=7 cell=529 stock=4 served=1 denied=0 agents=4S
sparse_agent=0 cap=50000 settled=50000 labels=51292 emitted_masks=234 protected_masks=40 retained=102 valid=102 best=8/16/123 mask=0x5EE4F3 protected=8/16/120 protected_mask=0x0
sparse_global_best=8/16/123 baseline=8/16/120 agent=0 mask=0x5EE4F3
sparse_protected_best=8/16/120 baseline=8/16/120 agent=-1 mask=0x0
sparse_best_plan=[[-1,3,3,3,3,4,4,5,5,5,5,4,5,0,0,5,0,1,1,0,0,0,0,2,1,1,1,2,0,0,0,0,1,2,2,2,2,2,2,1,1,1,0,0,0,5,5,5,5,5,5,5,5,5,5,5,4,4,4,4,5,4,4,4,4,5,5,5,4,4,4,4,-3],[-1,4,4,4,4,4,4,4,5,0,1,1,0,1,1,1,0,1,0,0,1,1,0,0,0,0,5,0,0,1,1,1,1,5,5,5,5,5,5,4,4,4,4,3,3,3,3,4,4,4,4,4,4,5,-53],[-1,1,1,1,1,2,1,2,2,2,2,2,2,3,4,4,4,4,4,4,4,5,0,1,1,0,1,0,0,0,0,0,0,0,0,5,5,0,0,0,0,0,0,1,1,1,2,2,2,2,2,1,2,3,3,4,4,4,4,3,3,3,3,4,2,1,1,1,1,1,1,1,1,2,0,0,-7],[-1,1,1,1,1,1,1,1,1,1,1,1,1,1,0,5,4,4,4,5,5,5,4,4,4,4,4,0,1,1,0,0,1,0,1,1,1,1,1,2,2,2,2,2,2,2,2,2,2,2,2,2,2,2,2,2,2,2,3,4,4,4,4,4,4,4,4,4,4,-10],[-1,1,2,2,2,2,2,0,1,0,1,1,0,0,0,1,1,1,1,1,1,1,1,1,0,0,5,0,5,5,5,5,5,3,3,3,3,4,4,4,4,4,4,1,1,2,2,2,2,2,2,2,2,3,3,3,4,4,4,3,3,3,3,1,1,1,1,2,1,2,2,2,2,2,2,3,-2],[1,1,1,2,2,2,2,2,1,2,-126],[-1,2,3,2,2,2,2,2,2,3,0,0,0,0,0,0,0,0,0,0,0,0,5,5,5,5,5,5,5,1,1,1,2,2,2,2,2,1,2,3,3,4,4,4,4,0,0,0,0,0,0,5,5,2,2,2,2,2,2,2,2,2,2,2,3,3,3,4,4,4,-15],[-1,4,4,4,4,4,4,4,5,0,1,1,0,1,1,1,0,1,0,0,1,1,0,0,0,0,5,0,0,1,1,1,1,5,5,5,5,5,5,4,4,4,4,3,3,3,3,4,4,-63]]
case_complete day=2 agent=0 exit=0
case_elapsed_ms day=2 agent=0 value=79

case_begin day=2 agent=1 started=2026-08-31T13:48:59.1282760+00:00 max_states=50000 max_routes=64
ledger_before=8/8/60
day_score=8/8/60
score_after=8/16/120
agent=0 kind=patrol claims=8 served=8 path_steps=144 raw_path_fuel=95 initial_fuel=342 spots=5:5,7:7,0:0,17:1,18:2,20:4,11:3,6:6 terminal=194:384
agent=1 kind=patrol claims=8 served=8 path_steps=144 raw_path_fuel=69 initial_fuel=397 spots=5:5,7:7,0:0,17:1,14:6,4:4,2:2,11:3 terminal=342:410
agent=2 kind=patrol claims=9 served=9 path_steps=144 raw_path_fuel=93 initial_fuel=391 spots=9:1,5:5,7:7,4:4,17:1,0:0,18:2,22:6,15:7 terminal=46:406
agent=3 kind=patrol claims=9 served=9 path_steps=144 raw_path_fuel=71 initial_fuel=406 spots=3:3,4:4,6:6,19:3,8:0,14:6,17:1,15:7,18:2 terminal=281:414
agent=4 kind=patrol claims=10 served=10 path_steps=144 raw_path_fuel=84 initial_fuel=400 spots=16:0,23:7,12:4,4:4,8:0,6:6,19:3,2:2,9:1,5:5 terminal=405:316
agent=5 kind=tanker claims=0 served=0 path_steps=144 raw_path_fuel=12 initial_fuel=432 spots= terminal=16:432
agent=6 kind=patrol claims=9 served=9 path_steps=144 raw_path_fuel=81 initial_fuel=385 spots=10:2,5:5,4:4,17:1,0:0,14:6,15:7,22:6,1:1 terminal=165:420
agent=7 kind=patrol claims=7 served=7 path_steps=144 raw_path_fuel=64 initial_fuel=397 spots=5:5,7:7,0:0,17:1,14:6,4:4,2:2 terminal=249:415
spot=0 brand=0 cell=159 stock=7 served=5 denied=0 agents=0S,1S,7S,6S,2S
spot=1 brand=1 cell=165 stock=1 served=1 denied=0 agents=6S
spot=2 brand=2 cell=249 stock=3 served=3 denied=0 agents=1S,7S,4S
spot=3 brand=3 cell=434 stock=1 served=1 denied=0 agents=3S
spot=4 brand=4 cell=104 stock=8 served=6 denied=0 agents=3S,4S,6S,1S,7S,2S
spot=5 brand=5 cell=405 stock=8 served=6 denied=0 agents=0S,1S,7S,6S,2S,4S
spot=6 brand=6 cell=194 stock=7 served=3 denied=0 agents=3S,4S,0S
spot=7 brand=7 cell=569 stock=7 served=4 denied=0 agents=0S,1S,7S,2S
spot=8 brand=0 cell=49 stock=8 served=2 denied=0 agents=4S,3S
spot=9 brand=1 cell=491 stock=5 served=2 denied=0 agents=2S,4S
spot=10 brand=2 cell=349 stock=5 served=1 denied=0 agents=6S
spot=11 brand=3 cell=342 stock=2 served=2 denied=0 agents=1S,0S
spot=12 brand=4 cell=533 stock=6 served=1 denied=0 agents=4S
spot=14 brand=6 cell=10 stock=4 served=4 denied=0 agents=1S,7S,3S,6S
spot=15 brand=7 cell=46 stock=3 served=3 denied=0 agents=3S,6S,2S
spot=16 brand=0 cell=552 stock=5 served=1 denied=0 agents=4S
spot=17 brand=1 cell=16 stock=8 served=6 denied=0 agents=0S,1S,7S,6S,2S,3S
spot=18 brand=2 cell=281 stock=3 served=3 denied=0 agents=0S,2S,3S
spot=19 brand=3 cell=288 stock=6 served=2 denied=0 agents=3S,4S
spot=20 brand=4 cell=447 stock=4 served=1 denied=0 agents=0S
spot=22 brand=6 cell=95 stock=2 served=2 denied=0 agents=6S,2S
spot=23 brand=7 cell=529 stock=4 served=1 denied=0 agents=4S
sparse_agent=1 cap=50000 settled=50000 labels=51292 emitted_masks=234 protected_masks=33 retained=85 valid=85 best=8/16/123 mask=0x56ECB7 protected=8/16/120 protected_mask=0x0
sparse_global_best=8/16/123 baseline=8/16/120 agent=1 mask=0x56ECB7
sparse_protected_best=8/16/120 baseline=8/16/120 agent=-1 mask=0x0
sparse_best_plan=[[-1,4,4,4,4,4,4,4,5,0,1,1,0,1,1,1,0,1,0,0,1,1,0,0,0,0,5,0,0,1,1,1,1,3,3,3,4,4,3,4,3,3,4,4,3,4,3,4,4,4,4,0,0,5,5,5,5,5,5,0,0,5,0,0,0,0,0,5,0,-34],[-1,3,3,3,3,4,4,5,5,5,5,4,5,0,0,5,0,1,1,0,0,0,0,2,1,1,1,2,0,0,0,0,1,2,2,2,2,2,2,1,1,1,0,0,0,5,5,5,5,5,5,5,5,5,5,5,4,4,4,4,3,3,3,3,4,4,4,4,4,4,5,-6],[-1,1,1,1,1,2,1,2,2,2,2,2,2,3,4,4,4,4,4,4,4,5,0,1,1,0,1,0,0,0,0,0,0,0,0,5,5,0,0,0,0,0,0,1,1,1,2,2,2,2,2,1,2,3,3,4,4,4,4,3,3,3,3,4,2,1,1,1,1,1,1,1,1,2,0,0,-7],[-1,1,1,1,1,1,1,1,1,1,1,1,1,1,0,5,4,4,4,5,5,5,4,4,4,4,4,0,1,1,0,0,1,0,1,1,1,1,1,2,2,2,2,2,2,2,2,2,2,2,2,2,2,2,2,2,2,2,3,4,4,4,4,4,4,4,4,4,4,-10],[-1,1,2,2,2,2,2,0,1,0,1,1,0,0,0,1,1,1,1,1,1,1,1,1,0,0,5,0,5,5,5,5,5,3,3,3,3,4,4,4,4,4,4,1,1,2,2,2,2,2,2,2,2,3,3,3,4,4,4,3,3,3,3,1,1,1,1,2,1,2,2,2,2,2,2,3,-2],[1,1,1,2,2,2,2,2,1,2,-126],[-1,2,3,2,2,2,2,2,2,3,0,0,0,0,0,0,0,0,0,0,0,0,5,5,5,5,5,5,5,1,1,1,2,2,2,2,2,1,2,3,3,4,4,4,4,0,0,0,0,0,0,5,5,2,2,2,2,2,2,2,2,2,2,2,3,3,3,4,4,4,-15],[-1,4,4,4,4,4,4,4,5,0,1,1,0,1,1,1,0,1,0,0,1,1,0,0,0,0,5,0,0,1,1,1,1,5,5,5,5,5,5,4,4,4,4,3,3,3,3,4,4,-63]]
case_complete day=2 agent=1 exit=0
case_elapsed_ms day=2 agent=1 value=83

case_begin day=2 agent=2 started=2026-08-31T13:48:59.2197812+00:00 max_states=50000 max_routes=64
ledger_before=8/8/60
day_score=8/8/60
score_after=8/16/120
agent=0 kind=patrol claims=8 served=8 path_steps=144 raw_path_fuel=95 initial_fuel=342 spots=5:5,7:7,0:0,17:1,18:2,20:4,11:3,6:6 terminal=194:384
agent=1 kind=patrol claims=8 served=8 path_steps=144 raw_path_fuel=69 initial_fuel=397 spots=5:5,7:7,0:0,17:1,14:6,4:4,2:2,11:3 terminal=342:410
agent=2 kind=patrol claims=9 served=9 path_steps=144 raw_path_fuel=93 initial_fuel=391 spots=9:1,5:5,7:7,4:4,17:1,0:0,18:2,22:6,15:7 terminal=46:406
agent=3 kind=patrol claims=9 served=9 path_steps=144 raw_path_fuel=71 initial_fuel=406 spots=3:3,4:4,6:6,19:3,8:0,14:6,17:1,15:7,18:2 terminal=281:414
agent=4 kind=patrol claims=10 served=10 path_steps=144 raw_path_fuel=84 initial_fuel=400 spots=16:0,23:7,12:4,4:4,8:0,6:6,19:3,2:2,9:1,5:5 terminal=405:316
agent=5 kind=tanker claims=0 served=0 path_steps=144 raw_path_fuel=12 initial_fuel=432 spots= terminal=16:432
agent=6 kind=patrol claims=9 served=9 path_steps=144 raw_path_fuel=81 initial_fuel=385 spots=10:2,5:5,4:4,17:1,0:0,14:6,15:7,22:6,1:1 terminal=165:420
agent=7 kind=patrol claims=7 served=7 path_steps=144 raw_path_fuel=64 initial_fuel=397 spots=5:5,7:7,0:0,17:1,14:6,4:4,2:2 terminal=249:415
spot=0 brand=0 cell=159 stock=7 served=5 denied=0 agents=0S,1S,7S,6S,2S
spot=1 brand=1 cell=165 stock=1 served=1 denied=0 agents=6S
spot=2 brand=2 cell=249 stock=3 served=3 denied=0 agents=1S,7S,4S
spot=3 brand=3 cell=434 stock=1 served=1 denied=0 agents=3S
spot=4 brand=4 cell=104 stock=8 served=6 denied=0 agents=3S,4S,6S,1S,7S,2S
spot=5 brand=5 cell=405 stock=8 served=6 denied=0 agents=0S,1S,7S,6S,2S,4S
spot=6 brand=6 cell=194 stock=7 served=3 denied=0 agents=3S,4S,0S
spot=7 brand=7 cell=569 stock=7 served=4 denied=0 agents=0S,1S,7S,2S
spot=8 brand=0 cell=49 stock=8 served=2 denied=0 agents=4S,3S
spot=9 brand=1 cell=491 stock=5 served=2 denied=0 agents=2S,4S
spot=10 brand=2 cell=349 stock=5 served=1 denied=0 agents=6S
spot=11 brand=3 cell=342 stock=2 served=2 denied=0 agents=1S,0S
spot=12 brand=4 cell=533 stock=6 served=1 denied=0 agents=4S
spot=14 brand=6 cell=10 stock=4 served=4 denied=0 agents=1S,7S,3S,6S
spot=15 brand=7 cell=46 stock=3 served=3 denied=0 agents=3S,6S,2S
spot=16 brand=0 cell=552 stock=5 served=1 denied=0 agents=4S
spot=17 brand=1 cell=16 stock=8 served=6 denied=0 agents=0S,1S,7S,6S,2S,3S
spot=18 brand=2 cell=281 stock=3 served=3 denied=0 agents=0S,2S,3S
spot=19 brand=3 cell=288 stock=6 served=2 denied=0 agents=3S,4S
spot=20 brand=4 cell=447 stock=4 served=1 denied=0 agents=0S
spot=22 brand=6 cell=95 stock=2 served=2 denied=0 agents=6S,2S
spot=23 brand=7 cell=529 stock=4 served=1 denied=0 agents=4S
sparse_agent=2 cap=50000 settled=50000 labels=51578 emitted_masks=301 protected_masks=4 retained=68 valid=68 best=8/16/124 mask=0xDFC65B protected=8/16/120 protected_mask=0x0
sparse_global_best=8/16/124 baseline=8/16/120 agent=2 mask=0xDFC65B
sparse_protected_best=8/16/120 baseline=8/16/120 agent=-1 mask=0x0
sparse_best_plan=[[-1,4,4,4,4,4,4,4,5,0,1,1,0,1,1,1,0,1,0,0,1,1,0,0,0,0,5,0,0,1,1,1,1,3,3,3,4,4,3,4,3,3,4,4,3,4,3,4,4,4,4,0,0,5,5,5,5,5,5,0,0,5,0,0,0,0,0,5,0,-34],[-1,4,4,4,4,4,4,4,5,0,1,1,0,1,1,1,0,1,0,0,1,1,0,0,0,0,5,0,0,1,1,1,1,5,5,5,5,5,5,4,4,4,4,3,3,3,3,4,4,4,4,4,4,5,-53],[-1,1,1,2,2,2,0,0,0,0,2,1,1,1,2,0,0,0,0,1,2,2,2,2,2,2,1,1,1,0,0,0,5,5,5,5,5,5,5,5,5,5,5,4,4,4,4,5,4,4,4,4,5,5,5,4,4,4,4,3,3,3,3,3,4,3,4,4,4,4,5,-4],[-1,1,1,1,1,1,1,1,1,1,1,1,1,1,0,5,4,4,4,5,5,5,4,4,4,4,4,0,1,1,0,0,1,0,1,1,1,1,1,2,2,2,2,2,2,2,2,2,2,2,2,2,2,2,2,2,2,2,3,4,4,4,4,4,4,4,4,4,4,-10],[-1,1,2,2,2,2,2,0,1,0,1,1,0,0,0,1,1,1,1,1,1,1,1,1,0,0,5,0,5,5,5,5,5,3,3,3,3,4,4,4,4,4,4,1,1,2,2,2,2,2,2,2,2,3,3,3,4,4,4,3,3,3,3,1,1,1,1,2,1,2,2,2,2,2,2,3,-2],[1,1,1,2,2,2,2,2,1,2,-126],[-1,2,3,2,2,2,2,2,2,3,0,0,0,0,0,0,0,0,0,0,0,0,5,5,5,5,5,5,5,1,1,1,2,2,2,2,2,1,2,3,3,4,4,4,4,0,0,0,0,0,0,5,5,2,2,2,2,2,2,2,2,2,2,2,3,3,3,4,4,4,-15],[-1,4,4,4,4,4,4,4,5,0,1,1,0,1,1,1,0,1,0,0,1,1,0,0,0,0,5,0,0,1,1,1,1,5,5,5,5,5,5,4,4,4,4,3,3,3,3,4,4,-63]]
case_complete day=2 agent=2 exit=0
case_elapsed_ms day=2 agent=2 value=80

case_begin day=2 agent=3 started=2026-08-31T13:48:59.3056635+00:00 max_states=50000 max_routes=64
ledger_before=8/8/60
day_score=8/8/60
score_after=8/16/120
agent=0 kind=patrol claims=8 served=8 path_steps=144 raw_path_fuel=95 initial_fuel=342 spots=5:5,7:7,0:0,17:1,18:2,20:4,11:3,6:6 terminal=194:384
agent=1 kind=patrol claims=8 served=8 path_steps=144 raw_path_fuel=69 initial_fuel=397 spots=5:5,7:7,0:0,17:1,14:6,4:4,2:2,11:3 terminal=342:410
agent=2 kind=patrol claims=9 served=9 path_steps=144 raw_path_fuel=93 initial_fuel=391 spots=9:1,5:5,7:7,4:4,17:1,0:0,18:2,22:6,15:7 terminal=46:406
agent=3 kind=patrol claims=9 served=9 path_steps=144 raw_path_fuel=71 initial_fuel=406 spots=3:3,4:4,6:6,19:3,8:0,14:6,17:1,15:7,18:2 terminal=281:414
agent=4 kind=patrol claims=10 served=10 path_steps=144 raw_path_fuel=84 initial_fuel=400 spots=16:0,23:7,12:4,4:4,8:0,6:6,19:3,2:2,9:1,5:5 terminal=405:316
agent=5 kind=tanker claims=0 served=0 path_steps=144 raw_path_fuel=12 initial_fuel=432 spots= terminal=16:432
agent=6 kind=patrol claims=9 served=9 path_steps=144 raw_path_fuel=81 initial_fuel=385 spots=10:2,5:5,4:4,17:1,0:0,14:6,15:7,22:6,1:1 terminal=165:420
agent=7 kind=patrol claims=7 served=7 path_steps=144 raw_path_fuel=64 initial_fuel=397 spots=5:5,7:7,0:0,17:1,14:6,4:4,2:2 terminal=249:415
spot=0 brand=0 cell=159 stock=7 served=5 denied=0 agents=0S,1S,7S,6S,2S
spot=1 brand=1 cell=165 stock=1 served=1 denied=0 agents=6S
spot=2 brand=2 cell=249 stock=3 served=3 denied=0 agents=1S,7S,4S
spot=3 brand=3 cell=434 stock=1 served=1 denied=0 agents=3S
spot=4 brand=4 cell=104 stock=8 served=6 denied=0 agents=3S,4S,6S,1S,7S,2S
spot=5 brand=5 cell=405 stock=8 served=6 denied=0 agents=0S,1S,7S,6S,2S,4S
spot=6 brand=6 cell=194 stock=7 served=3 denied=0 agents=3S,4S,0S
spot=7 brand=7 cell=569 stock=7 served=4 denied=0 agents=0S,1S,7S,2S
spot=8 brand=0 cell=49 stock=8 served=2 denied=0 agents=4S,3S
spot=9 brand=1 cell=491 stock=5 served=2 denied=0 agents=2S,4S
spot=10 brand=2 cell=349 stock=5 served=1 denied=0 agents=6S
spot=11 brand=3 cell=342 stock=2 served=2 denied=0 agents=1S,0S
spot=12 brand=4 cell=533 stock=6 served=1 denied=0 agents=4S
spot=14 brand=6 cell=10 stock=4 served=4 denied=0 agents=1S,7S,3S,6S
spot=15 brand=7 cell=46 stock=3 served=3 denied=0 agents=3S,6S,2S
spot=16 brand=0 cell=552 stock=5 served=1 denied=0 agents=4S
spot=17 brand=1 cell=16 stock=8 served=6 denied=0 agents=0S,1S,7S,6S,2S,3S
spot=18 brand=2 cell=281 stock=3 served=3 denied=0 agents=0S,2S,3S
spot=19 brand=3 cell=288 stock=6 served=2 denied=0 agents=3S,4S
spot=20 brand=4 cell=447 stock=4 served=1 denied=0 agents=0S
spot=22 brand=6 cell=95 stock=2 served=2 denied=0 agents=6S,2S
spot=23 brand=7 cell=529 stock=4 served=1 denied=0 agents=4S
sparse_agent=3 cap=50000 settled=50000 labels=51318 emitted_masks=194 protected_masks=28 retained=92 valid=92 best=8/16/124 mask=0xF5B62B protected=8/16/120 protected_mask=0x0
sparse_global_best=8/16/124 baseline=8/16/120 agent=3 mask=0xF5B62B
sparse_protected_best=8/16/120 baseline=8/16/120 agent=-1 mask=0x0
sparse_best_plan=[[-1,4,4,4,4,4,4,4,5,0,1,1,0,1,1,1,0,1,0,0,1,1,0,0,0,0,5,0,0,1,1,1,1,3,3,3,4,4,3,4,3,3,4,4,3,4,3,4,4,4,4,0,0,5,5,5,5,5,5,0,0,5,0,0,0,0,0,5,0,-34],[-1,4,4,4,4,4,4,4,5,0,1,1,0,1,1,1,0,1,0,0,1,1,0,0,0,0,5,0,0,1,1,1,1,5,5,5,5,5,5,4,4,4,4,3,3,3,3,4,4,4,4,4,4,5,-53],[-1,1,1,1,1,2,1,2,2,2,2,2,2,3,4,4,4,4,4,4,4,5,0,1,1,0,1,0,0,0,0,0,0,0,0,5,5,0,0,0,0,0,0,1,1,1,2,2,2,2,2,1,2,3,3,4,4,4,4,3,3,3,3,4,2,1,1,1,1,1,1,1,1,2,0,0,-7],[-1,3,4,4,4,4,5,1,2,2,2,2,2,1,1,2,2,2,2,2,1,1,2,2,2,0,0,0,0,2,1,1,1,2,0,0,0,0,1,2,2,2,2,2,2,1,1,1,0,0,4,3,3,4,4,4,3,3,3,3,3,4,4,4,4,3,3,3,3,-7],[-1,1,2,2,2,2,2,0,1,0,1,1,0,0,0,1,1,1,1,1,1,1,1,1,0,0,5,0,5,5,5,5,5,3,3,3,3,4,4,4,4,4,4,1,1,2,2,2,2,2,2,2,2,3,3,3,4,4,4,3,3,3,3,1,1,1,1,2,1,2,2,2,2,2,2,3,-2],[1,1,1,2,2,2,2,2,1,2,-126],[-1,2,3,2,2,2,2,2,2,3,0,0,0,0,0,0,0,0,0,0,0,0,5,5,5,5,5,5,5,1,1,1,2,2,2,2,2,1,2,3,3,4,4,4,4,0,0,0,0,0,0,5,5,2,2,2,2,2,2,2,2,2,2,2,3,3,3,4,4,4,-15],[-1,4,4,4,4,4,4,4,5,0,1,1,0,1,1,1,0,1,0,0,1,1,0,0,0,0,5,0,0,1,1,1,1,5,5,5,5,5,5,4,4,4,4,3,3,3,3,4,4,-63]]
case_complete day=2 agent=3 exit=0
case_elapsed_ms day=2 agent=3 value=80

case_begin day=2 agent=4 started=2026-08-31T13:48:59.3918036+00:00 max_states=50000 max_routes=64
ledger_before=8/8/60
day_score=8/8/60
score_after=8/16/120
agent=0 kind=patrol claims=8 served=8 path_steps=144 raw_path_fuel=95 initial_fuel=342 spots=5:5,7:7,0:0,17:1,18:2,20:4,11:3,6:6 terminal=194:384
agent=1 kind=patrol claims=8 served=8 path_steps=144 raw_path_fuel=69 initial_fuel=397 spots=5:5,7:7,0:0,17:1,14:6,4:4,2:2,11:3 terminal=342:410
agent=2 kind=patrol claims=9 served=9 path_steps=144 raw_path_fuel=93 initial_fuel=391 spots=9:1,5:5,7:7,4:4,17:1,0:0,18:2,22:6,15:7 terminal=46:406
agent=3 kind=patrol claims=9 served=9 path_steps=144 raw_path_fuel=71 initial_fuel=406 spots=3:3,4:4,6:6,19:3,8:0,14:6,17:1,15:7,18:2 terminal=281:414
agent=4 kind=patrol claims=10 served=10 path_steps=144 raw_path_fuel=84 initial_fuel=400 spots=16:0,23:7,12:4,4:4,8:0,6:6,19:3,2:2,9:1,5:5 terminal=405:316
agent=5 kind=tanker claims=0 served=0 path_steps=144 raw_path_fuel=12 initial_fuel=432 spots= terminal=16:432
agent=6 kind=patrol claims=9 served=9 path_steps=144 raw_path_fuel=81 initial_fuel=385 spots=10:2,5:5,4:4,17:1,0:0,14:6,15:7,22:6,1:1 terminal=165:420
agent=7 kind=patrol claims=7 served=7 path_steps=144 raw_path_fuel=64 initial_fuel=397 spots=5:5,7:7,0:0,17:1,14:6,4:4,2:2 terminal=249:415
spot=0 brand=0 cell=159 stock=7 served=5 denied=0 agents=0S,1S,7S,6S,2S
spot=1 brand=1 cell=165 stock=1 served=1 denied=0 agents=6S
spot=2 brand=2 cell=249 stock=3 served=3 denied=0 agents=1S,7S,4S
spot=3 brand=3 cell=434 stock=1 served=1 denied=0 agents=3S
spot=4 brand=4 cell=104 stock=8 served=6 denied=0 agents=3S,4S,6S,1S,7S,2S
spot=5 brand=5 cell=405 stock=8 served=6 denied=0 agents=0S,1S,7S,6S,2S,4S
spot=6 brand=6 cell=194 stock=7 served=3 denied=0 agents=3S,4S,0S
spot=7 brand=7 cell=569 stock=7 served=4 denied=0 agents=0S,1S,7S,2S
spot=8 brand=0 cell=49 stock=8 served=2 denied=0 agents=4S,3S
spot=9 brand=1 cell=491 stock=5 served=2 denied=0 agents=2S,4S
spot=10 brand=2 cell=349 stock=5 served=1 denied=0 agents=6S
spot=11 brand=3 cell=342 stock=2 served=2 denied=0 agents=1S,0S
spot=12 brand=4 cell=533 stock=6 served=1 denied=0 agents=4S
spot=14 brand=6 cell=10 stock=4 served=4 denied=0 agents=1S,7S,3S,6S
spot=15 brand=7 cell=46 stock=3 served=3 denied=0 agents=3S,6S,2S
spot=16 brand=0 cell=552 stock=5 served=1 denied=0 agents=4S
spot=17 brand=1 cell=16 stock=8 served=6 denied=0 agents=0S,1S,7S,6S,2S,3S
spot=18 brand=2 cell=281 stock=3 served=3 denied=0 agents=0S,2S,3S
spot=19 brand=3 cell=288 stock=6 served=2 denied=0 agents=3S,4S
spot=20 brand=4 cell=447 stock=4 served=1 denied=0 agents=0S
spot=22 brand=6 cell=95 stock=2 served=2 denied=0 agents=6S,2S
spot=23 brand=7 cell=529 stock=4 served=1 denied=0 agents=4S
sparse_agent=4 cap=50000 settled=50000 labels=51274 emitted_masks=207 protected_masks=26 retained=82 valid=82 best=8/16/121 mask=0xF536AB protected=8/16/120 protected_mask=0x0
sparse_global_best=8/16/121 baseline=8/16/120 agent=4 mask=0xF536AB
sparse_protected_best=8/16/120 baseline=8/16/120 agent=-1 mask=0x0
sparse_best_plan=[[-1,4,4,4,4,4,4,4,5,0,1,1,0,1,1,1,0,1,0,0,1,1,0,0,0,0,5,0,0,1,1,1,1,3,3,3,4,4,3,4,3,3,4,4,3,4,3,4,4,4,4,0,0,5,5,5,5,5,5,0,0,5,0,0,0,0,0,5,0,-34],[-1,4,4,4,4,4,4,4,5,0,1,1,0,1,1,1,0,1,0,0,1,1,0,0,0,0,5,0,0,1,1,1,1,5,5,5,5,5,5,4,4,4,4,3,3,3,3,4,4,4,4,4,4,5,-53],[-1,1,1,1,1,2,1,2,2,2,2,2,2,3,4,4,4,4,4,4,4,5,0,1,1,0,1,0,0,0,0,0,0,0,0,5,5,0,0,0,0,0,0,1,1,1,2,2,2,2,2,1,2,3,3,4,4,4,4,3,3,3,3,4,2,1,1,1,1,1,1,1,1,2,0,0,-7],[-1,1,1,1,1,1,1,1,1,1,1,1,1,1,0,5,4,4,4,5,5,5,4,4,4,4,4,0,1,1,0,0,1,0,1,1,1,1,1,2,2,2,2,2,2,2,2,2,2,2,2,2,2,2,2,2,2,2,3,4,4,4,4,4,4,4,4,4,4,-10],[-1,1,2,0,1,1,1,3,3,3,2,3,1,1,2,2,2,2,2,1,1,2,2,2,0,0,0,0,2,1,1,1,2,0,0,0,0,1,2,2,2,2,2,2,1,1,1,4,4,4,4,3,3,3,3,3,4,4,4,4,3,3,3,3,4,4,5,5,5,5,4,5,-4],[1,1,1,2,2,2,2,2,1,2,-126],[-1,2,3,2,2,2,2,2,2,3,0,0,0,0,0,0,0,0,0,0,0,0,5,5,5,5,5,5,5,1,1,1,2,2,2,2,2,1,2,3,3,4,4,4,4,0,0,0,0,0,0,5,5,2,2,2,2,2,2,2,2,2,2,2,3,3,3,4,4,4,-15],[-1,4,4,4,4,4,4,4,5,0,1,1,0,1,1,1,0,1,0,0,1,1,0,0,0,0,5,0,0,1,1,1,1,5,5,5,5,5,5,4,4,4,4,3,3,3,3,4,4,-63]]
case_complete day=2 agent=4 exit=0
case_elapsed_ms day=2 agent=4 value=103

case_begin day=2 agent=6 started=2026-08-31T13:48:59.5021620+00:00 max_states=50000 max_routes=64
ledger_before=8/8/60
day_score=8/8/60
score_after=8/16/120
agent=0 kind=patrol claims=8 served=8 path_steps=144 raw_path_fuel=95 initial_fuel=342 spots=5:5,7:7,0:0,17:1,18:2,20:4,11:3,6:6 terminal=194:384
agent=1 kind=patrol claims=8 served=8 path_steps=144 raw_path_fuel=69 initial_fuel=397 spots=5:5,7:7,0:0,17:1,14:6,4:4,2:2,11:3 terminal=342:410
agent=2 kind=patrol claims=9 served=9 path_steps=144 raw_path_fuel=93 initial_fuel=391 spots=9:1,5:5,7:7,4:4,17:1,0:0,18:2,22:6,15:7 terminal=46:406
agent=3 kind=patrol claims=9 served=9 path_steps=144 raw_path_fuel=71 initial_fuel=406 spots=3:3,4:4,6:6,19:3,8:0,14:6,17:1,15:7,18:2 terminal=281:414
agent=4 kind=patrol claims=10 served=10 path_steps=144 raw_path_fuel=84 initial_fuel=400 spots=16:0,23:7,12:4,4:4,8:0,6:6,19:3,2:2,9:1,5:5 terminal=405:316
agent=5 kind=tanker claims=0 served=0 path_steps=144 raw_path_fuel=12 initial_fuel=432 spots= terminal=16:432
agent=6 kind=patrol claims=9 served=9 path_steps=144 raw_path_fuel=81 initial_fuel=385 spots=10:2,5:5,4:4,17:1,0:0,14:6,15:7,22:6,1:1 terminal=165:420
agent=7 kind=patrol claims=7 served=7 path_steps=144 raw_path_fuel=64 initial_fuel=397 spots=5:5,7:7,0:0,17:1,14:6,4:4,2:2 terminal=249:415
spot=0 brand=0 cell=159 stock=7 served=5 denied=0 agents=0S,1S,7S,6S,2S
spot=1 brand=1 cell=165 stock=1 served=1 denied=0 agents=6S
spot=2 brand=2 cell=249 stock=3 served=3 denied=0 agents=1S,7S,4S
spot=3 brand=3 cell=434 stock=1 served=1 denied=0 agents=3S
spot=4 brand=4 cell=104 stock=8 served=6 denied=0 agents=3S,4S,6S,1S,7S,2S
spot=5 brand=5 cell=405 stock=8 served=6 denied=0 agents=0S,1S,7S,6S,2S,4S
spot=6 brand=6 cell=194 stock=7 served=3 denied=0 agents=3S,4S,0S
spot=7 brand=7 cell=569 stock=7 served=4 denied=0 agents=0S,1S,7S,2S
spot=8 brand=0 cell=49 stock=8 served=2 denied=0 agents=4S,3S
spot=9 brand=1 cell=491 stock=5 served=2 denied=0 agents=2S,4S
spot=10 brand=2 cell=349 stock=5 served=1 denied=0 agents=6S
spot=11 brand=3 cell=342 stock=2 served=2 denied=0 agents=1S,0S
spot=12 brand=4 cell=533 stock=6 served=1 denied=0 agents=4S
spot=14 brand=6 cell=10 stock=4 served=4 denied=0 agents=1S,7S,3S,6S
spot=15 brand=7 cell=46 stock=3 served=3 denied=0 agents=3S,6S,2S
spot=16 brand=0 cell=552 stock=5 served=1 denied=0 agents=4S
spot=17 brand=1 cell=16 stock=8 served=6 denied=0 agents=0S,1S,7S,6S,2S,3S
spot=18 brand=2 cell=281 stock=3 served=3 denied=0 agents=0S,2S,3S
spot=19 brand=3 cell=288 stock=6 served=2 denied=0 agents=3S,4S
spot=20 brand=4 cell=447 stock=4 served=1 denied=0 agents=0S
spot=22 brand=6 cell=95 stock=2 served=2 denied=0 agents=6S,2S
spot=23 brand=7 cell=529 stock=4 served=1 denied=0 agents=4S
sparse_agent=6 cap=50000 settled=50000 labels=51228 emitted_masks=125 protected_masks=13 retained=77 valid=77 best=8/16/124 mask=0x72EE37 protected=8/16/120 protected_mask=0x0
sparse_global_best=8/16/124 baseline=8/16/120 agent=6 mask=0x72EE37
sparse_protected_best=8/16/120 baseline=8/16/120 agent=-1 mask=0x0
sparse_best_plan=[[-1,4,4,4,4,4,4,4,5,0,1,1,0,1,1,1,0,1,0,0,1,1,0,0,0,0,5,0,0,1,1,1,1,3,3,3,4,4,3,4,3,3,4,4,3,4,3,4,4,4,4,0,0,5,5,5,5,5,5,0,0,5,0,0,0,0,0,5,0,-34],[-1,4,4,4,4,4,4,4,5,0,1,1,0,1,1,1,0,1,0,0,1,1,0,0,0,0,5,0,0,1,1,1,1,5,5,5,5,5,5,4,4,4,4,3,3,3,3,4,4,4,4,4,4,5,-53],[-1,1,1,1,1,2,1,2,2,2,2,2,2,3,4,4,4,4,4,4,4,5,0,1,1,0,1,0,0,0,0,0,0,0,0,5,5,0,0,0,0,0,0,1,1,1,2,2,2,2,2,1,2,3,3,4,4,4,4,3,3,3,3,4,2,1,1,1,1,1,1,1,1,2,0,0,-7],[-1,1,1,1,1,1,1,1,1,1,1,1,1,1,0,5,4,4,4,5,5,5,4,4,4,4,4,0,1,1,0,0,1,0,1,1,1,1,1,2,2,2,2,2,2,2,2,2,2,2,2,2,2,2,2,2,2,2,3,4,4,4,4,4,4,4,4,4,4,-10],[-1,1,2,2,2,2,2,0,1,0,1,1,0,0,0,1,1,1,1,1,1,1,1,1,0,0,5,0,5,5,5,5,5,3,3,3,3,4,4,4,4,4,4,1,1,2,2,2,2,2,2,2,2,3,3,3,4,4,4,3,3,3,3,1,1,1,1,2,1,2,2,2,2,2,2,3,-2],[1,1,1,2,2,2,2,2,1,2,-126],[-1,3,3,3,3,4,4,5,5,5,0,0,0,0,5,0,0,5,1,1,1,1,2,0,1,0,0,0,1,1,1,1,1,2,2,2,2,2,2,2,2,2,2,2,3,3,3,4,4,4,5,5,5,5,5,5,2,3,3,3,3,2,2,2,2,3,3,4,4,4,4,3,3,3,3,-2],[-1,4,4,4,4,4,4,4,5,0,1,1,0,1,1,1,0,1,0,0,1,1,0,0,0,0,5,0,0,1,1,1,1,5,5,5,5,5,5,4,4,4,4,3,3,3,3,4,4,-63]]
case_complete day=2 agent=6 exit=0
case_elapsed_ms day=2 agent=6 value=128

case_begin day=2 agent=7 started=2026-08-31T13:48:59.6375304+00:00 max_states=50000 max_routes=64
ledger_before=8/8/60
day_score=8/8/60
score_after=8/16/120
agent=0 kind=patrol claims=8 served=8 path_steps=144 raw_path_fuel=95 initial_fuel=342 spots=5:5,7:7,0:0,17:1,18:2,20:4,11:3,6:6 terminal=194:384
agent=1 kind=patrol claims=8 served=8 path_steps=144 raw_path_fuel=69 initial_fuel=397 spots=5:5,7:7,0:0,17:1,14:6,4:4,2:2,11:3 terminal=342:410
agent=2 kind=patrol claims=9 served=9 path_steps=144 raw_path_fuel=93 initial_fuel=391 spots=9:1,5:5,7:7,4:4,17:1,0:0,18:2,22:6,15:7 terminal=46:406
agent=3 kind=patrol claims=9 served=9 path_steps=144 raw_path_fuel=71 initial_fuel=406 spots=3:3,4:4,6:6,19:3,8:0,14:6,17:1,15:7,18:2 terminal=281:414
agent=4 kind=patrol claims=10 served=10 path_steps=144 raw_path_fuel=84 initial_fuel=400 spots=16:0,23:7,12:4,4:4,8:0,6:6,19:3,2:2,9:1,5:5 terminal=405:316
agent=5 kind=tanker claims=0 served=0 path_steps=144 raw_path_fuel=12 initial_fuel=432 spots= terminal=16:432
agent=6 kind=patrol claims=9 served=9 path_steps=144 raw_path_fuel=81 initial_fuel=385 spots=10:2,5:5,4:4,17:1,0:0,14:6,15:7,22:6,1:1 terminal=165:420
agent=7 kind=patrol claims=7 served=7 path_steps=144 raw_path_fuel=64 initial_fuel=397 spots=5:5,7:7,0:0,17:1,14:6,4:4,2:2 terminal=249:415
spot=0 brand=0 cell=159 stock=7 served=5 denied=0 agents=0S,1S,7S,6S,2S
spot=1 brand=1 cell=165 stock=1 served=1 denied=0 agents=6S
spot=2 brand=2 cell=249 stock=3 served=3 denied=0 agents=1S,7S,4S
spot=3 brand=3 cell=434 stock=1 served=1 denied=0 agents=3S
spot=4 brand=4 cell=104 stock=8 served=6 denied=0 agents=3S,4S,6S,1S,7S,2S
spot=5 brand=5 cell=405 stock=8 served=6 denied=0 agents=0S,1S,7S,6S,2S,4S
spot=6 brand=6 cell=194 stock=7 served=3 denied=0 agents=3S,4S,0S
spot=7 brand=7 cell=569 stock=7 served=4 denied=0 agents=0S,1S,7S,2S
spot=8 brand=0 cell=49 stock=8 served=2 denied=0 agents=4S,3S
spot=9 brand=1 cell=491 stock=5 served=2 denied=0 agents=2S,4S
spot=10 brand=2 cell=349 stock=5 served=1 denied=0 agents=6S
spot=11 brand=3 cell=342 stock=2 served=2 denied=0 agents=1S,0S
spot=12 brand=4 cell=533 stock=6 served=1 denied=0 agents=4S
spot=14 brand=6 cell=10 stock=4 served=4 denied=0 agents=1S,7S,3S,6S
spot=15 brand=7 cell=46 stock=3 served=3 denied=0 agents=3S,6S,2S
spot=16 brand=0 cell=552 stock=5 served=1 denied=0 agents=4S
spot=17 brand=1 cell=16 stock=8 served=6 denied=0 agents=0S,1S,7S,6S,2S,3S
spot=18 brand=2 cell=281 stock=3 served=3 denied=0 agents=0S,2S,3S
spot=19 brand=3 cell=288 stock=6 served=2 denied=0 agents=3S,4S
spot=20 brand=4 cell=447 stock=4 served=1 denied=0 agents=0S
spot=22 brand=6 cell=95 stock=2 served=2 denied=0 agents=6S,2S
spot=23 brand=7 cell=529 stock=4 served=1 denied=0 agents=4S
sparse_agent=7 cap=50000 settled=50000 labels=51292 emitted_masks=234 protected_masks=21 retained=85 valid=85 best=8/16/124 mask=0x5EE4F3 protected=8/16/120 protected_mask=0x0
sparse_global_best=8/16/124 baseline=8/16/120 agent=7 mask=0x5EE4F3
sparse_protected_best=8/16/120 baseline=8/16/120 agent=-1 mask=0x0
sparse_best_plan=[[-1,4,4,4,4,4,4,4,5,0,1,1,0,1,1,1,0,1,0,0,1,1,0,0,0,0,5,0,0,1,1,1,1,3,3,3,4,4,3,4,3,3,4,4,3,4,3,4,4,4,4,0,0,5,5,5,5,5,5,0,0,5,0,0,0,0,0,5,0,-34],[-1,4,4,4,4,4,4,4,5,0,1,1,0,1,1,1,0,1,0,0,1,1,0,0,0,0,5,0,0,1,1,1,1,5,5,5,5,5,5,4,4,4,4,3,3,3,3,4,4,4,4,4,4,5,-53],[-1,1,1,1,1,2,1,2,2,2,2,2,2,3,4,4,4,4,4,4,4,5,0,1,1,0,1,0,0,0,0,0,0,0,0,5,5,0,0,0,0,0,0,1,1,1,2,2,2,2,2,1,2,3,3,4,4,4,4,3,3,3,3,4,2,1,1,1,1,1,1,1,1,2,0,0,-7],[-1,1,1,1,1,1,1,1,1,1,1,1,1,1,0,5,4,4,4,5,5,5,4,4,4,4,4,0,1,1,0,0,1,0,1,1,1,1,1,2,2,2,2,2,2,2,2,2,2,2,2,2,2,2,2,2,2,2,3,4,4,4,4,4,4,4,4,4,4,-10],[-1,1,2,2,2,2,2,0,1,0,1,1,0,0,0,1,1,1,1,1,1,1,1,1,0,0,5,0,5,5,5,5,5,3,3,3,3,4,4,4,4,4,4,1,1,2,2,2,2,2,2,2,2,3,3,3,4,4,4,3,3,3,3,1,1,1,1,2,1,2,2,2,2,2,2,3,-2],[1,1,1,2,2,2,2,2,1,2,-126],[-1,2,3,2,2,2,2,2,2,3,0,0,0,0,0,0,0,0,0,0,0,0,5,5,5,5,5,5,5,1,1,1,2,2,2,2,2,1,2,3,3,4,4,4,4,0,0,0,0,0,0,5,5,2,2,2,2,2,2,2,2,2,2,2,3,3,3,4,4,4,-15],[-1,3,3,3,3,4,4,5,5,5,5,4,5,0,0,5,0,1,1,0,0,0,0,2,1,1,1,2,0,0,0,0,1,2,2,2,2,2,2,1,1,1,0,0,0,5,5,5,5,5,5,5,5,5,5,5,4,4,4,4,5,4,4,4,4,5,5,5,4,4,4,4,-3]]
case_complete day=2 agent=7 exit=0
case_elapsed_ms day=2 agent=7 value=103

case_begin day=3 agent=0 started=2026-08-31T13:48:59.7475119+00:00 max_states=50000 max_routes=64
ledger_before=8/16/120
day_score=8/8/64
score_after=8/24/184
agent=0 kind=patrol claims=8 served=8 path_steps=144 raw_path_fuel=63 initial_fuel=384 spots=8:0,6:6,19:3,4:4,2:2,9:1,7:7,5:5 terminal=405:397
agent=1 kind=patrol claims=10 served=10 path_steps=144 raw_path_fuel=72 initial_fuel=410 spots=11:3,4:4,6:6,8:0,14:6,17:1,15:7,18:2,5:5,13:5 terminal=503:370
agent=2 kind=patrol claims=10 served=10 path_steps=144 raw_path_fuel=70 initial_fuel=406 spots=15:7,17:1,0:0,4:4,8:0,6:6,19:3,2:2,5:5,13:5 terminal=503:382
agent=3 kind=patrol claims=9 served=9 path_steps=144 raw_path_fuel=71 initial_fuel=414 spots=18:2,5:5,17:1,0:0,4:4,6:6,19:3,23:7,16:0 terminal=552:407
agent=4 kind=patrol claims=9 served=9 path_steps=144 raw_path_fuel=88 initial_fuel=316 spots=5:5,7:7,17:1,4:4,14:6,0:0,18:2,10:2,11:3 terminal=342:403
agent=5 kind=tanker claims=0 served=0 path_steps=144 raw_path_fuel=11 initial_fuel=432 spots= terminal=104:432
agent=6 kind=patrol claims=9 served=9 path_steps=144 raw_path_fuel=85 initial_fuel=420 spots=1:1,17:1,5:5,4:4,8:0,6:6,19:3,23:7,16:0 terminal=552:401
agent=7 kind=patrol claims=9 served=9 path_steps=144 raw_path_fuel=86 initial_fuel=415 spots=2:2,4:4,17:1,14:6,8:0,6:6,19:3,23:7,5:5 terminal=405:329
spot=0 brand=0 cell=159 stock=7 served=3 denied=0 agents=2S,3S,4S
spot=1 brand=1 cell=165 stock=1 served=1 denied=0 agents=6S
spot=2 brand=2 cell=249 stock=3 served=3 denied=0 agents=7S,0S,2S
spot=4 brand=4 cell=104 stock=8 served=7 denied=0 agents=7S,1S,2S,0S,4S,3S,6S
spot=5 brand=5 cell=405 stock=8 served=7 denied=0 agents=4S,3S,6S,0S,1S,2S,7S
spot=6 brand=6 cell=194 stock=7 served=6 denied=0 agents=0S,1S,2S,7S,3S,6S
spot=7 brand=7 cell=569 stock=7 served=2 denied=0 agents=4S,0S
spot=8 brand=0 cell=49 stock=8 served=5 denied=0 agents=0S,1S,2S,7S,6S
spot=9 brand=1 cell=491 stock=5 served=1 denied=0 agents=0S
spot=10 brand=2 cell=349 stock=5 served=1 denied=0 agents=4S
spot=11 brand=3 cell=342 stock=2 served=2 denied=0 agents=1S,4S
spot=13 brand=5 cell=503 stock=3 served=2 denied=0 agents=1S,2S
spot=14 brand=6 cell=10 stock=4 served=3 denied=0 agents=7S,1S,4S
spot=15 brand=7 cell=46 stock=3 served=2 denied=0 agents=2S,1S
spot=16 brand=0 cell=552 stock=5 served=2 denied=0 agents=3S,6S
spot=17 brand=1 cell=16 stock=8 served=6 denied=0 agents=2S,6S,7S,3S,4S,1S
spot=18 brand=2 cell=281 stock=3 served=3 denied=0 agents=3S,4S,1S
spot=19 brand=3 cell=288 stock=6 served=5 denied=0 agents=0S,2S,7S,3S,6S
spot=23 brand=7 cell=529 stock=4 served=3 denied=0 agents=7S,3S,6S
sparse_agent=0 cap=50000 settled=50000 labels=51417 emitted_masks=208 protected_masks=25 retained=83 valid=83 best=8/24/189 mask=0xFF964A protected=8/24/184 protected_mask=0x0
sparse_global_best=8/24/189 baseline=8/24/184 agent=0 mask=0xFF964A
sparse_protected_best=8/24/184 baseline=8/24/184 agent=-1 mask=0x0
sparse_best_plan=[[-1,4,4,4,4,3,4,3,3,3,3,3,4,4,4,4,5,1,2,2,2,2,2,1,1,2,2,2,2,2,1,1,2,2,2,0,0,0,0,2,1,1,1,2,2,2,2,2,2,2,0,1,0,0,0,1,1,1,0,0,0,5,5,5,5,5,-9],[-1,0,0,1,1,1,1,1,1,1,0,5,4,4,4,5,5,5,4,0,0,0,0,1,1,1,1,2,2,2,2,2,2,2,2,2,2,2,2,2,2,2,2,2,2,2,3,4,4,4,4,4,4,4,4,4,4,2,2,3,3,3,3,3,3,3,3,3,-13],[-1,0,5,5,5,5,5,3,3,4,4,4,4,0,0,5,5,5,5,5,5,0,5,0,5,5,5,5,5,3,3,3,3,4,4,4,4,4,4,1,1,2,2,2,2,2,2,2,2,3,3,2,2,2,2,2,2,3,2,3,2,2,3,3,3,3,3,3,-12],[-1,2,2,3,3,3,3,3,0,0,0,0,0,0,0,1,0,0,0,1,0,1,0,0,3,3,4,4,4,4,0,0,5,5,5,5,5,5,5,4,4,4,5,5,5,4,4,4,4,4,3,4,3,4,3,3,3,3,4,4,4,5,-31],[-1,4,4,4,4,4,4,4,5,0,1,1,0,1,1,1,0,1,0,1,0,1,0,1,0,0,0,1,0,1,0,0,4,5,4,4,4,5,5,5,5,5,1,1,1,1,2,2,3,3,3,3,3,3,3,3,3,3,4,4,4,4,5,5,5,5,5,5,5,5,5,-21],[4,5,4,4,4,5,5,5,5,5,-125],[-1,0,0,0,0,0,0,5,5,3,3,3,4,4,3,4,3,3,3,3,3,3,3,3,3,0,0,0,0,0,0,0,0,0,0,0,0,5,5,5,5,5,5,5,0,5,0,5,5,5,5,5,3,3,3,3,4,4,4,4,4,4,3,4,3,4,3,3,3,3,4,4,4,5,-9],[-1,0,1,0,0,1,0,1,1,1,2,2,2,2,2,2,1,5,5,5,5,5,5,5,5,5,5,4,4,5,5,5,5,3,3,3,3,4,4,4,4,4,4,3,4,3,4,3,3,3,3,4,4,1,1,1,1,1,1,2,2,2,2,2,2,2,2,2,2,2,2,2,2,2,2,2,-1]]
case_complete day=3 agent=0 exit=0
case_elapsed_ms day=3 agent=0 value=106

case_begin day=3 agent=1 started=2026-08-31T13:48:59.8585866+00:00 max_states=50000 max_routes=64
ledger_before=8/16/120
day_score=8/8/64
score_after=8/24/184
agent=0 kind=patrol claims=8 served=8 path_steps=144 raw_path_fuel=63 initial_fuel=384 spots=8:0,6:6,19:3,4:4,2:2,9:1,7:7,5:5 terminal=405:397
agent=1 kind=patrol claims=10 served=10 path_steps=144 raw_path_fuel=72 initial_fuel=410 spots=11:3,4:4,6:6,8:0,14:6,17:1,15:7,18:2,5:5,13:5 terminal=503:370
agent=2 kind=patrol claims=10 served=10 path_steps=144 raw_path_fuel=70 initial_fuel=406 spots=15:7,17:1,0:0,4:4,8:0,6:6,19:3,2:2,5:5,13:5 terminal=503:382
agent=3 kind=patrol claims=9 served=9 path_steps=144 raw_path_fuel=71 initial_fuel=414 spots=18:2,5:5,17:1,0:0,4:4,6:6,19:3,23:7,16:0 terminal=552:407
agent=4 kind=patrol claims=9 served=9 path_steps=144 raw_path_fuel=88 initial_fuel=316 spots=5:5,7:7,17:1,4:4,14:6,0:0,18:2,10:2,11:3 terminal=342:403
agent=5 kind=tanker claims=0 served=0 path_steps=144 raw_path_fuel=11 initial_fuel=432 spots= terminal=104:432
agent=6 kind=patrol claims=9 served=9 path_steps=144 raw_path_fuel=85 initial_fuel=420 spots=1:1,17:1,5:5,4:4,8:0,6:6,19:3,23:7,16:0 terminal=552:401
agent=7 kind=patrol claims=9 served=9 path_steps=144 raw_path_fuel=86 initial_fuel=415 spots=2:2,4:4,17:1,14:6,8:0,6:6,19:3,23:7,5:5 terminal=405:329
spot=0 brand=0 cell=159 stock=7 served=3 denied=0 agents=2S,3S,4S
spot=1 brand=1 cell=165 stock=1 served=1 denied=0 agents=6S
spot=2 brand=2 cell=249 stock=3 served=3 denied=0 agents=7S,0S,2S
spot=4 brand=4 cell=104 stock=8 served=7 denied=0 agents=7S,1S,2S,0S,4S,3S,6S
spot=5 brand=5 cell=405 stock=8 served=7 denied=0 agents=4S,3S,6S,0S,1S,2S,7S
spot=6 brand=6 cell=194 stock=7 served=6 denied=0 agents=0S,1S,2S,7S,3S,6S
spot=7 brand=7 cell=569 stock=7 served=2 denied=0 agents=4S,0S
spot=8 brand=0 cell=49 stock=8 served=5 denied=0 agents=0S,1S,2S,7S,6S
spot=9 brand=1 cell=491 stock=5 served=1 denied=0 agents=0S
spot=10 brand=2 cell=349 stock=5 served=1 denied=0 agents=4S
spot=11 brand=3 cell=342 stock=2 served=2 denied=0 agents=1S,4S
spot=13 brand=5 cell=503 stock=3 served=2 denied=0 agents=1S,2S
spot=14 brand=6 cell=10 stock=4 served=3 denied=0 agents=7S,1S,4S
spot=15 brand=7 cell=46 stock=3 served=2 denied=0 agents=2S,1S
spot=16 brand=0 cell=552 stock=5 served=2 denied=0 agents=3S,6S
spot=17 brand=1 cell=16 stock=8 served=6 denied=0 agents=2S,6S,7S,3S,4S,1S
spot=18 brand=2 cell=281 stock=3 served=3 denied=0 agents=3S,4S,1S
spot=19 brand=3 cell=288 stock=6 served=5 denied=0 agents=0S,2S,7S,3S,6S
spot=23 brand=7 cell=529 stock=4 served=3 denied=0 agents=7S,3S,6S
sparse_agent=1 cap=50000 settled=50000 labels=51201 emitted_masks=150 protected_masks=16 retained=80 valid=80 best=8/24/187 mask=0xE7DC36 protected=8/24/184 protected_mask=0x0
sparse_global_best=8/24/187 baseline=8/24/184 agent=1 mask=0xE7DC36
sparse_protected_best=8/24/184 baseline=8/24/184 agent=-1 mask=0x0
sparse_best_plan=[[0,0,0,0,1,1,3,3,3,3,4,4,4,4,4,4,1,1,1,1,1,1,1,1,2,2,2,2,3,3,3,3,4,4,3,3,3,4,4,4,3,3,3,3,2,2,2,3,2,3,3,2,1,1,1,1,1,1,1,-30],[-1,1,1,1,1,2,0,1,0,0,0,1,1,1,1,1,2,2,2,2,2,2,2,2,2,2,2,3,3,3,4,4,4,4,3,3,3,3,3,4,4,4,4,0,0,5,5,0,0,0,4,4,4,5,5,4,4,4,5,5,4,4,4,4,5,5,4,5,5,5,5,4,5,-2],[-1,0,5,5,5,5,5,3,3,4,4,4,4,0,0,5,5,5,5,5,5,0,5,0,5,5,5,5,5,3,3,3,3,4,4,4,4,4,4,1,1,2,2,2,2,2,2,2,2,3,3,2,2,2,2,2,2,3,2,3,2,2,3,3,3,3,3,3,-12],[-1,2,2,3,3,3,3,3,0,0,0,0,0,0,0,1,0,0,0,1,0,1,0,0,3,3,4,4,4,4,0,0,5,5,5,5,5,5,5,4,4,4,5,5,5,4,4,4,4,4,3,4,3,4,3,3,3,3,4,4,4,5,-31],[-1,4,4,4,4,4,4,4,5,0,1,1,0,1,1,1,0,1,0,1,0,1,0,1,0,0,0,1,0,1,0,0,4,5,4,4,4,5,5,5,5,5,1,1,1,1,2,2,3,3,3,3,3,3,3,3,3,3,4,4,4,4,5,5,5,5,5,5,5,5,5,-21],[4,5,4,4,4,5,5,5,5,5,-125],[-1,0,0,0,0,0,0,5,5,3,3,3,4,4,3,4,3,3,3,3,3,3,3,3,3,0,0,0,0,0,0,0,0,0,0,0,0,5,5,5,5,5,5,5,0,5,0,5,5,5,5,5,3,3,3,3,4,4,4,4,4,4,3,4,3,4,3,3,3,3,4,4,4,5,-9],[-1,0,1,0,0,1,0,1,1,1,2,2,2,2,2,2,1,5,5,5,5,5,5,5,5,5,5,4,4,5,5,5,5,3,3,3,3,4,4,4,4,4,4,3,4,3,4,3,3,3,3,4,4,1,1,1,1,1,1,2,2,2,2,2,2,2,2,2,2,2,2,2,2,2,2,2,-1]]
case_complete day=3 agent=1 exit=0
case_elapsed_ms day=3 agent=1 value=101

case_begin day=3 agent=2 started=2026-08-31T13:48:59.9673235+00:00 max_states=50000 max_routes=64
ledger_before=8/16/120
day_score=8/8/64
score_after=8/24/184
agent=0 kind=patrol claims=8 served=8 path_steps=144 raw_path_fuel=63 initial_fuel=384 spots=8:0,6:6,19:3,4:4,2:2,9:1,7:7,5:5 terminal=405:397
agent=1 kind=patrol claims=10 served=10 path_steps=144 raw_path_fuel=72 initial_fuel=410 spots=11:3,4:4,6:6,8:0,14:6,17:1,15:7,18:2,5:5,13:5 terminal=503:370
agent=2 kind=patrol claims=10 served=10 path_steps=144 raw_path_fuel=70 initial_fuel=406 spots=15:7,17:1,0:0,4:4,8:0,6:6,19:3,2:2,5:5,13:5 terminal=503:382
agent=3 kind=patrol claims=9 served=9 path_steps=144 raw_path_fuel=71 initial_fuel=414 spots=18:2,5:5,17:1,0:0,4:4,6:6,19:3,23:7,16:0 terminal=552:407
agent=4 kind=patrol claims=9 served=9 path_steps=144 raw_path_fuel=88 initial_fuel=316 spots=5:5,7:7,17:1,4:4,14:6,0:0,18:2,10:2,11:3 terminal=342:403
agent=5 kind=tanker claims=0 served=0 path_steps=144 raw_path_fuel=11 initial_fuel=432 spots= terminal=104:432
agent=6 kind=patrol claims=9 served=9 path_steps=144 raw_path_fuel=85 initial_fuel=420 spots=1:1,17:1,5:5,4:4,8:0,6:6,19:3,23:7,16:0 terminal=552:401
agent=7 kind=patrol claims=9 served=9 path_steps=144 raw_path_fuel=86 initial_fuel=415 spots=2:2,4:4,17:1,14:6,8:0,6:6,19:3,23:7,5:5 terminal=405:329
spot=0 brand=0 cell=159 stock=7 served=3 denied=0 agents=2S,3S,4S
spot=1 brand=1 cell=165 stock=1 served=1 denied=0 agents=6S
spot=2 brand=2 cell=249 stock=3 served=3 denied=0 agents=7S,0S,2S
spot=4 brand=4 cell=104 stock=8 served=7 denied=0 agents=7S,1S,2S,0S,4S,3S,6S
spot=5 brand=5 cell=405 stock=8 served=7 denied=0 agents=4S,3S,6S,0S,1S,2S,7S
spot=6 brand=6 cell=194 stock=7 served=6 denied=0 agents=0S,1S,2S,7S,3S,6S
spot=7 brand=7 cell=569 stock=7 served=2 denied=0 agents=4S,0S
spot=8 brand=0 cell=49 stock=8 served=5 denied=0 agents=0S,1S,2S,7S,6S
spot=9 brand=1 cell=491 stock=5 served=1 denied=0 agents=0S
spot=10 brand=2 cell=349 stock=5 served=1 denied=0 agents=4S
spot=11 brand=3 cell=342 stock=2 served=2 denied=0 agents=1S,4S
spot=13 brand=5 cell=503 stock=3 served=2 denied=0 agents=1S,2S
spot=14 brand=6 cell=10 stock=4 served=3 denied=0 agents=7S,1S,4S
spot=15 brand=7 cell=46 stock=3 served=2 denied=0 agents=2S,1S
spot=16 brand=0 cell=552 stock=5 served=2 denied=0 agents=3S,6S
spot=17 brand=1 cell=16 stock=8 served=6 denied=0 agents=2S,6S,7S,3S,4S,1S
spot=18 brand=2 cell=281 stock=3 served=3 denied=0 agents=3S,4S,1S
spot=19 brand=3 cell=288 stock=6 served=5 denied=0 agents=0S,2S,7S,3S,6S
spot=23 brand=7 cell=529 stock=4 served=3 denied=0 agents=7S,3S,6S
sparse_agent=2 cap=50000 settled=50000 labels=51312 emitted_masks=289 protected_masks=5 retained=69 valid=69 best=8/24/187 mask=0xF5ACAF protected=8/24/184 protected_mask=0x0
sparse_global_best=8/24/187 baseline=8/24/184 agent=2 mask=0xF5ACAF
sparse_protected_best=8/24/184 baseline=8/24/184 agent=-1 mask=0x0
sparse_best_plan=[[0,0,0,0,1,1,3,3,3,3,4,4,4,4,4,4,1,1,1,1,1,1,1,1,2,2,2,2,3,3,3,3,4,4,3,3,3,4,4,4,3,3,3,3,2,2,2,3,2,3,3,2,1,1,1,1,1,1,1,-30],[-1,0,0,1,1,1,1,1,1,1,0,5,4,4,4,5,5,5,4,0,0,0,0,1,1,1,1,2,2,2,2,2,2,2,2,2,2,2,2,2,2,2,2,2,2,2,3,4,4,4,4,4,4,4,4,4,4,2,2,3,3,3,3,3,3,3,3,3,-13],[-1,3,3,4,4,4,4,3,3,3,3,3,4,4,4,4,3,3,3,3,4,4,5,5,5,5,4,5,0,0,5,0,1,1,0,0,0,0,2,1,1,1,2,0,0,0,0,1,4,4,5,5,5,4,4,5,4,4,4,4,5,4,4,5,4,4,5,3,4,4,4,4,5],[-1,2,2,3,3,3,3,3,0,0,0,0,0,0,0,1,0,0,0,1,0,1,0,0,3,3,4,4,4,4,0,0,5,5,5,5,5,5,5,4,4,4,5,5,5,4,4,4,4,4,3,4,3,4,3,3,3,3,4,4,4,5,-31],[-1,4,4,4,4,4,4,4,5,0,1,1,0,1,1,1,0,1,0,1,0,1,0,1,0,0,0,1,0,1,0,0,4,5,4,4,4,5,5,5,5,5,1,1,1,1,2,2,3,3,3,3,3,3,3,3,3,3,4,4,4,4,5,5,5,5,5,5,5,5,5,-21],[4,5,4,4,4,5,5,5,5,5,-125],[-1,0,0,0,0,0,0,5,5,3,3,3,4,4,3,4,3,3,3,3,3,3,3,3,3,0,0,0,0,0,0,0,0,0,0,0,0,5,5,5,5,5,5,5,0,5,0,5,5,5,5,5,3,3,3,3,4,4,4,4,4,4,3,4,3,4,3,3,3,3,4,4,4,5,-9],[-1,0,1,0,0,1,0,1,1,1,2,2,2,2,2,2,1,5,5,5,5,5,5,5,5,5,5,4,4,5,5,5,5,3,3,3,3,4,4,4,4,4,4,3,4,3,4,3,3,3,3,4,4,1,1,1,1,1,1,2,2,2,2,2,2,2,2,2,2,2,2,2,2,2,2,2,-1]]
case_complete day=3 agent=2 exit=0
case_elapsed_ms day=3 agent=2 value=230

case_begin day=3 agent=3 started=2026-08-31T13:49:00.2083949+00:00 max_states=50000 max_routes=64
ledger_before=8/16/120
day_score=8/8/64
score_after=8/24/184
agent=0 kind=patrol claims=8 served=8 path_steps=144 raw_path_fuel=63 initial_fuel=384 spots=8:0,6:6,19:3,4:4,2:2,9:1,7:7,5:5 terminal=405:397
agent=1 kind=patrol claims=10 served=10 path_steps=144 raw_path_fuel=72 initial_fuel=410 spots=11:3,4:4,6:6,8:0,14:6,17:1,15:7,18:2,5:5,13:5 terminal=503:370
agent=2 kind=patrol claims=10 served=10 path_steps=144 raw_path_fuel=70 initial_fuel=406 spots=15:7,17:1,0:0,4:4,8:0,6:6,19:3,2:2,5:5,13:5 terminal=503:382
agent=3 kind=patrol claims=9 served=9 path_steps=144 raw_path_fuel=71 initial_fuel=414 spots=18:2,5:5,17:1,0:0,4:4,6:6,19:3,23:7,16:0 terminal=552:407
agent=4 kind=patrol claims=9 served=9 path_steps=144 raw_path_fuel=88 initial_fuel=316 spots=5:5,7:7,17:1,4:4,14:6,0:0,18:2,10:2,11:3 terminal=342:403
agent=5 kind=tanker claims=0 served=0 path_steps=144 raw_path_fuel=11 initial_fuel=432 spots= terminal=104:432
agent=6 kind=patrol claims=9 served=9 path_steps=144 raw_path_fuel=85 initial_fuel=420 spots=1:1,17:1,5:5,4:4,8:0,6:6,19:3,23:7,16:0 terminal=552:401
agent=7 kind=patrol claims=9 served=9 path_steps=144 raw_path_fuel=86 initial_fuel=415 spots=2:2,4:4,17:1,14:6,8:0,6:6,19:3,23:7,5:5 terminal=405:329
spot=0 brand=0 cell=159 stock=7 served=3 denied=0 agents=2S,3S,4S
spot=1 brand=1 cell=165 stock=1 served=1 denied=0 agents=6S
spot=2 brand=2 cell=249 stock=3 served=3 denied=0 agents=7S,0S,2S
spot=4 brand=4 cell=104 stock=8 served=7 denied=0 agents=7S,1S,2S,0S,4S,3S,6S
spot=5 brand=5 cell=405 stock=8 served=7 denied=0 agents=4S,3S,6S,0S,1S,2S,7S
spot=6 brand=6 cell=194 stock=7 served=6 denied=0 agents=0S,1S,2S,7S,3S,6S
spot=7 brand=7 cell=569 stock=7 served=2 denied=0 agents=4S,0S
spot=8 brand=0 cell=49 stock=8 served=5 denied=0 agents=0S,1S,2S,7S,6S
spot=9 brand=1 cell=491 stock=5 served=1 denied=0 agents=0S
spot=10 brand=2 cell=349 stock=5 served=1 denied=0 agents=4S
spot=11 brand=3 cell=342 stock=2 served=2 denied=0 agents=1S,4S
spot=13 brand=5 cell=503 stock=3 served=2 denied=0 agents=1S,2S
spot=14 brand=6 cell=10 stock=4 served=3 denied=0 agents=7S,1S,4S
spot=15 brand=7 cell=46 stock=3 served=2 denied=0 agents=2S,1S
spot=16 brand=0 cell=552 stock=5 served=2 denied=0 agents=3S,6S
spot=17 brand=1 cell=16 stock=8 served=6 denied=0 agents=2S,6S,7S,3S,4S,1S
spot=18 brand=2 cell=281 stock=3 served=3 denied=0 agents=3S,4S,1S
spot=19 brand=3 cell=288 stock=6 served=5 denied=0 agents=0S,2S,7S,3S,6S
spot=23 brand=7 cell=529 stock=4 served=3 denied=0 agents=7S,3S,6S
sparse_agent=3 cap=50000 settled=50000 labels=51056 emitted_masks=168 protected_masks=12 retained=76 valid=76 best=8/24/188 mask=0xD7DA1F protected=8/24/184 protected_mask=0x0
sparse_global_best=8/24/188 baseline=8/24/184 agent=3 mask=0xD7DA1F
sparse_protected_best=8/24/184 baseline=8/24/184 agent=-1 mask=0x0
sparse_best_plan=[[0,0,0,0,1,1,3,3,3,3,4,4,4,4,4,4,1,1,1,1,1,1,1,1,2,2,2,2,3,3,3,3,4,4,3,3,3,4,4,4,3,3,3,3,2,2,2,3,2,3,3,2,1,1,1,1,1,1,1,-30],[-1,0,0,1,1,1,1,1,1,1,0,5,4,4,4,5,5,5,4,0,0,0,0,1,1,1,1,2,2,2,2,2,2,2,2,2,2,2,2,2,2,2,2,2,2,2,3,4,4,4,4,4,4,4,4,4,4,2,2,3,3,3,3,3,3,3,3,3,-13],[-1,0,5,5,5,5,5,3,3,4,4,4,4,0,0,5,5,5,5,5,5,0,5,0,5,5,5,5,5,3,3,3,3,4,4,4,4,4,4,1,1,2,2,2,2,2,2,2,2,3,3,2,2,2,2,2,2,3,2,3,2,2,3,3,3,3,3,3,-12],[-1,0,0,0,0,1,2,2,2,2,2,2,1,1,1,0,0,0,5,5,5,5,5,5,5,5,5,5,5,4,4,4,4,3,3,3,3,4,4,4,4,4,4,5,4,4,5,4,4,5,4,4,4,4,4,1,2,2,2,2,2,1,1,2,2,2,2,2,1,1,2,2,2,-1],[-1,4,4,4,4,4,4,4,5,0,1,1,0,1,1,1,0,1,0,1,0,1,0,1,0,0,0,1,0,1,0,0,4,5,4,4,4,5,5,5,5,5,1,1,1,1,2,2,3,3,3,3,3,3,3,3,3,3,4,4,4,4,5,5,5,5,5,5,5,5,5,-21],[4,5,4,4,4,5,5,5,5,5,-125],[-1,0,0,0,0,0,0,5,5,3,3,3,4,4,3,4,3,3,3,3,3,3,3,3,3,0,0,0,0,0,0,0,0,0,0,0,0,5,5,5,5,5,5,5,0,5,0,5,5,5,5,5,3,3,3,3,4,4,4,4,4,4,3,4,3,4,3,3,3,3,4,4,4,5,-9],[-1,0,1,0,0,1,0,1,1,1,2,2,2,2,2,2,1,5,5,5,5,5,5,5,5,5,5,4,4,5,5,5,5,3,3,3,3,4,4,4,4,4,4,3,4,3,4,3,3,3,3,4,4,1,1,1,1,1,1,2,2,2,2,2,2,2,2,2,2,2,2,2,2,2,2,2,-1]]
case_complete day=3 agent=3 exit=0
case_elapsed_ms day=3 agent=3 value=169

case_begin day=3 agent=4 started=2026-08-31T13:49:00.3846519+00:00 max_states=50000 max_routes=64
ledger_before=8/16/120
day_score=8/8/64
score_after=8/24/184
agent=0 kind=patrol claims=8 served=8 path_steps=144 raw_path_fuel=63 initial_fuel=384 spots=8:0,6:6,19:3,4:4,2:2,9:1,7:7,5:5 terminal=405:397
agent=1 kind=patrol claims=10 served=10 path_steps=144 raw_path_fuel=72 initial_fuel=410 spots=11:3,4:4,6:6,8:0,14:6,17:1,15:7,18:2,5:5,13:5 terminal=503:370
agent=2 kind=patrol claims=10 served=10 path_steps=144 raw_path_fuel=70 initial_fuel=406 spots=15:7,17:1,0:0,4:4,8:0,6:6,19:3,2:2,5:5,13:5 terminal=503:382
agent=3 kind=patrol claims=9 served=9 path_steps=144 raw_path_fuel=71 initial_fuel=414 spots=18:2,5:5,17:1,0:0,4:4,6:6,19:3,23:7,16:0 terminal=552:407
agent=4 kind=patrol claims=9 served=9 path_steps=144 raw_path_fuel=88 initial_fuel=316 spots=5:5,7:7,17:1,4:4,14:6,0:0,18:2,10:2,11:3 terminal=342:403
agent=5 kind=tanker claims=0 served=0 path_steps=144 raw_path_fuel=11 initial_fuel=432 spots= terminal=104:432
agent=6 kind=patrol claims=9 served=9 path_steps=144 raw_path_fuel=85 initial_fuel=420 spots=1:1,17:1,5:5,4:4,8:0,6:6,19:3,23:7,16:0 terminal=552:401
agent=7 kind=patrol claims=9 served=9 path_steps=144 raw_path_fuel=86 initial_fuel=415 spots=2:2,4:4,17:1,14:6,8:0,6:6,19:3,23:7,5:5 terminal=405:329
spot=0 brand=0 cell=159 stock=7 served=3 denied=0 agents=2S,3S,4S
spot=1 brand=1 cell=165 stock=1 served=1 denied=0 agents=6S
spot=2 brand=2 cell=249 stock=3 served=3 denied=0 agents=7S,0S,2S
spot=4 brand=4 cell=104 stock=8 served=7 denied=0 agents=7S,1S,2S,0S,4S,3S,6S
spot=5 brand=5 cell=405 stock=8 served=7 denied=0 agents=4S,3S,6S,0S,1S,2S,7S
spot=6 brand=6 cell=194 stock=7 served=6 denied=0 agents=0S,1S,2S,7S,3S,6S
spot=7 brand=7 cell=569 stock=7 served=2 denied=0 agents=4S,0S
spot=8 brand=0 cell=49 stock=8 served=5 denied=0 agents=0S,1S,2S,7S,6S
spot=9 brand=1 cell=491 stock=5 served=1 denied=0 agents=0S
spot=10 brand=2 cell=349 stock=5 served=1 denied=0 agents=4S
spot=11 brand=3 cell=342 stock=2 served=2 denied=0 agents=1S,4S
spot=13 brand=5 cell=503 stock=3 served=2 denied=0 agents=1S,2S
spot=14 brand=6 cell=10 stock=4 served=3 denied=0 agents=7S,1S,4S
spot=15 brand=7 cell=46 stock=3 served=2 denied=0 agents=2S,1S
spot=16 brand=0 cell=552 stock=5 served=2 denied=0 agents=3S,6S
spot=17 brand=1 cell=16 stock=8 served=6 denied=0 agents=2S,6S,7S,3S,4S,1S
spot=18 brand=2 cell=281 stock=3 served=3 denied=0 agents=3S,4S,1S
spot=19 brand=3 cell=288 stock=6 served=5 denied=0 agents=0S,2S,7S,3S,6S
spot=23 brand=7 cell=529 stock=4 served=3 denied=0 agents=7S,3S,6S
sparse_agent=4 cap=50000 settled=50000 labels=51416 emitted_masks=264 protected_masks=41 retained=87 valid=87 best=8/24/189 mask=0x5EE4F3 protected=8/24/184 protected_mask=0x0
sparse_global_best=8/24/189 baseline=8/24/184 agent=4 mask=0x5EE4F3
sparse_protected_best=8/24/184 baseline=8/24/184 agent=-1 mask=0x0
sparse_best_plan=[[0,0,0,0,1,1,3,3,3,3,4,4,4,4,4,4,1,1,1,1,1,1,1,1,2,2,2,2,3,3,3,3,4,4,3,3,3,4,4,4,3,3,3,3,2,2,2,3,2,3,3,2,1,1,1,1,1,1,1,-30],[-1,0,0,1,1,1,1,1,1,1,0,5,4,4,4,5,5,5,4,0,0,0,0,1,1,1,1,2,2,2,2,2,2,2,2,2,2,2,2,2,2,2,2,2,2,2,3,4,4,4,4,4,4,4,4,4,4,2,2,3,3,3,3,3,3,3,3,3,-13],[-1,0,5,5,5,5,5,3,3,4,4,4,4,0,0,5,5,5,5,5,5,0,5,0,5,5,5,5,5,3,3,3,3,4,4,4,4,4,4,1,1,2,2,2,2,2,2,2,2,3,3,2,2,2,2,2,2,3,2,3,2,2,3,3,3,3,3,3,-12],[-1,2,2,3,3,3,3,3,0,0,0,0,0,0,0,1,0,0,0,1,0,1,0,0,3,3,4,4,4,4,0,0,5,5,5,5,5,5,5,4,4,4,5,5,5,4,4,4,4,4,3,4,3,4,3,3,3,3,4,4,4,5,-31],[-1,3,3,3,3,4,4,5,5,5,5,4,5,0,0,5,0,1,1,0,0,0,0,2,1,1,1,2,0,0,0,0,1,2,2,2,2,2,2,1,1,1,0,0,0,5,5,5,5,5,5,5,5,5,5,5,4,4,4,4,5,4,4,4,4,5,5,5,4,4,4,4],[4,5,4,4,4,5,5,5,5,5,-125],[-1,0,0,0,0,0,0,5,5,3,3,3,4,4,3,4,3,3,3,3,3,3,3,3,3,0,0,0,0,0,0,0,0,0,0,0,0,5,5,5,5,5,5,5,0,5,0,5,5,5,5,5,3,3,3,3,4,4,4,4,4,4,3,4,3,4,3,3,3,3,4,4,4,5,-9],[-1,0,1,0,0,1,0,1,1,1,2,2,2,2,2,2,1,5,5,5,5,5,5,5,5,5,5,4,4,5,5,5,5,3,3,3,3,4,4,4,4,4,4,3,4,3,4,3,3,3,3,4,4,1,1,1,1,1,1,2,2,2,2,2,2,2,2,2,2,2,2,2,2,2,2,2,-1]]
case_complete day=3 agent=4 exit=0
case_elapsed_ms day=3 agent=4 value=134

case_begin day=3 agent=6 started=2026-08-31T13:49:00.5241871+00:00 max_states=50000 max_routes=64
ledger_before=8/16/120
day_score=8/8/64
score_after=8/24/184
agent=0 kind=patrol claims=8 served=8 path_steps=144 raw_path_fuel=63 initial_fuel=384 spots=8:0,6:6,19:3,4:4,2:2,9:1,7:7,5:5 terminal=405:397
agent=1 kind=patrol claims=10 served=10 path_steps=144 raw_path_fuel=72 initial_fuel=410 spots=11:3,4:4,6:6,8:0,14:6,17:1,15:7,18:2,5:5,13:5 terminal=503:370
agent=2 kind=patrol claims=10 served=10 path_steps=144 raw_path_fuel=70 initial_fuel=406 spots=15:7,17:1,0:0,4:4,8:0,6:6,19:3,2:2,5:5,13:5 terminal=503:382
agent=3 kind=patrol claims=9 served=9 path_steps=144 raw_path_fuel=71 initial_fuel=414 spots=18:2,5:5,17:1,0:0,4:4,6:6,19:3,23:7,16:0 terminal=552:407
agent=4 kind=patrol claims=9 served=9 path_steps=144 raw_path_fuel=88 initial_fuel=316 spots=5:5,7:7,17:1,4:4,14:6,0:0,18:2,10:2,11:3 terminal=342:403
agent=5 kind=tanker claims=0 served=0 path_steps=144 raw_path_fuel=11 initial_fuel=432 spots= terminal=104:432
agent=6 kind=patrol claims=9 served=9 path_steps=144 raw_path_fuel=85 initial_fuel=420 spots=1:1,17:1,5:5,4:4,8:0,6:6,19:3,23:7,16:0 terminal=552:401
agent=7 kind=patrol claims=9 served=9 path_steps=144 raw_path_fuel=86 initial_fuel=415 spots=2:2,4:4,17:1,14:6,8:0,6:6,19:3,23:7,5:5 terminal=405:329
spot=0 brand=0 cell=159 stock=7 served=3 denied=0 agents=2S,3S,4S
spot=1 brand=1 cell=165 stock=1 served=1 denied=0 agents=6S
spot=2 brand=2 cell=249 stock=3 served=3 denied=0 agents=7S,0S,2S
spot=4 brand=4 cell=104 stock=8 served=7 denied=0 agents=7S,1S,2S,0S,4S,3S,6S
spot=5 brand=5 cell=405 stock=8 served=7 denied=0 agents=4S,3S,6S,0S,1S,2S,7S
spot=6 brand=6 cell=194 stock=7 served=6 denied=0 agents=0S,1S,2S,7S,3S,6S
spot=7 brand=7 cell=569 stock=7 served=2 denied=0 agents=4S,0S
spot=8 brand=0 cell=49 stock=8 served=5 denied=0 agents=0S,1S,2S,7S,6S
spot=9 brand=1 cell=491 stock=5 served=1 denied=0 agents=0S
spot=10 brand=2 cell=349 stock=5 served=1 denied=0 agents=4S
spot=11 brand=3 cell=342 stock=2 served=2 denied=0 agents=1S,4S
spot=13 brand=5 cell=503 stock=3 served=2 denied=0 agents=1S,2S
spot=14 brand=6 cell=10 stock=4 served=3 denied=0 agents=7S,1S,4S
spot=15 brand=7 cell=46 stock=3 served=2 denied=0 agents=2S,1S
spot=16 brand=0 cell=552 stock=5 served=2 denied=0 agents=3S,6S
spot=17 brand=1 cell=16 stock=8 served=6 denied=0 agents=2S,6S,7S,3S,4S,1S
spot=18 brand=2 cell=281 stock=3 served=3 denied=0 agents=3S,4S,1S
spot=19 brand=3 cell=288 stock=6 served=5 denied=0 agents=0S,2S,7S,3S,6S
spot=23 brand=7 cell=529 stock=4 served=3 denied=0 agents=7S,3S,6S
sparse_agent=6 cap=50000 settled=50000 labels=51246 emitted_masks=177 protected_masks=40 retained=96 valid=96 best=8/24/189 mask=0xDF9E4B protected=8/24/184 protected_mask=0x0
sparse_global_best=8/24/189 baseline=8/24/184 agent=6 mask=0xDF9E4B
sparse_protected_best=8/24/184 baseline=8/24/184 agent=-1 mask=0x0
sparse_best_plan=[[0,0,0,0,1,1,3,3,3,3,4,4,4,4,4,4,1,1,1,1,1,1,1,1,2,2,2,2,3,3,3,3,4,4,3,3,3,4,4,4,3,3,3,3,2,2,2,3,2,3,3,2,1,1,1,1,1,1,1,-30],[-1,0,0,1,1,1,1,1,1,1,0,5,4,4,4,5,5,5,4,0,0,0,0,1,1,1,1,2,2,2,2,2,2,2,2,2,2,2,2,2,2,2,2,2,2,2,3,4,4,4,4,4,4,4,4,4,4,2,2,3,3,3,3,3,3,3,3,3,-13],[-1,0,5,5,5,5,5,3,3,4,4,4,4,0,0,5,5,5,5,5,5,0,5,0,5,5,5,5,5,3,3,3,3,4,4,4,4,4,4,1,1,2,2,2,2,2,2,2,2,3,3,2,2,2,2,2,2,3,2,3,2,2,3,3,3,3,3,3,-12],[-1,2,2,3,3,3,3,3,0,0,0,0,0,0,0,1,0,0,0,1,0,1,0,0,3,3,4,4,4,4,0,0,5,5,5,5,5,5,5,4,4,4,5,5,5,4,4,4,4,4,3,4,3,4,3,3,3,3,4,4,4,5,-31],[-1,4,4,4,4,4,4,4,5,0,1,1,0,1,1,1,0,1,0,1,0,1,0,1,0,0,0,1,0,1,0,0,4,5,4,4,4,5,5,5,5,5,1,1,1,1,2,2,3,3,3,3,3,3,3,3,3,3,4,4,4,4,5,5,5,5,5,5,5,5,5,-21],[4,5,4,4,4,5,5,5,5,5,-125],[-1,1,1,1,0,0,0,5,5,5,5,5,3,3,4,4,4,4,3,3,3,3,4,4,4,4,5,5,4,3,2,3,3,4,4,5,5,5,0,0,0,0,5,0,0,5,0,0,0,0,0,5,0,4,4,4,4,3,4,3,3,3,3,3,3,3,2,3,5,5,5,5,4,5],[-1,0,1,0,0,1,0,1,1,1,2,2,2,2,2,2,1,5,5,5,5,5,5,5,5,5,5,4,4,5,5,5,5,3,3,3,3,4,4,4,4,4,4,3,4,3,4,3,3,3,3,4,4,1,1,1,1,1,1,2,2,2,2,2,2,2,2,2,2,2,2,2,2,2,2,2,-1]]
case_complete day=3 agent=6 exit=0
case_elapsed_ms day=3 agent=6 value=121

case_begin day=3 agent=7 started=2026-08-31T13:49:00.6519704+00:00 max_states=50000 max_routes=64
ledger_before=8/16/120
day_score=8/8/64
score_after=8/24/184
agent=0 kind=patrol claims=8 served=8 path_steps=144 raw_path_fuel=63 initial_fuel=384 spots=8:0,6:6,19:3,4:4,2:2,9:1,7:7,5:5 terminal=405:397
agent=1 kind=patrol claims=10 served=10 path_steps=144 raw_path_fuel=72 initial_fuel=410 spots=11:3,4:4,6:6,8:0,14:6,17:1,15:7,18:2,5:5,13:5 terminal=503:370
agent=2 kind=patrol claims=10 served=10 path_steps=144 raw_path_fuel=70 initial_fuel=406 spots=15:7,17:1,0:0,4:4,8:0,6:6,19:3,2:2,5:5,13:5 terminal=503:382
agent=3 kind=patrol claims=9 served=9 path_steps=144 raw_path_fuel=71 initial_fuel=414 spots=18:2,5:5,17:1,0:0,4:4,6:6,19:3,23:7,16:0 terminal=552:407
agent=4 kind=patrol claims=9 served=9 path_steps=144 raw_path_fuel=88 initial_fuel=316 spots=5:5,7:7,17:1,4:4,14:6,0:0,18:2,10:2,11:3 terminal=342:403
agent=5 kind=tanker claims=0 served=0 path_steps=144 raw_path_fuel=11 initial_fuel=432 spots= terminal=104:432
agent=6 kind=patrol claims=9 served=9 path_steps=144 raw_path_fuel=85 initial_fuel=420 spots=1:1,17:1,5:5,4:4,8:0,6:6,19:3,23:7,16:0 terminal=552:401
agent=7 kind=patrol claims=9 served=9 path_steps=144 raw_path_fuel=86 initial_fuel=415 spots=2:2,4:4,17:1,14:6,8:0,6:6,19:3,23:7,5:5 terminal=405:329
spot=0 brand=0 cell=159 stock=7 served=3 denied=0 agents=2S,3S,4S
spot=1 brand=1 cell=165 stock=1 served=1 denied=0 agents=6S
spot=2 brand=2 cell=249 stock=3 served=3 denied=0 agents=7S,0S,2S
spot=4 brand=4 cell=104 stock=8 served=7 denied=0 agents=7S,1S,2S,0S,4S,3S,6S
spot=5 brand=5 cell=405 stock=8 served=7 denied=0 agents=4S,3S,6S,0S,1S,2S,7S
spot=6 brand=6 cell=194 stock=7 served=6 denied=0 agents=0S,1S,2S,7S,3S,6S
spot=7 brand=7 cell=569 stock=7 served=2 denied=0 agents=4S,0S
spot=8 brand=0 cell=49 stock=8 served=5 denied=0 agents=0S,1S,2S,7S,6S
spot=9 brand=1 cell=491 stock=5 served=1 denied=0 agents=0S
spot=10 brand=2 cell=349 stock=5 served=1 denied=0 agents=4S
spot=11 brand=3 cell=342 stock=2 served=2 denied=0 agents=1S,4S
spot=13 brand=5 cell=503 stock=3 served=2 denied=0 agents=1S,2S
spot=14 brand=6 cell=10 stock=4 served=3 denied=0 agents=7S,1S,4S
spot=15 brand=7 cell=46 stock=3 served=2 denied=0 agents=2S,1S
spot=16 brand=0 cell=552 stock=5 served=2 denied=0 agents=3S,6S
spot=17 brand=1 cell=16 stock=8 served=6 denied=0 agents=2S,6S,7S,3S,4S,1S
spot=18 brand=2 cell=281 stock=3 served=3 denied=0 agents=3S,4S,1S
spot=19 brand=3 cell=288 stock=6 served=5 denied=0 agents=0S,2S,7S,3S,6S
spot=23 brand=7 cell=529 stock=4 served=3 denied=0 agents=7S,3S,6S
sparse_agent=7 cap=50000 settled=50000 labels=51423 emitted_masks=208 protected_masks=28 retained=86 valid=86 best=8/24/188 mask=0xD7DE1E protected=8/24/184 protected_mask=0x0
sparse_global_best=8/24/188 baseline=8/24/184 agent=7 mask=0xD7DE1E
sparse_protected_best=8/24/184 baseline=8/24/184 agent=-1 mask=0x0
sparse_best_plan=[[0,0,0,0,1,1,3,3,3,3,4,4,4,4,4,4,1,1,1,1,1,1,1,1,2,2,2,2,3,3,3,3,4,4,3,3,3,4,4,4,3,3,3,3,2,2,2,3,2,3,3,2,1,1,1,1,1,1,1,-30],[-1,0,0,1,1,1,1,1,1,1,0,5,4,4,4,5,5,5,4,0,0,0,0,1,1,1,1,2,2,2,2,2,2,2,2,2,2,2,2,2,2,2,2,2,2,2,3,4,4,4,4,4,4,4,4,4,4,2,2,3,3,3,3,3,3,3,3,3,-13],[-1,0,5,5,5,5,5,3,3,4,4,4,4,0,0,5,5,5,5,5,5,0,5,0,5,5,5,5,5,3,3,3,3,4,4,4,4,4,4,1,1,2,2,2,2,2,2,2,2,3,3,2,2,2,2,2,2,3,2,3,2,2,3,3,3,3,3,3,-12],[-1,2,2,3,3,3,3,3,0,0,0,0,0,0,0,1,0,0,0,1,0,1,0,0,3,3,4,4,4,4,0,0,5,5,5,5,5,5,5,4,4,4,5,5,5,4,4,4,4,4,3,4,3,4,3,3,3,3,4,4,4,5,-31],[-1,4,4,4,4,4,4,4,5,0,1,1,0,1,1,1,0,1,0,1,0,1,0,1,0,0,0,1,0,1,0,0,4,5,4,4,4,5,5,5,5,5,1,1,1,1,2,2,3,3,3,3,3,3,3,3,3,3,4,4,4,4,5,5,5,5,5,5,5,5,5,-21],[4,5,4,4,4,5,5,5,5,5,-125],[-1,0,0,0,0,0,0,5,5,3,3,3,4,4,3,4,3,3,3,3,3,3,3,3,3,0,0,0,0,0,0,0,0,0,0,0,0,5,5,5,5,5,5,5,0,5,0,5,5,5,5,5,3,3,3,3,4,4,4,4,4,4,3,4,3,4,3,3,3,3,4,4,4,5,-9],[-1,4,4,4,4,5,4,4,5,4,4,5,3,4,4,4,4,5,1,2,2,2,2,2,1,1,2,2,2,2,2,1,1,2,2,2,0,0,0,0,2,1,1,1,2,2,1,1,1,1,1,2,1,1,1,0,0,0,5,5,5,5,5,5,5,5,5,5,5,4,4,4,4]]
case_complete day=3 agent=7 exit=0
case_elapsed_ms day=3 agent=7 value=199

case_begin day=4 agent=0 started=2026-08-31T13:49:00.8610478+00:00 max_states=50000 max_routes=64
ledger_before=8/24/184
day_score=8/8/66
score_after=8/32/250
agent=0 kind=patrol claims=9 served=9 path_steps=144 raw_path_fuel=104 initial_fuel=397 spots=5:5,18:2,4:4,10:2,7:7,0:0,17:1,14:6,8:0 terminal=49:432
agent=1 kind=patrol claims=9 served=9 path_steps=144 raw_path_fuel=90 initial_fuel=370 spots=13:5,5:5,7:7,10:2,4:4,8:0,6:6,19:3,9:1 terminal=491:399
agent=2 kind=patrol claims=10 served=10 path_steps=144 raw_path_fuel=87 initial_fuel=382 spots=13:5,5:5,18:2,4:4,10:2,7:7,9:1,11:3,6:6,8:0 terminal=49:432
agent=3 kind=patrol claims=10 served=10 path_steps=144 raw_path_fuel=85 initial_fuel=407 spots=16:0,23:7,12:4,4:4,8:0,6:6,19:3,2:2,9:1,5:5 terminal=405:381
agent=4 kind=patrol claims=10 served=9 path_steps=144 raw_path_fuel=73 initial_fuel=403 spots=11:3,4:4,6:6,8:0,14:6,17:1,15:7,18:2,5:5,13:5 terminal=503:383
agent=5 kind=tanker claims=0 served=0 path_steps=144 raw_path_fuel=8 initial_fuel=432 spots= terminal=49:432
agent=6 kind=patrol claims=10 served=10 path_steps=144 raw_path_fuel=85 initial_fuel=401 spots=16:0,23:7,12:4,4:4,8:0,6:6,19:3,2:2,9:1,5:5 terminal=405:381
agent=7 kind=patrol claims=9 served=9 path_steps=144 raw_path_fuel=104 initial_fuel=329 spots=5:5,18:2,4:4,10:2,7:7,0:0,17:1,14:6,8:0 terminal=49:432
spot=0 brand=0 cell=159 stock=7 served=2 denied=0 agents=0S,7S
spot=2 brand=2 cell=249 stock=3 served=2 denied=0 agents=3S,6S
spot=4 brand=4 cell=104 stock=8 served=7 denied=0 agents=4S,0S,7S,2S,3S,6S,1S
spot=5 brand=5 cell=405 stock=8 served=7 denied=0 agents=0S,7S,1S,2S,4S,3S,6S
spot=6 brand=6 cell=194 stock=7 served=5 denied=0 agents=4S,3S,6S,1S,2S
spot=7 brand=7 cell=569 stock=7 served=4 denied=0 agents=1S,0S,7S,2S
spot=8 brand=0 cell=49 stock=8 served=7 denied=0 agents=4S,3S,6S,1S,2S,0S,7S
spot=9 brand=1 cell=491 stock=5 served=4 denied=0 agents=2S,1S,3S,6S
spot=10 brand=2 cell=349 stock=5 served=4 denied=0 agents=1S,0S,7S,2S
spot=11 brand=3 cell=342 stock=2 served=2 denied=0 agents=4S,2S
spot=12 brand=4 cell=533 stock=6 served=2 denied=0 agents=3S,6S
spot=13 brand=5 cell=503 stock=3 served=3 denied=0 agents=1S,2S,4S
spot=14 brand=6 cell=10 stock=4 served=3 denied=0 agents=4S,0S,7S
spot=15 brand=7 cell=46 stock=3 served=1 denied=0 agents=4S
spot=16 brand=0 cell=552 stock=5 served=2 denied=0 agents=3S,6S
spot=17 brand=1 cell=16 stock=8 served=3 denied=0 agents=4S,0S,7S
spot=18 brand=2 cell=281 stock=3 served=3 denied=1 agents=0S,7S,2S,4D
spot=19 brand=3 cell=288 stock=6 served=3 denied=0 agents=3S,6S,1S
spot=23 brand=7 cell=529 stock=4 served=2 denied=0 agents=3S,6S
sparse_agent=0 cap=50000 settled=50000 labels=51162 emitted_masks=220 protected_masks=14 retained=78 valid=78 best=8/32/253 mask=0x76AEA3 protected=8/32/250 protected_mask=0x0
sparse_global_best=8/32/253 baseline=8/32/250 agent=0 mask=0x76AEA3
sparse_protected_best=8/32/250 baseline=8/32/250 agent=-1 mask=0x0
sparse_best_plan=[[-1,3,3,3,3,4,4,4,5,5,5,5,5,0,0,5,0,1,1,0,0,0,0,2,1,1,1,2,0,0,0,0,1,0,1,1,1,0,1,2,2,2,2,2,3,3,3,4,4,4,4,3,3,3,3,4,4,5,5,4,5,4,5,5,5,5,4,4,4,4,4,0,0,0,0,5,0,0,5,-2],[-1,0,0,0,0,4,5,5,5,4,4,3,4,3,4,0,1,1,0,1,0,0,0,5,5,0,0,0,0,0,0,0,0,0,0,0,0,5,0,5,5,5,5,5,3,3,3,3,4,4,4,4,4,4,3,3,3,2,2,3,2,3,2,2,2,2,3,3,3,-25],[-1,0,0,0,0,0,0,5,5,0,0,0,0,0,0,0,5,5,0,0,0,5,5,5,3,3,3,3,3,3,3,3,3,3,3,2,2,3,3,3,4,3,4,3,4,0,0,5,0,5,5,5,0,0,0,0,5,0,0,5,0,0,0,0,0,5,0,0,0,0,0,1,1,-10],[-1,1,2,2,2,2,2,0,1,0,1,1,0,0,0,1,1,1,1,1,1,1,1,1,0,0,5,0,5,5,5,5,5,3,3,3,3,4,4,4,4,4,4,1,1,2,2,2,2,2,2,2,2,3,3,3,4,4,4,3,3,3,3,1,1,1,1,1,2,2,2,2,2,2,2,3,-3],[-1,0,0,1,1,1,1,1,1,1,0,5,4,4,4,5,5,5,4,0,0,0,0,1,1,1,1,2,2,2,2,2,2,2,2,2,2,2,2,2,2,2,2,2,2,2,3,4,4,4,4,4,4,4,4,4,4,3,3,3,2,2,3,3,3,3,3,3,-13],[0,5,0,5,5,5,5,5,-128],[-1,1,2,2,2,2,2,0,1,0,1,1,0,0,0,1,1,1,1,1,1,1,1,1,0,0,5,0,5,5,5,5,5,3,3,3,3,4,4,4,4,4,4,1,1,2,2,2,2,2,2,2,2,3,3,3,4,4,4,3,3,3,3,1,1,1,1,1,2,2,2,2,2,2,2,3,-3],[-1,0,0,5,5,0,0,0,0,0,0,0,5,5,0,0,0,5,5,5,3,3,3,3,3,3,3,3,3,3,3,2,2,3,3,3,4,3,4,3,4,0,1,1,0,1,1,1,0,1,0,0,1,0,0,0,0,0,0,1,1,1,0,1,5,5,5,5,5,5,5,5,5,5,4,4,5,5,5,5,-5]]
case_complete day=4 agent=0 exit=0
case_elapsed_ms day=4 agent=0 value=113

case_begin day=4 agent=1 started=2026-08-31T13:49:00.9855496+00:00 max_states=50000 max_routes=64
ledger_before=8/24/184
day_score=8/8/66
score_after=8/32/250
agent=0 kind=patrol claims=9 served=9 path_steps=144 raw_path_fuel=104 initial_fuel=397 spots=5:5,18:2,4:4,10:2,7:7,0:0,17:1,14:6,8:0 terminal=49:432
agent=1 kind=patrol claims=9 served=9 path_steps=144 raw_path_fuel=90 initial_fuel=370 spots=13:5,5:5,7:7,10:2,4:4,8:0,6:6,19:3,9:1 terminal=491:399
agent=2 kind=patrol claims=10 served=10 path_steps=144 raw_path_fuel=87 initial_fuel=382 spots=13:5,5:5,18:2,4:4,10:2,7:7,9:1,11:3,6:6,8:0 terminal=49:432
agent=3 kind=patrol claims=10 served=10 path_steps=144 raw_path_fuel=85 initial_fuel=407 spots=16:0,23:7,12:4,4:4,8:0,6:6,19:3,2:2,9:1,5:5 terminal=405:381
agent=4 kind=patrol claims=10 served=9 path_steps=144 raw_path_fuel=73 initial_fuel=403 spots=11:3,4:4,6:6,8:0,14:6,17:1,15:7,18:2,5:5,13:5 terminal=503:383
agent=5 kind=tanker claims=0 served=0 path_steps=144 raw_path_fuel=8 initial_fuel=432 spots= terminal=49:432
agent=6 kind=patrol claims=10 served=10 path_steps=144 raw_path_fuel=85 initial_fuel=401 spots=16:0,23:7,12:4,4:4,8:0,6:6,19:3,2:2,9:1,5:5 terminal=405:381
agent=7 kind=patrol claims=9 served=9 path_steps=144 raw_path_fuel=104 initial_fuel=329 spots=5:5,18:2,4:4,10:2,7:7,0:0,17:1,14:6,8:0 terminal=49:432
spot=0 brand=0 cell=159 stock=7 served=2 denied=0 agents=0S,7S
spot=2 brand=2 cell=249 stock=3 served=2 denied=0 agents=3S,6S
spot=4 brand=4 cell=104 stock=8 served=7 denied=0 agents=4S,0S,7S,2S,3S,6S,1S
spot=5 brand=5 cell=405 stock=8 served=7 denied=0 agents=0S,7S,1S,2S,4S,3S,6S
spot=6 brand=6 cell=194 stock=7 served=5 denied=0 agents=4S,3S,6S,1S,2S
spot=7 brand=7 cell=569 stock=7 served=4 denied=0 agents=1S,0S,7S,2S
spot=8 brand=0 cell=49 stock=8 served=7 denied=0 agents=4S,3S,6S,1S,2S,0S,7S
spot=9 brand=1 cell=491 stock=5 served=4 denied=0 agents=2S,1S,3S,6S
spot=10 brand=2 cell=349 stock=5 served=4 denied=0 agents=1S,0S,7S,2S
spot=11 brand=3 cell=342 stock=2 served=2 denied=0 agents=4S,2S
spot=12 brand=4 cell=533 stock=6 served=2 denied=0 agents=3S,6S
spot=13 brand=5 cell=503 stock=3 served=3 denied=0 agents=1S,2S,4S
spot=14 brand=6 cell=10 stock=4 served=3 denied=0 agents=4S,0S,7S
spot=15 brand=7 cell=46 stock=3 served=1 denied=0 agents=4S
spot=16 brand=0 cell=552 stock=5 served=2 denied=0 agents=3S,6S
spot=17 brand=1 cell=16 stock=8 served=3 denied=0 agents=4S,0S,7S
spot=18 brand=2 cell=281 stock=3 served=3 denied=1 agents=0S,7S,2S,4D
spot=19 brand=3 cell=288 stock=6 served=3 denied=0 agents=3S,6S,1S
spot=23 brand=7 cell=529 stock=4 served=2 denied=0 agents=3S,6S
sparse_agent=1 cap=50000 settled=50000 labels=51216 emitted_masks=233 protected_masks=17 retained=81 valid=81 best=8/32/256 mask=0xF7B62B protected=8/32/250 protected_mask=0x0
sparse_global_best=8/32/256 baseline=8/32/250 agent=1 mask=0xF7B62B
sparse_protected_best=8/32/250 baseline=8/32/250 agent=-1 mask=0x0
sparse_best_plan=[[-1,0,0,5,5,0,0,0,0,0,0,0,5,5,0,0,0,5,5,5,3,3,3,3,3,3,3,3,3,3,3,2,2,3,3,3,4,3,4,3,4,0,1,1,0,1,1,1,0,1,0,0,1,0,0,0,0,0,0,1,1,1,0,1,5,5,5,5,5,5,5,5,5,5,4,4,5,5,5,5,-5],[-1,0,0,0,0,0,1,1,1,1,0,1,0,0,0,1,1,1,0,0,0,5,5,5,5,5,3,4,4,3,4,4,3,3,3,3,4,4,4,4,5,5,3,3,3,3,4,4,5,5,5,4,5,5,5,5,5,4,5,5,5,5,4,5,1,1,1,1,1,-8],[-1,0,0,0,0,0,0,5,5,0,0,0,0,0,0,0,5,5,0,0,0,5,5,5,3,3,3,3,3,3,3,3,3,3,3,2,2,3,3,3,4,3,4,3,4,0,0,5,0,5,5,5,0,0,0,0,5,0,0,5,0,0,0,0,0,5,0,0,0,0,0,1,1,-10],[-1,1,2,2,2,2,2,0,1,0,1,1,0,0,0,1,1,1,1,1,1,1,1,1,0,0,5,0,5,5,5,5,5,3,3,3,3,4,4,4,4,4,4,1,1,2,2,2,2,2,2,2,2,3,3,3,4,4,4,3,3,3,3,1,1,1,1,1,2,2,2,2,2,2,2,3,-3],[-1,0,0,1,1,1,1,1,1,1,0,5,4,4,4,5,5,5,4,0,0,0,0,1,1,1,1,2,2,2,2,2,2,2,2,2,2,2,2,2,2,2,2,2,2,2,3,4,4,4,4,4,4,4,4,4,4,3,3,3,2,2,3,3,3,3,3,3,-13],[0,5,0,5,5,5,5,5,-128],[-1,1,2,2,2,2,2,0,1,0,1,1,0,0,0,1,1,1,1,1,1,1,1,1,0,0,5,0,5,5,5,5,5,3,3,3,3,4,4,4,4,4,4,1,1,2,2,2,2,2,2,2,2,3,3,3,4,4,4,3,3,3,3,1,1,1,1,1,2,2,2,2,2,2,2,3,-3],[-1,0,0,5,5,0,0,0,0,0,0,0,5,5,0,0,0,5,5,5,3,3,3,3,3,3,3,3,3,3,3,2,2,3,3,3,4,3,4,3,4,0,1,1,0,1,1,1,0,1,0,0,1,0,0,0,0,0,0,1,1,1,0,1,5,5,5,5,5,5,5,5,5,5,4,4,5,5,5,5,-5]]
case_complete day=4 agent=1 exit=0
case_elapsed_ms day=4 agent=1 value=146

case_begin day=4 agent=2 started=2026-08-31T13:49:01.1405008+00:00 max_states=50000 max_routes=64
ledger_before=8/24/184
day_score=8/8/66
score_after=8/32/250
agent=0 kind=patrol claims=9 served=9 path_steps=144 raw_path_fuel=104 initial_fuel=397 spots=5:5,18:2,4:4,10:2,7:7,0:0,17:1,14:6,8:0 terminal=49:432
agent=1 kind=patrol claims=9 served=9 path_steps=144 raw_path_fuel=90 initial_fuel=370 spots=13:5,5:5,7:7,10:2,4:4,8:0,6:6,19:3,9:1 terminal=491:399
agent=2 kind=patrol claims=10 served=10 path_steps=144 raw_path_fuel=87 initial_fuel=382 spots=13:5,5:5,18:2,4:4,10:2,7:7,9:1,11:3,6:6,8:0 terminal=49:432
agent=3 kind=patrol claims=10 served=10 path_steps=144 raw_path_fuel=85 initial_fuel=407 spots=16:0,23:7,12:4,4:4,8:0,6:6,19:3,2:2,9:1,5:5 terminal=405:381
agent=4 kind=patrol claims=10 served=9 path_steps=144 raw_path_fuel=73 initial_fuel=403 spots=11:3,4:4,6:6,8:0,14:6,17:1,15:7,18:2,5:5,13:5 terminal=503:383
agent=5 kind=tanker claims=0 served=0 path_steps=144 raw_path_fuel=8 initial_fuel=432 spots= terminal=49:432
agent=6 kind=patrol claims=10 served=10 path_steps=144 raw_path_fuel=85 initial_fuel=401 spots=16:0,23:7,12:4,4:4,8:0,6:6,19:3,2:2,9:1,5:5 terminal=405:381
agent=7 kind=patrol claims=9 served=9 path_steps=144 raw_path_fuel=104 initial_fuel=329 spots=5:5,18:2,4:4,10:2,7:7,0:0,17:1,14:6,8:0 terminal=49:432
spot=0 brand=0 cell=159 stock=7 served=2 denied=0 agents=0S,7S
spot=2 brand=2 cell=249 stock=3 served=2 denied=0 agents=3S,6S
spot=4 brand=4 cell=104 stock=8 served=7 denied=0 agents=4S,0S,7S,2S,3S,6S,1S
spot=5 brand=5 cell=405 stock=8 served=7 denied=0 agents=0S,7S,1S,2S,4S,3S,6S
spot=6 brand=6 cell=194 stock=7 served=5 denied=0 agents=4S,3S,6S,1S,2S
spot=7 brand=7 cell=569 stock=7 served=4 denied=0 agents=1S,0S,7S,2S
spot=8 brand=0 cell=49 stock=8 served=7 denied=0 agents=4S,3S,6S,1S,2S,0S,7S
spot=9 brand=1 cell=491 stock=5 served=4 denied=0 agents=2S,1S,3S,6S
spot=10 brand=2 cell=349 stock=5 served=4 denied=0 agents=1S,0S,7S,2S
spot=11 brand=3 cell=342 stock=2 served=2 denied=0 agents=4S,2S
spot=12 brand=4 cell=533 stock=6 served=2 denied=0 agents=3S,6S
spot=13 brand=5 cell=503 stock=3 served=3 denied=0 agents=1S,2S,4S
spot=14 brand=6 cell=10 stock=4 served=3 denied=0 agents=4S,0S,7S
spot=15 brand=7 cell=46 stock=3 served=1 denied=0 agents=4S
spot=16 brand=0 cell=552 stock=5 served=2 denied=0 agents=3S,6S
spot=17 brand=1 cell=16 stock=8 served=3 denied=0 agents=4S,0S,7S
spot=18 brand=2 cell=281 stock=3 served=3 denied=1 agents=0S,7S,2S,4D
spot=19 brand=3 cell=288 stock=6 served=3 denied=0 agents=3S,6S,1S
spot=23 brand=7 cell=529 stock=4 served=2 denied=0 agents=3S,6S
sparse_agent=2 cap=50000 settled=50000 labels=51216 emitted_masks=233 protected_masks=15 retained=77 valid=77 best=8/32/256 mask=0xF7AE2B protected=8/32/250 protected_mask=0x0
sparse_global_best=8/32/256 baseline=8/32/250 agent=2 mask=0xF7AE2B
sparse_protected_best=8/32/250 baseline=8/32/250 agent=-1 mask=0x0
sparse_best_plan=[[-1,0,0,5,5,0,0,0,0,0,0,0,5,5,0,0,0,5,5,5,3,3,3,3,3,3,3,3,3,3,3,2,2,3,3,3,4,3,4,3,4,0,1,1,0,1,1,1,0,1,0,0,1,0,0,0,0,0,0,1,1,1,0,1,5,5,5,5,5,5,5,5,5,5,4,4,5,5,5,5,-5],[-1,0,0,0,0,4,5,5,5,4,4,3,4,3,4,0,1,1,0,1,0,0,0,5,5,0,0,0,0,0,0,0,0,0,0,0,0,5,0,5,5,5,5,5,3,3,3,3,4,4,4,4,4,4,3,3,3,2,2,3,2,3,2,2,2,2,3,3,3,-25],[-1,0,0,0,0,0,1,1,1,1,0,1,0,0,0,1,1,1,0,0,0,5,5,5,5,5,3,4,4,3,4,4,3,3,3,3,4,4,4,4,5,5,3,3,3,3,4,4,5,5,5,0,0,0,0,5,0,0,5,4,4,5,4,4,5,3,4,4,4,4,5,-9],[-1,1,2,2,2,2,2,0,1,0,1,1,0,0,0,1,1,1,1,1,1,1,1,1,0,0,5,0,5,5,5,5,5,3,3,3,3,4,4,4,4,4,4,1,1,2,2,2,2,2,2,2,2,3,3,3,4,4,4,3,3,3,3,1,1,1,1,1,2,2,2,2,2,2,2,3,-3],[-1,0,0,1,1,1,1,1,1,1,0,5,4,4,4,5,5,5,4,0,0,0,0,1,1,1,1,2,2,2,2,2,2,2,2,2,2,2,2,2,2,2,2,2,2,2,3,4,4,4,4,4,4,4,4,4,4,3,3,3,2,2,3,3,3,3,3,3,-13],[0,5,0,5,5,5,5,5,-128],[-1,1,2,2,2,2,2,0,1,0,1,1,0,0,0,1,1,1,1,1,1,1,1,1,0,0,5,0,5,5,5,5,5,3,3,3,3,4,4,4,4,4,4,1,1,2,2,2,2,2,2,2,2,3,3,3,4,4,4,3,3,3,3,1,1,1,1,1,2,2,2,2,2,2,2,3,-3],[-1,0,0,5,5,0,0,0,0,0,0,0,5,5,0,0,0,5,5,5,3,3,3,3,3,3,3,3,3,3,3,2,2,3,3,3,4,3,4,3,4,0,1,1,0,1,1,1,0,1,0,0,1,0,0,0,0,0,0,1,1,1,0,1,5,5,5,5,5,5,5,5,5,5,4,4,5,5,5,5,-5]]
case_complete day=4 agent=2 exit=0
case_elapsed_ms day=4 agent=2 value=105

case_begin day=4 agent=3 started=2026-08-31T13:49:01.2537305+00:00 max_states=50000 max_routes=64
ledger_before=8/24/184
day_score=8/8/66
score_after=8/32/250
agent=0 kind=patrol claims=9 served=9 path_steps=144 raw_path_fuel=104 initial_fuel=397 spots=5:5,18:2,4:4,10:2,7:7,0:0,17:1,14:6,8:0 terminal=49:432
agent=1 kind=patrol claims=9 served=9 path_steps=144 raw_path_fuel=90 initial_fuel=370 spots=13:5,5:5,7:7,10:2,4:4,8:0,6:6,19:3,9:1 terminal=491:399
agent=2 kind=patrol claims=10 served=10 path_steps=144 raw_path_fuel=87 initial_fuel=382 spots=13:5,5:5,18:2,4:4,10:2,7:7,9:1,11:3,6:6,8:0 terminal=49:432
agent=3 kind=patrol claims=10 served=10 path_steps=144 raw_path_fuel=85 initial_fuel=407 spots=16:0,23:7,12:4,4:4,8:0,6:6,19:3,2:2,9:1,5:5 terminal=405:381
agent=4 kind=patrol claims=10 served=9 path_steps=144 raw_path_fuel=73 initial_fuel=403 spots=11:3,4:4,6:6,8:0,14:6,17:1,15:7,18:2,5:5,13:5 terminal=503:383
agent=5 kind=tanker claims=0 served=0 path_steps=144 raw_path_fuel=8 initial_fuel=432 spots= terminal=49:432
agent=6 kind=patrol claims=10 served=10 path_steps=144 raw_path_fuel=85 initial_fuel=401 spots=16:0,23:7,12:4,4:4,8:0,6:6,19:3,2:2,9:1,5:5 terminal=405:381
agent=7 kind=patrol claims=9 served=9 path_steps=144 raw_path_fuel=104 initial_fuel=329 spots=5:5,18:2,4:4,10:2,7:7,0:0,17:1,14:6,8:0 terminal=49:432
spot=0 brand=0 cell=159 stock=7 served=2 denied=0 agents=0S,7S
spot=2 brand=2 cell=249 stock=3 served=2 denied=0 agents=3S,6S
spot=4 brand=4 cell=104 stock=8 served=7 denied=0 agents=4S,0S,7S,2S,3S,6S,1S
spot=5 brand=5 cell=405 stock=8 served=7 denied=0 agents=0S,7S,1S,2S,4S,3S,6S
spot=6 brand=6 cell=194 stock=7 served=5 denied=0 agents=4S,3S,6S,1S,2S
spot=7 brand=7 cell=569 stock=7 served=4 denied=0 agents=1S,0S,7S,2S
spot=8 brand=0 cell=49 stock=8 served=7 denied=0 agents=4S,3S,6S,1S,2S,0S,7S
spot=9 brand=1 cell=491 stock=5 served=4 denied=0 agents=2S,1S,3S,6S
spot=10 brand=2 cell=349 stock=5 served=4 denied=0 agents=1S,0S,7S,2S
spot=11 brand=3 cell=342 stock=2 served=2 denied=0 agents=4S,2S
spot=12 brand=4 cell=533 stock=6 served=2 denied=0 agents=3S,6S
spot=13 brand=5 cell=503 stock=3 served=3 denied=0 agents=1S,2S,4S
spot=14 brand=6 cell=10 stock=4 served=3 denied=0 agents=4S,0S,7S
spot=15 brand=7 cell=46 stock=3 served=1 denied=0 agents=4S
spot=16 brand=0 cell=552 stock=5 served=2 denied=0 agents=3S,6S
spot=17 brand=1 cell=16 stock=8 served=3 denied=0 agents=4S,0S,7S
spot=18 brand=2 cell=281 stock=3 served=3 denied=1 agents=0S,7S,2S,4D
spot=19 brand=3 cell=288 stock=6 served=3 denied=0 agents=3S,6S,1S
spot=23 brand=7 cell=529 stock=4 served=2 denied=0 agents=3S,6S
sparse_agent=3 cap=50000 settled=50000 labels=51474 emitted_masks=217 protected_masks=32 retained=89 valid=89 best=8/32/255 mask=0xF796AB protected=8/32/250 protected_mask=0x0
sparse_global_best=8/32/255 baseline=8/32/250 agent=3 mask=0xF796AB
sparse_protected_best=8/32/250 baseline=8/32/250 agent=-1 mask=0x0
sparse_best_plan=[[-1,0,0,5,5,0,0,0,0,0,0,0,5,5,0,0,0,5,5,5,3,3,3,3,3,3,3,3,3,3,3,2,2,3,3,3,4,3,4,3,4,0,1,1,0,1,1,1,0,1,0,0,1,0,0,0,0,0,0,1,1,1,0,1,5,5,5,5,5,5,5,5,5,5,4,4,5,5,5,5,-5],[-1,0,0,0,0,4,5,5,5,4,4,3,4,3,4,0,1,1,0,1,0,0,0,5,5,0,0,0,0,0,0,0,0,0,0,0,0,5,0,5,5,5,5,5,3,3,3,3,4,4,4,4,4,4,3,3,3,2,2,3,2,3,2,2,2,2,3,3,3,-25],[-1,0,0,0,0,0,0,5,5,0,0,0,0,0,0,0,5,5,0,0,0,5,5,5,3,3,3,3,3,3,3,3,3,3,3,2,2,3,3,3,4,3,4,3,4,0,0,5,0,5,5,5,0,0,0,0,5,0,0,5,0,0,0,0,0,5,0,0,0,0,0,1,1,-10],[-1,1,2,0,1,1,1,3,3,3,2,3,1,1,2,2,2,2,2,1,1,2,2,2,0,0,0,0,2,1,1,1,2,0,0,0,0,1,0,1,1,1,0,1,2,2,2,2,2,3,3,3,4,4,4,4,3,3,3,3,3,4,4,4,4,4,5,5,5,4,4,3,4,3,4,-2],[-1,0,0,1,1,1,1,1,1,1,0,5,4,4,4,5,5,5,4,0,0,0,0,1,1,1,1,2,2,2,2,2,2,2,2,2,2,2,2,2,2,2,2,2,2,2,3,4,4,4,4,4,4,4,4,4,4,3,3,3,2,2,3,3,3,3,3,3,-13],[0,5,0,5,5,5,5,5,-128],[-1,1,2,2,2,2,2,0,1,0,1,1,0,0,0,1,1,1,1,1,1,1,1,1,0,0,5,0,5,5,5,5,5,3,3,3,3,4,4,4,4,4,4,1,1,2,2,2,2,2,2,2,2,3,3,3,4,4,4,3,3,3,3,1,1,1,1,1,2,2,2,2,2,2,2,3,-3],[-1,0,0,5,5,0,0,0,0,0,0,0,5,5,0,0,0,5,5,5,3,3,3,3,3,3,3,3,3,3,3,2,2,3,3,3,4,3,4,3,4,0,1,1,0,1,1,1,0,1,0,0,1,0,0,0,0,0,0,1,1,1,0,1,5,5,5,5,5,5,5,5,5,5,4,4,5,5,5,5,-5]]
case_complete day=4 agent=3 exit=0
case_elapsed_ms day=4 agent=3 value=107

case_begin day=4 agent=4 started=2026-08-31T13:49:01.3698128+00:00 max_states=50000 max_routes=64
ledger_before=8/24/184
day_score=8/8/66
score_after=8/32/250
agent=0 kind=patrol claims=9 served=9 path_steps=144 raw_path_fuel=104 initial_fuel=397 spots=5:5,18:2,4:4,10:2,7:7,0:0,17:1,14:6,8:0 terminal=49:432
agent=1 kind=patrol claims=9 served=9 path_steps=144 raw_path_fuel=90 initial_fuel=370 spots=13:5,5:5,7:7,10:2,4:4,8:0,6:6,19:3,9:1 terminal=491:399
agent=2 kind=patrol claims=10 served=10 path_steps=144 raw_path_fuel=87 initial_fuel=382 spots=13:5,5:5,18:2,4:4,10:2,7:7,9:1,11:3,6:6,8:0 terminal=49:432
agent=3 kind=patrol claims=10 served=10 path_steps=144 raw_path_fuel=85 initial_fuel=407 spots=16:0,23:7,12:4,4:4,8:0,6:6,19:3,2:2,9:1,5:5 terminal=405:381
agent=4 kind=patrol claims=10 served=9 path_steps=144 raw_path_fuel=73 initial_fuel=403 spots=11:3,4:4,6:6,8:0,14:6,17:1,15:7,18:2,5:5,13:5 terminal=503:383
agent=5 kind=tanker claims=0 served=0 path_steps=144 raw_path_fuel=8 initial_fuel=432 spots= terminal=49:432
agent=6 kind=patrol claims=10 served=10 path_steps=144 raw_path_fuel=85 initial_fuel=401 spots=16:0,23:7,12:4,4:4,8:0,6:6,19:3,2:2,9:1,5:5 terminal=405:381
agent=7 kind=patrol claims=9 served=9 path_steps=144 raw_path_fuel=104 initial_fuel=329 spots=5:5,18:2,4:4,10:2,7:7,0:0,17:1,14:6,8:0 terminal=49:432
spot=0 brand=0 cell=159 stock=7 served=2 denied=0 agents=0S,7S
spot=2 brand=2 cell=249 stock=3 served=2 denied=0 agents=3S,6S
spot=4 brand=4 cell=104 stock=8 served=7 denied=0 agents=4S,0S,7S,2S,3S,6S,1S
spot=5 brand=5 cell=405 stock=8 served=7 denied=0 agents=0S,7S,1S,2S,4S,3S,6S
spot=6 brand=6 cell=194 stock=7 served=5 denied=0 agents=4S,3S,6S,1S,2S
spot=7 brand=7 cell=569 stock=7 served=4 denied=0 agents=1S,0S,7S,2S
spot=8 brand=0 cell=49 stock=8 served=7 denied=0 agents=4S,3S,6S,1S,2S,0S,7S
spot=9 brand=1 cell=491 stock=5 served=4 denied=0 agents=2S,1S,3S,6S
spot=10 brand=2 cell=349 stock=5 served=4 denied=0 agents=1S,0S,7S,2S
spot=11 brand=3 cell=342 stock=2 served=2 denied=0 agents=4S,2S
spot=12 brand=4 cell=533 stock=6 served=2 denied=0 agents=3S,6S
spot=13 brand=5 cell=503 stock=3 served=3 denied=0 agents=1S,2S,4S
spot=14 brand=6 cell=10 stock=4 served=3 denied=0 agents=4S,0S,7S
spot=15 brand=7 cell=46 stock=3 served=1 denied=0 agents=4S
spot=16 brand=0 cell=552 stock=5 served=2 denied=0 agents=3S,6S
spot=17 brand=1 cell=16 stock=8 served=3 denied=0 agents=4S,0S,7S
spot=18 brand=2 cell=281 stock=3 served=3 denied=1 agents=0S,7S,2S,4D
spot=19 brand=3 cell=288 stock=6 served=3 denied=0 agents=3S,6S,1S
spot=23 brand=7 cell=529 stock=4 served=2 denied=0 agents=3S,6S
sparse_agent=4 cap=50000 settled=50000 labels=51312 emitted_masks=137 protected_masks=12 retained=73 valid=73 best=8/32/255 mask=0x76CE37 protected=8/32/250 protected_mask=0x0
sparse_global_best=8/32/255 baseline=8/32/250 agent=4 mask=0x76CE37
sparse_protected_best=8/32/250 baseline=8/32/250 agent=-1 mask=0x0
sparse_best_plan=[[-1,0,0,5,5,0,0,0,0,0,0,0,5,5,0,0,0,5,5,5,3,3,3,3,3,3,3,3,3,3,3,2,2,3,3,3,4,3,4,3,4,0,1,1,0,1,1,1,0,1,0,0,1,0,0,0,0,0,0,1,1,1,0,1,5,5,5,5,5,5,5,5,5,5,4,4,5,5,5,5,-5],[-1,0,0,0,0,4,5,5,5,4,4,3,4,3,4,0,1,1,0,1,0,0,0,5,5,0,0,0,0,0,0,0,0,0,0,0,0,5,0,5,5,5,5,5,3,3,3,3,4,4,4,4,4,4,3,3,3,2,2,3,2,3,2,2,2,2,3,3,3,-25],[-1,0,0,0,0,0,0,5,5,0,0,0,0,0,0,0,5,5,0,0,0,5,5,5,3,3,3,3,3,3,3,3,3,3,3,2,2,3,3,3,4,3,4,3,4,0,0,5,0,5,5,5,0,0,0,0,5,0,0,5,0,0,0,0,0,5,0,0,0,0,0,1,1,-10],[-1,1,2,2,2,2,2,0,1,0,1,1,0,0,0,1,1,1,1,1,1,1,1,1,0,0,5,0,5,5,5,5,5,3,3,3,3,4,4,4,4,4,4,1,1,2,2,2,2,2,2,2,2,3,3,3,4,4,4,3,3,3,3,1,1,1,1,1,2,2,2,2,2,2,2,3,-3],[-1,1,1,1,1,2,0,1,0,0,0,1,1,1,1,1,2,2,2,2,2,2,3,4,4,3,4,4,3,3,3,3,4,4,4,4,5,5,3,3,3,3,4,4,5,5,5,1,1,1,1,1,2,2,2,2,2,2,2,3,0,1,1,1,1,0,1,0,0,0,1,1,1,0,0,-1],[0,5,0,5,5,5,5,5,-128],[-1,1,2,2,2,2,2,0,1,0,1,1,0,0,0,1,1,1,1,1,1,1,1,1,0,0,5,0,5,5,5,5,5,3,3,3,3,4,4,4,4,4,4,1,1,2,2,2,2,2,2,2,2,3,3,3,4,4,4,3,3,3,3,1,1,1,1,1,2,2,2,2,2,2,2,3,-3],[-1,0,0,5,5,0,0,0,0,0,0,0,5,5,0,0,0,5,5,5,3,3,3,3,3,3,3,3,3,3,3,2,2,3,3,3,4,3,4,3,4,0,1,1,0,1,1,1,0,1,0,0,1,0,0,0,0,0,0,1,1,1,0,1,5,5,5,5,5,5,5,5,5,5,4,4,5,5,5,5,-5]]
case_complete day=4 agent=4 exit=0
case_elapsed_ms day=4 agent=4 value=113

case_begin day=4 agent=6 started=2026-08-31T13:49:01.4892694+00:00 max_states=50000 max_routes=64
ledger_before=8/24/184
day_score=8/8/66
score_after=8/32/250
agent=0 kind=patrol claims=9 served=9 path_steps=144 raw_path_fuel=104 initial_fuel=397 spots=5:5,18:2,4:4,10:2,7:7,0:0,17:1,14:6,8:0 terminal=49:432
agent=1 kind=patrol claims=9 served=9 path_steps=144 raw_path_fuel=90 initial_fuel=370 spots=13:5,5:5,7:7,10:2,4:4,8:0,6:6,19:3,9:1 terminal=491:399
agent=2 kind=patrol claims=10 served=10 path_steps=144 raw_path_fuel=87 initial_fuel=382 spots=13:5,5:5,18:2,4:4,10:2,7:7,9:1,11:3,6:6,8:0 terminal=49:432
agent=3 kind=patrol claims=10 served=10 path_steps=144 raw_path_fuel=85 initial_fuel=407 spots=16:0,23:7,12:4,4:4,8:0,6:6,19:3,2:2,9:1,5:5 terminal=405:381
agent=4 kind=patrol claims=10 served=9 path_steps=144 raw_path_fuel=73 initial_fuel=403 spots=11:3,4:4,6:6,8:0,14:6,17:1,15:7,18:2,5:5,13:5 terminal=503:383
agent=5 kind=tanker claims=0 served=0 path_steps=144 raw_path_fuel=8 initial_fuel=432 spots= terminal=49:432
agent=6 kind=patrol claims=10 served=10 path_steps=144 raw_path_fuel=85 initial_fuel=401 spots=16:0,23:7,12:4,4:4,8:0,6:6,19:3,2:2,9:1,5:5 terminal=405:381
agent=7 kind=patrol claims=9 served=9 path_steps=144 raw_path_fuel=104 initial_fuel=329 spots=5:5,18:2,4:4,10:2,7:7,0:0,17:1,14:6,8:0 terminal=49:432
spot=0 brand=0 cell=159 stock=7 served=2 denied=0 agents=0S,7S
spot=2 brand=2 cell=249 stock=3 served=2 denied=0 agents=3S,6S
spot=4 brand=4 cell=104 stock=8 served=7 denied=0 agents=4S,0S,7S,2S,3S,6S,1S
spot=5 brand=5 cell=405 stock=8 served=7 denied=0 agents=0S,7S,1S,2S,4S,3S,6S
spot=6 brand=6 cell=194 stock=7 served=5 denied=0 agents=4S,3S,6S,1S,2S
spot=7 brand=7 cell=569 stock=7 served=4 denied=0 agents=1S,0S,7S,2S
spot=8 brand=0 cell=49 stock=8 served=7 denied=0 agents=4S,3S,6S,1S,2S,0S,7S
spot=9 brand=1 cell=491 stock=5 served=4 denied=0 agents=2S,1S,3S,6S
spot=10 brand=2 cell=349 stock=5 served=4 denied=0 agents=1S,0S,7S,2S
spot=11 brand=3 cell=342 stock=2 served=2 denied=0 agents=4S,2S
spot=12 brand=4 cell=533 stock=6 served=2 denied=0 agents=3S,6S
spot=13 brand=5 cell=503 stock=3 served=3 denied=0 agents=1S,2S,4S
spot=14 brand=6 cell=10 stock=4 served=3 denied=0 agents=4S,0S,7S
spot=15 brand=7 cell=46 stock=3 served=1 denied=0 agents=4S
spot=16 brand=0 cell=552 stock=5 served=2 denied=0 agents=3S,6S
spot=17 brand=1 cell=16 stock=8 served=3 denied=0 agents=4S,0S,7S
spot=18 brand=2 cell=281 stock=3 served=3 denied=1 agents=0S,7S,2S,4D
spot=19 brand=3 cell=288 stock=6 served=3 denied=0 agents=3S,6S,1S
spot=23 brand=7 cell=529 stock=4 served=2 denied=0 agents=3S,6S
sparse_agent=6 cap=50000 settled=50000 labels=51474 emitted_masks=217 protected_masks=32 retained=89 valid=89 best=8/32/255 mask=0xF796AB protected=8/32/250 protected_mask=0x0
sparse_global_best=8/32/255 baseline=8/32/250 agent=6 mask=0xF796AB
sparse_protected_best=8/32/250 baseline=8/32/250 agent=-1 mask=0x0
sparse_best_plan=[[-1,0,0,5,5,0,0,0,0,0,0,0,5,5,0,0,0,5,5,5,3,3,3,3,3,3,3,3,3,3,3,2,2,3,3,3,4,3,4,3,4,0,1,1,0,1,1,1,0,1,0,0,1,0,0,0,0,0,0,1,1,1,0,1,5,5,5,5,5,5,5,5,5,5,4,4,5,5,5,5,-5],[-1,0,0,0,0,4,5,5,5,4,4,3,4,3,4,0,1,1,0,1,0,0,0,5,5,0,0,0,0,0,0,0,0,0,0,0,0,5,0,5,5,5,5,5,3,3,3,3,4,4,4,4,4,4,3,3,3,2,2,3,2,3,2,2,2,2,3,3,3,-25],[-1,0,0,0,0,0,0,5,5,0,0,0,0,0,0,0,5,5,0,0,0,5,5,5,3,3,3,3,3,3,3,3,3,3,3,2,2,3,3,3,4,3,4,3,4,0,0,5,0,5,5,5,0,0,0,0,5,0,0,5,0,0,0,0,0,5,0,0,0,0,0,1,1,-10],[-1,1,2,2,2,2,2,0,1,0,1,1,0,0,0,1,1,1,1,1,1,1,1,1,0,0,5,0,5,5,5,5,5,3,3,3,3,4,4,4,4,4,4,1,1,2,2,2,2,2,2,2,2,3,3,3,4,4,4,3,3,3,3,1,1,1,1,1,2,2,2,2,2,2,2,3,-3],[-1,0,0,1,1,1,1,1,1,1,0,5,4,4,4,5,5,5,4,0,0,0,0,1,1,1,1,2,2,2,2,2,2,2,2,2,2,2,2,2,2,2,2,2,2,2,3,4,4,4,4,4,4,4,4,4,4,3,3,3,2,2,3,3,3,3,3,3,-13],[0,5,0,5,5,5,5,5,-128],[-1,1,2,0,1,1,1,3,3,3,2,3,1,1,2,2,2,2,2,1,1,2,2,2,0,0,0,0,2,1,1,1,2,0,0,0,0,1,0,1,1,1,0,1,2,2,2,2,2,3,3,3,4,4,4,4,3,3,3,3,3,4,4,4,4,4,5,5,5,4,4,3,4,3,4,-2],[-1,0,0,5,5,0,0,0,0,0,0,0,5,5,0,0,0,5,5,5,3,3,3,3,3,3,3,3,3,3,3,2,2,3,3,3,4,3,4,3,4,0,1,1,0,1,1,1,0,1,0,0,1,0,0,0,0,0,0,1,1,1,0,1,5,5,5,5,5,5,5,5,5,5,4,4,5,5,5,5,-5]]
case_complete day=4 agent=6 exit=0
case_elapsed_ms day=4 agent=6 value=104

case_begin day=4 agent=7 started=2026-08-31T13:49:01.6015454+00:00 max_states=50000 max_routes=64
ledger_before=8/24/184
day_score=8/8/66
score_after=8/32/250
agent=0 kind=patrol claims=9 served=9 path_steps=144 raw_path_fuel=104 initial_fuel=397 spots=5:5,18:2,4:4,10:2,7:7,0:0,17:1,14:6,8:0 terminal=49:432
agent=1 kind=patrol claims=9 served=9 path_steps=144 raw_path_fuel=90 initial_fuel=370 spots=13:5,5:5,7:7,10:2,4:4,8:0,6:6,19:3,9:1 terminal=491:399
agent=2 kind=patrol claims=10 served=10 path_steps=144 raw_path_fuel=87 initial_fuel=382 spots=13:5,5:5,18:2,4:4,10:2,7:7,9:1,11:3,6:6,8:0 terminal=49:432
agent=3 kind=patrol claims=10 served=10 path_steps=144 raw_path_fuel=85 initial_fuel=407 spots=16:0,23:7,12:4,4:4,8:0,6:6,19:3,2:2,9:1,5:5 terminal=405:381
agent=4 kind=patrol claims=10 served=9 path_steps=144 raw_path_fuel=73 initial_fuel=403 spots=11:3,4:4,6:6,8:0,14:6,17:1,15:7,18:2,5:5,13:5 terminal=503:383
agent=5 kind=tanker claims=0 served=0 path_steps=144 raw_path_fuel=8 initial_fuel=432 spots= terminal=49:432
agent=6 kind=patrol claims=10 served=10 path_steps=144 raw_path_fuel=85 initial_fuel=401 spots=16:0,23:7,12:4,4:4,8:0,6:6,19:3,2:2,9:1,5:5 terminal=405:381
agent=7 kind=patrol claims=9 served=9 path_steps=144 raw_path_fuel=104 initial_fuel=329 spots=5:5,18:2,4:4,10:2,7:7,0:0,17:1,14:6,8:0 terminal=49:432
spot=0 brand=0 cell=159 stock=7 served=2 denied=0 agents=0S,7S
spot=2 brand=2 cell=249 stock=3 served=2 denied=0 agents=3S,6S
spot=4 brand=4 cell=104 stock=8 served=7 denied=0 agents=4S,0S,7S,2S,3S,6S,1S
spot=5 brand=5 cell=405 stock=8 served=7 denied=0 agents=0S,7S,1S,2S,4S,3S,6S
spot=6 brand=6 cell=194 stock=7 served=5 denied=0 agents=4S,3S,6S,1S,2S
spot=7 brand=7 cell=569 stock=7 served=4 denied=0 agents=1S,0S,7S,2S
spot=8 brand=0 cell=49 stock=8 served=7 denied=0 agents=4S,3S,6S,1S,2S,0S,7S
spot=9 brand=1 cell=491 stock=5 served=4 denied=0 agents=2S,1S,3S,6S
spot=10 brand=2 cell=349 stock=5 served=4 denied=0 agents=1S,0S,7S,2S
spot=11 brand=3 cell=342 stock=2 served=2 denied=0 agents=4S,2S
spot=12 brand=4 cell=533 stock=6 served=2 denied=0 agents=3S,6S
spot=13 brand=5 cell=503 stock=3 served=3 denied=0 agents=1S,2S,4S
spot=14 brand=6 cell=10 stock=4 served=3 denied=0 agents=4S,0S,7S
spot=15 brand=7 cell=46 stock=3 served=1 denied=0 agents=4S
spot=16 brand=0 cell=552 stock=5 served=2 denied=0 agents=3S,6S
spot=17 brand=1 cell=16 stock=8 served=3 denied=0 agents=4S,0S,7S
spot=18 brand=2 cell=281 stock=3 served=3 denied=1 agents=0S,7S,2S,4D
spot=19 brand=3 cell=288 stock=6 served=3 denied=0 agents=3S,6S,1S
spot=23 brand=7 cell=529 stock=4 served=2 denied=0 agents=3S,6S
sparse_agent=7 cap=50000 settled=50000 labels=51162 emitted_masks=220 protected_masks=14 retained=78 valid=78 best=8/32/253 mask=0x76AEA3 protected=8/32/250 protected_mask=0x0
sparse_global_best=8/32/253 baseline=8/32/250 agent=7 mask=0x76AEA3
sparse_protected_best=8/32/250 baseline=8/32/250 agent=-1 mask=0x0
sparse_best_plan=[[-1,0,0,5,5,0,0,0,0,0,0,0,5,5,0,0,0,5,5,5,3,3,3,3,3,3,3,3,3,3,3,2,2,3,3,3,4,3,4,3,4,0,1,1,0,1,1,1,0,1,0,0,1,0,0,0,0,0,0,1,1,1,0,1,5,5,5,5,5,5,5,5,5,5,4,4,5,5,5,5,-5],[-1,0,0,0,0,4,5,5,5,4,4,3,4,3,4,0,1,1,0,1,0,0,0,5,5,0,0,0,0,0,0,0,0,0,0,0,0,5,0,5,5,5,5,5,3,3,3,3,4,4,4,4,4,4,3,3,3,2,2,3,2,3,2,2,2,2,3,3,3,-25],[-1,0,0,0,0,0,0,5,5,0,0,0,0,0,0,0,5,5,0,0,0,5,5,5,3,3,3,3,3,3,3,3,3,3,3,2,2,3,3,3,4,3,4,3,4,0,0,5,0,5,5,5,0,0,0,0,5,0,0,5,0,0,0,0,0,5,0,0,0,0,0,1,1,-10],[-1,1,2,2,2,2,2,0,1,0,1,1,0,0,0,1,1,1,1,1,1,1,1,1,0,0,5,0,5,5,5,5,5,3,3,3,3,4,4,4,4,4,4,1,1,2,2,2,2,2,2,2,2,3,3,3,4,4,4,3,3,3,3,1,1,1,1,1,2,2,2,2,2,2,2,3,-3],[-1,0,0,1,1,1,1,1,1,1,0,5,4,4,4,5,5,5,4,0,0,0,0,1,1,1,1,2,2,2,2,2,2,2,2,2,2,2,2,2,2,2,2,2,2,2,3,4,4,4,4,4,4,4,4,4,4,3,3,3,2,2,3,3,3,3,3,3,-13],[0,5,0,5,5,5,5,5,-128],[-1,1,2,2,2,2,2,0,1,0,1,1,0,0,0,1,1,1,1,1,1,1,1,1,0,0,5,0,5,5,5,5,5,3,3,3,3,4,4,4,4,4,4,1,1,2,2,2,2,2,2,2,2,3,3,3,4,4,4,3,3,3,3,1,1,1,1,1,2,2,2,2,2,2,2,3,-3],[-1,3,3,3,3,4,4,4,5,5,5,5,5,0,0,5,0,1,1,0,0,0,0,2,1,1,1,2,0,0,0,0,1,0,1,1,1,0,1,2,2,2,2,2,3,3,3,4,4,4,4,3,3,3,3,4,4,5,5,4,5,4,5,5,5,5,4,4,4,4,4,0,0,0,0,5,0,0,5,-2]]
case_complete day=4 agent=7 exit=0
case_elapsed_ms day=4 agent=7 value=86

case_begin day=5 agent=0 started=2026-08-31T13:49:01.6922288+00:00 max_states=50000 max_routes=64
ledger_before=8/32/250
day_score=8/8/60
score_after=8/40/310
agent=0 kind=patrol claims=8 served=8 path_steps=144 raw_path_fuel=71 initial_fuel=432 spots=8:0,14:6,17:1,6:6,19:3,23:7,12:4,10:2 terminal=349:361
agent=1 kind=patrol claims=10 served=10 path_steps=144 raw_path_fuel=84 initial_fuel=399 spots=9:1,5:5,7:7,2:2,4:4,17:1,14:6,0:0,18:2,10:2 terminal=349:315
agent=2 kind=patrol claims=8 served=8 path_steps=144 raw_path_fuel=71 initial_fuel=432 spots=8:0,14:6,17:1,6:6,19:3,23:7,12:4,10:2 terminal=349:361
agent=3 kind=patrol claims=9 served=9 path_steps=144 raw_path_fuel=103 initial_fuel=381 spots=5:5,7:7,0:0,17:1,18:2,20:4,11:3,6:6,8:0 terminal=194:426
agent=4 kind=patrol claims=9 served=9 path_steps=144 raw_path_fuel=76 initial_fuel=383 spots=13:5,5:5,7:7,2:2,4:4,8:0,6:6,19:3,9:1 terminal=491:399
agent=5 kind=tanker claims=0 served=0 path_steps=144 raw_path_fuel=0 initial_fuel=432 spots= terminal=49:432
agent=6 kind=patrol claims=8 served=8 path_steps=144 raw_path_fuel=72 initial_fuel=381 spots=5:5,7:7,2:2,4:4,8:0,6:6,19:3,9:1 terminal=491:399
agent=7 kind=patrol claims=9 served=8 path_steps=144 raw_path_fuel=72 initial_fuel=432 spots=8:0,14:6,17:1,4:4,11:3,2:2,10:2,5:5,7:7 terminal=569:360
spot=0 brand=0 cell=159 stock=7 served=2 denied=0 agents=3S,1S
spot=2 brand=2 cell=249 stock=3 served=3 denied=1 agents=6S,4S,1S,7D
spot=4 brand=4 cell=104 stock=8 served=4 denied=0 agents=7S,6S,4S,1S
spot=5 brand=5 cell=405 stock=8 served=5 denied=0 agents=3S,6S,4S,1S,7S
spot=6 brand=6 cell=194 stock=7 served=5 denied=0 agents=0S,2S,6S,4S,3S
spot=7 brand=7 cell=569 stock=7 served=5 denied=0 agents=3S,6S,4S,1S,7S
spot=8 brand=0 cell=49 stock=8 served=6 denied=0 agents=0S,2S,7S,6S,4S,3S
spot=9 brand=1 cell=491 stock=5 served=3 denied=0 agents=1S,6S,4S
spot=10 brand=2 cell=349 stock=5 served=4 denied=0 agents=7S,0S,2S,1S
spot=11 brand=3 cell=342 stock=2 served=2 denied=0 agents=7S,3S
spot=12 brand=4 cell=533 stock=6 served=2 denied=0 agents=0S,2S
spot=13 brand=5 cell=503 stock=3 served=1 denied=0 agents=4S
spot=14 brand=6 cell=10 stock=4 served=4 denied=0 agents=0S,2S,7S,1S
spot=17 brand=1 cell=16 stock=8 served=5 denied=0 agents=0S,2S,7S,3S,1S
spot=18 brand=2 cell=281 stock=3 served=2 denied=0 agents=3S,1S
spot=19 brand=3 cell=288 stock=6 served=4 denied=0 agents=0S,2S,6S,4S
spot=20 brand=4 cell=447 stock=4 served=1 denied=0 agents=3S
spot=23 brand=7 cell=529 stock=4 served=2 denied=0 agents=0S,2S
sparse_agent=0 cap=50000 settled=50000 labels=51347 emitted_masks=193 protected_masks=29 retained=93 valid=93 best=8/40/318 mask=0xFD976A protected=8/40/310 protected_mask=0x0
sparse_global_best=8/40/318 baseline=8/40/310 agent=0 mask=0xFD976A
sparse_protected_best=8/40/310 baseline=8/40/310 agent=-1 mask=0x0
sparse_best_plan=[[-1,3,3,3,3,4,4,4,4,4,4,3,3,3,3,3,4,3,4,4,4,4,5,1,2,2,2,2,2,1,1,2,2,2,2,2,1,1,2,2,2,0,0,0,0,2,1,1,1,2,3,3,3,2,2,3,3,0,1,1,1,1,0,1,0,0,0,1,1,1,0,0,-4],[-1,1,1,1,2,1,1,2,2,2,2,2,2,3,4,4,4,4,4,4,4,5,0,0,5,0,0,0,0,0,0,0,0,0,0,0,0,1,0,0,1,0,1,1,1,2,2,2,2,2,2,1,5,5,5,5,5,5,2,2,3,3,3,3,3,3,3,3,3,3,4,4,4,4,5,5,-1],[-1,1,1,2,2,2,2,2,2,2,2,2,2,2,2,2,2,4,5,4,4,4,4,4,4,5,5,5,5,5,5,5,5,5,4,4,4,4,4,3,3,3,3,3,3,4,4,4,4,2,2,2,2,1,1,1,1,1,1,2,2,2,2,1,1,-21],[-1,4,4,4,4,4,4,4,5,1,1,1,0,1,0,1,0,1,0,0,1,1,0,0,0,0,5,0,0,1,1,1,1,3,3,3,4,4,3,4,3,3,4,4,3,4,3,4,4,4,4,0,5,5,5,5,5,0,5,0,0,5,0,0,0,0,0,5,0,0,0,0,0,1,1,3,3,3,3,4,4,-6],[-1,0,0,0,0,4,4,4,4,4,4,4,5,0,0,5,0,0,0,0,0,0,0,0,0,0,0,0,1,0,0,1,0,0,5,0,5,5,5,5,5,3,3,3,3,4,4,4,4,4,4,3,3,3,2,2,3,2,3,2,2,2,2,3,3,3,-24],[-144],[-1,4,4,4,4,4,4,4,5,0,0,5,0,0,0,0,0,0,0,0,0,0,0,0,1,0,0,1,0,0,5,0,5,5,5,5,5,3,3,3,3,4,4,4,4,4,4,3,3,3,2,2,3,2,3,2,2,2,2,3,3,3,-32],[-1,1,1,2,2,2,2,2,2,2,2,2,2,2,2,2,2,4,5,4,4,4,5,5,5,5,5,3,3,3,4,4,4,4,4,4,4,1,1,1,1,2,3,3,2,3,3,2,2,3,2,2,2,2,2,2,3,4,4,4,4,4,4,4,5,-22]]
case_complete day=5 agent=0 exit=0
case_elapsed_ms day=5 agent=0 value=102

case_begin day=5 agent=1 started=2026-08-31T13:49:01.7995728+00:00 max_states=50000 max_routes=64
ledger_before=8/32/250
day_score=8/8/60
score_after=8/40/310
agent=0 kind=patrol claims=8 served=8 path_steps=144 raw_path_fuel=71 initial_fuel=432 spots=8:0,14:6,17:1,6:6,19:3,23:7,12:4,10:2 terminal=349:361
agent=1 kind=patrol claims=10 served=10 path_steps=144 raw_path_fuel=84 initial_fuel=399 spots=9:1,5:5,7:7,2:2,4:4,17:1,14:6,0:0,18:2,10:2 terminal=349:315
agent=2 kind=patrol claims=8 served=8 path_steps=144 raw_path_fuel=71 initial_fuel=432 spots=8:0,14:6,17:1,6:6,19:3,23:7,12:4,10:2 terminal=349:361
agent=3 kind=patrol claims=9 served=9 path_steps=144 raw_path_fuel=103 initial_fuel=381 spots=5:5,7:7,0:0,17:1,18:2,20:4,11:3,6:6,8:0 terminal=194:426
agent=4 kind=patrol claims=9 served=9 path_steps=144 raw_path_fuel=76 initial_fuel=383 spots=13:5,5:5,7:7,2:2,4:4,8:0,6:6,19:3,9:1 terminal=491:399
agent=5 kind=tanker claims=0 served=0 path_steps=144 raw_path_fuel=0 initial_fuel=432 spots= terminal=49:432
agent=6 kind=patrol claims=8 served=8 path_steps=144 raw_path_fuel=72 initial_fuel=381 spots=5:5,7:7,2:2,4:4,8:0,6:6,19:3,9:1 terminal=491:399
agent=7 kind=patrol claims=9 served=8 path_steps=144 raw_path_fuel=72 initial_fuel=432 spots=8:0,14:6,17:1,4:4,11:3,2:2,10:2,5:5,7:7 terminal=569:360
spot=0 brand=0 cell=159 stock=7 served=2 denied=0 agents=3S,1S
spot=2 brand=2 cell=249 stock=3 served=3 denied=1 agents=6S,4S,1S,7D
spot=4 brand=4 cell=104 stock=8 served=4 denied=0 agents=7S,6S,4S,1S
spot=5 brand=5 cell=405 stock=8 served=5 denied=0 agents=3S,6S,4S,1S,7S
spot=6 brand=6 cell=194 stock=7 served=5 denied=0 agents=0S,2S,6S,4S,3S
spot=7 brand=7 cell=569 stock=7 served=5 denied=0 agents=3S,6S,4S,1S,7S
spot=8 brand=0 cell=49 stock=8 served=6 denied=0 agents=0S,2S,7S,6S,4S,3S
spot=9 brand=1 cell=491 stock=5 served=3 denied=0 agents=1S,6S,4S
spot=10 brand=2 cell=349 stock=5 served=4 denied=0 agents=7S,0S,2S,1S
spot=11 brand=3 cell=342 stock=2 served=2 denied=0 agents=7S,3S
spot=12 brand=4 cell=533 stock=6 served=2 denied=0 agents=0S,2S
spot=13 brand=5 cell=503 stock=3 served=1 denied=0 agents=4S
spot=14 brand=6 cell=10 stock=4 served=4 denied=0 agents=0S,2S,7S,1S
spot=17 brand=1 cell=16 stock=8 served=5 denied=0 agents=0S,2S,7S,3S,1S
spot=18 brand=2 cell=281 stock=3 served=2 denied=0 agents=3S,1S
spot=19 brand=3 cell=288 stock=6 served=4 denied=0 agents=0S,2S,6S,4S
spot=20 brand=4 cell=447 stock=4 served=1 denied=0 agents=3S
spot=23 brand=7 cell=529 stock=4 served=2 denied=0 agents=0S,2S
sparse_agent=1 cap=50000 settled=50000 labels=51266 emitted_masks=287 protected_masks=26 retained=90 valid=90 best=8/40/317 mask=0xDFC65B protected=8/40/310 protected_mask=0x0
sparse_global_best=8/40/317 baseline=8/40/310 agent=1 mask=0xDFC65B
sparse_protected_best=8/40/310 baseline=8/40/310 agent=-1 mask=0x0
sparse_best_plan=[[-1,1,1,2,2,2,2,2,2,2,2,2,2,2,2,2,2,4,5,4,4,4,4,4,4,5,5,5,5,5,5,5,5,5,4,4,4,4,4,3,3,3,3,3,3,4,4,4,4,2,2,2,2,1,1,1,1,1,1,2,2,2,2,1,1,-21],[-1,1,1,2,2,2,0,0,0,0,2,1,1,1,2,0,0,0,0,1,2,2,2,2,2,2,1,1,1,0,0,0,5,5,5,5,5,5,5,5,5,5,5,4,4,4,4,5,4,4,4,4,5,5,5,4,4,4,4,3,3,3,3,3,4,3,4,4,4,4,5,-4],[-1,1,1,2,2,2,2,2,2,2,2,2,2,2,2,2,2,4,5,4,4,4,4,4,4,5,5,5,5,5,5,5,5,5,4,4,4,4,4,3,3,3,3,3,3,4,4,4,4,2,2,2,2,1,1,1,1,1,1,2,2,2,2,1,1,-21],[-1,4,4,4,4,4,4,4,5,1,1,1,0,1,0,1,0,1,0,0,1,1,0,0,0,0,5,0,0,1,1,1,1,3,3,3,4,4,3,4,3,3,4,4,3,4,3,4,4,4,4,0,5,5,5,5,5,0,5,0,0,5,0,0,0,0,0,5,0,0,0,0,0,1,1,3,3,3,3,4,4,-6],[-1,0,0,0,0,4,4,4,4,4,4,4,5,0,0,5,0,0,0,0,0,0,0,0,0,0,0,0,1,0,0,1,0,0,5,0,5,5,5,5,5,3,3,3,3,4,4,4,4,4,4,3,3,3,2,2,3,2,3,2,2,2,2,3,3,3,-24],[-144],[-1,4,4,4,4,4,4,4,5,0,0,5,0,0,0,0,0,0,0,0,0,0,0,0,1,0,0,1,0,0,5,0,5,5,5,5,5,3,3,3,3,4,4,4,4,4,4,3,3,3,2,2,3,2,3,2,2,2,2,3,3,3,-32],[-1,1,1,2,2,2,2,2,2,2,2,2,2,2,2,2,2,4,5,4,4,4,5,5,5,5,5,3,3,3,4,4,4,4,4,4,4,1,1,1,1,2,3,3,2,3,3,2,2,3,2,2,2,2,2,2,3,4,4,4,4,4,4,4,5,-22]]
case_complete day=5 agent=1 exit=0
case_elapsed_ms day=5 agent=1 value=97

case_begin day=5 agent=2 started=2026-08-31T13:49:01.9033474+00:00 max_states=50000 max_routes=64
ledger_before=8/32/250
day_score=8/8/60
score_after=8/40/310
agent=0 kind=patrol claims=8 served=8 path_steps=144 raw_path_fuel=71 initial_fuel=432 spots=8:0,14:6,17:1,6:6,19:3,23:7,12:4,10:2 terminal=349:361
agent=1 kind=patrol claims=10 served=10 path_steps=144 raw_path_fuel=84 initial_fuel=399 spots=9:1,5:5,7:7,2:2,4:4,17:1,14:6,0:0,18:2,10:2 terminal=349:315
agent=2 kind=patrol claims=8 served=8 path_steps=144 raw_path_fuel=71 initial_fuel=432 spots=8:0,14:6,17:1,6:6,19:3,23:7,12:4,10:2 terminal=349:361
agent=3 kind=patrol claims=9 served=9 path_steps=144 raw_path_fuel=103 initial_fuel=381 spots=5:5,7:7,0:0,17:1,18:2,20:4,11:3,6:6,8:0 terminal=194:426
agent=4 kind=patrol claims=9 served=9 path_steps=144 raw_path_fuel=76 initial_fuel=383 spots=13:5,5:5,7:7,2:2,4:4,8:0,6:6,19:3,9:1 terminal=491:399
agent=5 kind=tanker claims=0 served=0 path_steps=144 raw_path_fuel=0 initial_fuel=432 spots= terminal=49:432
agent=6 kind=patrol claims=8 served=8 path_steps=144 raw_path_fuel=72 initial_fuel=381 spots=5:5,7:7,2:2,4:4,8:0,6:6,19:3,9:1 terminal=491:399
agent=7 kind=patrol claims=9 served=8 path_steps=144 raw_path_fuel=72 initial_fuel=432 spots=8:0,14:6,17:1,4:4,11:3,2:2,10:2,5:5,7:7 terminal=569:360
spot=0 brand=0 cell=159 stock=7 served=2 denied=0 agents=3S,1S
spot=2 brand=2 cell=249 stock=3 served=3 denied=1 agents=6S,4S,1S,7D
spot=4 brand=4 cell=104 stock=8 served=4 denied=0 agents=7S,6S,4S,1S
spot=5 brand=5 cell=405 stock=8 served=5 denied=0 agents=3S,6S,4S,1S,7S
spot=6 brand=6 cell=194 stock=7 served=5 denied=0 agents=0S,2S,6S,4S,3S
spot=7 brand=7 cell=569 stock=7 served=5 denied=0 agents=3S,6S,4S,1S,7S
spot=8 brand=0 cell=49 stock=8 served=6 denied=0 agents=0S,2S,7S,6S,4S,3S
spot=9 brand=1 cell=491 stock=5 served=3 denied=0 agents=1S,6S,4S
spot=10 brand=2 cell=349 stock=5 served=4 denied=0 agents=7S,0S,2S,1S
spot=11 brand=3 cell=342 stock=2 served=2 denied=0 agents=7S,3S
spot=12 brand=4 cell=533 stock=6 served=2 denied=0 agents=0S,2S
spot=13 brand=5 cell=503 stock=3 served=1 denied=0 agents=4S
spot=14 brand=6 cell=10 stock=4 served=4 denied=0 agents=0S,2S,7S,1S
spot=17 brand=1 cell=16 stock=8 served=5 denied=0 agents=0S,2S,7S,3S,1S
spot=18 brand=2 cell=281 stock=3 served=2 denied=0 agents=3S,1S
spot=19 brand=3 cell=288 stock=6 served=4 denied=0 agents=0S,2S,6S,4S
spot=20 brand=4 cell=447 stock=4 served=1 denied=0 agents=3S
spot=23 brand=7 cell=529 stock=4 served=2 denied=0 agents=0S,2S
sparse_agent=2 cap=50000 settled=50000 labels=51347 emitted_masks=193 protected_masks=29 retained=93 valid=93 best=8/40/318 mask=0xFD976A protected=8/40/310 protected_mask=0x0
sparse_global_best=8/40/318 baseline=8/40/310 agent=2 mask=0xFD976A
sparse_protected_best=8/40/310 baseline=8/40/310 agent=-1 mask=0x0
sparse_best_plan=[[-1,1,1,2,2,2,2,2,2,2,2,2,2,2,2,2,2,4,5,4,4,4,4,4,4,5,5,5,5,5,5,5,5,5,4,4,4,4,4,3,3,3,3,3,3,4,4,4,4,2,2,2,2,1,1,1,1,1,1,2,2,2,2,1,1,-21],[-1,1,1,1,2,1,1,2,2,2,2,2,2,3,4,4,4,4,4,4,4,5,0,0,5,0,0,0,0,0,0,0,0,0,0,0,0,1,0,0,1,0,1,1,1,2,2,2,2,2,2,1,5,5,5,5,5,5,2,2,3,3,3,3,3,3,3,3,3,3,4,4,4,4,5,5,-1],[-1,3,3,3,3,4,4,4,4,4,4,3,3,3,3,3,4,3,4,4,4,4,5,1,2,2,2,2,2,1,1,2,2,2,2,2,1,1,2,2,2,0,0,0,0,2,1,1,1,2,3,3,3,2,2,3,3,0,1,1,1,1,0,1,0,0,0,1,1,1,0,0,-4],[-1,4,4,4,4,4,4,4,5,1,1,1,0,1,0,1,0,1,0,0,1,1,0,0,0,0,5,0,0,1,1,1,1,3,3,3,4,4,3,4,3,3,4,4,3,4,3,4,4,4,4,0,5,5,5,5,5,0,5,0,0,5,0,0,0,0,0,5,0,0,0,0,0,1,1,3,3,3,3,4,4,-6],[-1,0,0,0,0,4,4,4,4,4,4,4,5,0,0,5,0,0,0,0,0,0,0,0,0,0,0,0,1,0,0,1,0,0,5,0,5,5,5,5,5,3,3,3,3,4,4,4,4,4,4,3,3,3,2,2,3,2,3,2,2,2,2,3,3,3,-24],[-144],[-1,4,4,4,4,4,4,4,5,0,0,5,0,0,0,0,0,0,0,0,0,0,0,0,1,0,0,1,0,0,5,0,5,5,5,5,5,3,3,3,3,4,4,4,4,4,4,3,3,3,2,2,3,2,3,2,2,2,2,3,3,3,-32],[-1,1,1,2,2,2,2,2,2,2,2,2,2,2,2,2,2,4,5,4,4,4,5,5,5,5,5,3,3,3,4,4,4,4,4,4,4,1,1,1,1,2,3,3,2,3,3,2,2,3,2,2,2,2,2,2,3,4,4,4,4,4,4,4,5,-22]]
case_complete day=5 agent=2 exit=0
case_elapsed_ms day=5 agent=2 value=92

case_begin day=5 agent=3 started=2026-08-31T13:49:02.0047665+00:00 max_states=50000 max_routes=64
ledger_before=8/32/250
day_score=8/8/60
score_after=8/40/310
agent=0 kind=patrol claims=8 served=8 path_steps=144 raw_path_fuel=71 initial_fuel=432 spots=8:0,14:6,17:1,6:6,19:3,23:7,12:4,10:2 terminal=349:361
agent=1 kind=patrol claims=10 served=10 path_steps=144 raw_path_fuel=84 initial_fuel=399 spots=9:1,5:5,7:7,2:2,4:4,17:1,14:6,0:0,18:2,10:2 terminal=349:315
agent=2 kind=patrol claims=8 served=8 path_steps=144 raw_path_fuel=71 initial_fuel=432 spots=8:0,14:6,17:1,6:6,19:3,23:7,12:4,10:2 terminal=349:361
agent=3 kind=patrol claims=9 served=9 path_steps=144 raw_path_fuel=103 initial_fuel=381 spots=5:5,7:7,0:0,17:1,18:2,20:4,11:3,6:6,8:0 terminal=194:426
agent=4 kind=patrol claims=9 served=9 path_steps=144 raw_path_fuel=76 initial_fuel=383 spots=13:5,5:5,7:7,2:2,4:4,8:0,6:6,19:3,9:1 terminal=491:399
agent=5 kind=tanker claims=0 served=0 path_steps=144 raw_path_fuel=0 initial_fuel=432 spots= terminal=49:432
agent=6 kind=patrol claims=8 served=8 path_steps=144 raw_path_fuel=72 initial_fuel=381 spots=5:5,7:7,2:2,4:4,8:0,6:6,19:3,9:1 terminal=491:399
agent=7 kind=patrol claims=9 served=8 path_steps=144 raw_path_fuel=72 initial_fuel=432 spots=8:0,14:6,17:1,4:4,11:3,2:2,10:2,5:5,7:7 terminal=569:360
spot=0 brand=0 cell=159 stock=7 served=2 denied=0 agents=3S,1S
spot=2 brand=2 cell=249 stock=3 served=3 denied=1 agents=6S,4S,1S,7D
spot=4 brand=4 cell=104 stock=8 served=4 denied=0 agents=7S,6S,4S,1S
spot=5 brand=5 cell=405 stock=8 served=5 denied=0 agents=3S,6S,4S,1S,7S
spot=6 brand=6 cell=194 stock=7 served=5 denied=0 agents=0S,2S,6S,4S,3S
spot=7 brand=7 cell=569 stock=7 served=5 denied=0 agents=3S,6S,4S,1S,7S
spot=8 brand=0 cell=49 stock=8 served=6 denied=0 agents=0S,2S,7S,6S,4S,3S
spot=9 brand=1 cell=491 stock=5 served=3 denied=0 agents=1S,6S,4S
spot=10 brand=2 cell=349 stock=5 served=4 denied=0 agents=7S,0S,2S,1S
spot=11 brand=3 cell=342 stock=2 served=2 denied=0 agents=7S,3S
spot=12 brand=4 cell=533 stock=6 served=2 denied=0 agents=0S,2S
spot=13 brand=5 cell=503 stock=3 served=1 denied=0 agents=4S
spot=14 brand=6 cell=10 stock=4 served=4 denied=0 agents=0S,2S,7S,1S
spot=17 brand=1 cell=16 stock=8 served=5 denied=0 agents=0S,2S,7S,3S,1S
spot=18 brand=2 cell=281 stock=3 served=2 denied=0 agents=3S,1S
spot=19 brand=3 cell=288 stock=6 served=4 denied=0 agents=0S,2S,6S,4S
spot=20 brand=4 cell=447 stock=4 served=1 denied=0 agents=3S
spot=23 brand=7 cell=529 stock=4 served=2 denied=0 agents=0S,2S
sparse_agent=3 cap=50000 settled=50000 labels=51377 emitted_masks=248 protected_masks=40 retained=102 valid=102 best=8/40/315 mask=0x5EE4F3 protected=8/40/310 protected_mask=0x0
sparse_global_best=8/40/315 baseline=8/40/310 agent=3 mask=0x5EE4F3
sparse_protected_best=8/40/310 baseline=8/40/310 agent=-1 mask=0x0
sparse_best_plan=[[-1,1,1,2,2,2,2,2,2,2,2,2,2,2,2,2,2,4,5,4,4,4,4,4,4,5,5,5,5,5,5,5,5,5,4,4,4,4,4,3,3,3,3,3,3,4,4,4,4,2,2,2,2,1,1,1,1,1,1,2,2,2,2,1,1,-21],[-1,1,1,1,2,1,1,2,2,2,2,2,2,3,4,4,4,4,4,4,4,5,0,0,5,0,0,0,0,0,0,0,0,0,0,0,0,1,0,0,1,0,1,1,1,2,2,2,2,2,2,1,5,5,5,5,5,5,2,2,3,3,3,3,3,3,3,3,3,3,4,4,4,4,5,5,-1],[-1,1,1,2,2,2,2,2,2,2,2,2,2,2,2,2,2,4,5,4,4,4,4,4,4,5,5,5,5,5,5,5,5,5,4,4,4,4,4,3,3,3,3,3,3,4,4,4,4,2,2,2,2,1,1,1,1,1,1,2,2,2,2,1,1,-21],[-1,3,3,3,3,4,4,5,5,5,5,4,5,0,0,5,0,1,1,0,0,0,0,2,1,1,1,2,0,0,0,0,1,2,2,2,2,2,2,1,1,1,0,0,0,5,5,5,5,5,5,5,5,5,5,5,4,4,4,4,5,4,4,4,4,5,5,5,4,4,4,4,-2],[-1,0,0,0,0,4,4,4,4,4,4,4,5,0,0,5,0,0,0,0,0,0,0,0,0,0,0,0,1,0,0,1,0,0,5,0,5,5,5,5,5,3,3,3,3,4,4,4,4,4,4,3,3,3,2,2,3,2,3,2,2,2,2,3,3,3,-24],[-144],[-1,4,4,4,4,4,4,4,5,0,0,5,0,0,0,0,0,0,0,0,0,0,0,0,1,0,0,1,0,0,5,0,5,5,5,5,5,3,3,3,3,4,4,4,4,4,4,3,3,3,2,2,3,2,3,2,2,2,2,3,3,3,-32],[-1,1,1,2,2,2,2,2,2,2,2,2,2,2,2,2,2,4,5,4,4,4,5,5,5,5,5,3,3,3,4,4,4,4,4,4,4,1,1,1,1,2,3,3,2,3,3,2,2,3,2,2,2,2,2,2,3,4,4,4,4,4,4,4,5,-22]]
case_complete day=5 agent=3 exit=0
case_elapsed_ms day=5 agent=3 value=124

case_begin day=5 agent=4 started=2026-08-31T13:49:02.1380544+00:00 max_states=50000 max_routes=64
ledger_before=8/32/250
day_score=8/8/60
score_after=8/40/310
agent=0 kind=patrol claims=8 served=8 path_steps=144 raw_path_fuel=71 initial_fuel=432 spots=8:0,14:6,17:1,6:6,19:3,23:7,12:4,10:2 terminal=349:361
agent=1 kind=patrol claims=10 served=10 path_steps=144 raw_path_fuel=84 initial_fuel=399 spots=9:1,5:5,7:7,2:2,4:4,17:1,14:6,0:0,18:2,10:2 terminal=349:315
agent=2 kind=patrol claims=8 served=8 path_steps=144 raw_path_fuel=71 initial_fuel=432 spots=8:0,14:6,17:1,6:6,19:3,23:7,12:4,10:2 terminal=349:361
agent=3 kind=patrol claims=9 served=9 path_steps=144 raw_path_fuel=103 initial_fuel=381 spots=5:5,7:7,0:0,17:1,18:2,20:4,11:3,6:6,8:0 terminal=194:426
agent=4 kind=patrol claims=9 served=9 path_steps=144 raw_path_fuel=76 initial_fuel=383 spots=13:5,5:5,7:7,2:2,4:4,8:0,6:6,19:3,9:1 terminal=491:399
agent=5 kind=tanker claims=0 served=0 path_steps=144 raw_path_fuel=0 initial_fuel=432 spots= terminal=49:432
agent=6 kind=patrol claims=8 served=8 path_steps=144 raw_path_fuel=72 initial_fuel=381 spots=5:5,7:7,2:2,4:4,8:0,6:6,19:3,9:1 terminal=491:399
agent=7 kind=patrol claims=9 served=8 path_steps=144 raw_path_fuel=72 initial_fuel=432 spots=8:0,14:6,17:1,4:4,11:3,2:2,10:2,5:5,7:7 terminal=569:360
spot=0 brand=0 cell=159 stock=7 served=2 denied=0 agents=3S,1S
spot=2 brand=2 cell=249 stock=3 served=3 denied=1 agents=6S,4S,1S,7D
spot=4 brand=4 cell=104 stock=8 served=4 denied=0 agents=7S,6S,4S,1S
spot=5 brand=5 cell=405 stock=8 served=5 denied=0 agents=3S,6S,4S,1S,7S
spot=6 brand=6 cell=194 stock=7 served=5 denied=0 agents=0S,2S,6S,4S,3S
spot=7 brand=7 cell=569 stock=7 served=5 denied=0 agents=3S,6S,4S,1S,7S
spot=8 brand=0 cell=49 stock=8 served=6 denied=0 agents=0S,2S,7S,6S,4S,3S
spot=9 brand=1 cell=491 stock=5 served=3 denied=0 agents=1S,6S,4S
spot=10 brand=2 cell=349 stock=5 served=4 denied=0 agents=7S,0S,2S,1S
spot=11 brand=3 cell=342 stock=2 served=2 denied=0 agents=7S,3S
spot=12 brand=4 cell=533 stock=6 served=2 denied=0 agents=0S,2S
spot=13 brand=5 cell=503 stock=3 served=1 denied=0 agents=4S
spot=14 brand=6 cell=10 stock=4 served=4 denied=0 agents=0S,2S,7S,1S
spot=17 brand=1 cell=16 stock=8 served=5 denied=0 agents=0S,2S,7S,3S,1S
spot=18 brand=2 cell=281 stock=3 served=2 denied=0 agents=3S,1S
spot=19 brand=3 cell=288 stock=6 served=4 denied=0 agents=0S,2S,6S,4S
spot=20 brand=4 cell=447 stock=4 served=1 denied=0 agents=3S
spot=23 brand=7 cell=529 stock=4 served=2 denied=0 agents=0S,2S
sparse_agent=4 cap=50000 settled=50000 labels=51163 emitted_masks=225 protected_masks=13 retained=77 valid=77 best=8/40/318 mask=0xF7B62B protected=8/40/310 protected_mask=0x0
sparse_global_best=8/40/318 baseline=8/40/310 agent=4 mask=0xF7B62B
sparse_protected_best=8/40/310 baseline=8/40/310 agent=-1 mask=0x0
sparse_best_plan=[[-1,1,1,2,2,2,2,2,2,2,2,2,2,2,2,2,2,4,5,4,4,4,4,4,4,5,5,5,5,5,5,5,5,5,4,4,4,4,4,3,3,3,3,3,3,4,4,4,4,2,2,2,2,1,1,1,1,1,1,2,2,2,2,1,1,-21],[-1,1,1,1,2,1,1,2,2,2,2,2,2,3,4,4,4,4,4,4,4,5,0,0,5,0,0,0,0,0,0,0,0,0,0,0,0,1,0,0,1,0,1,1,1,2,2,2,2,2,2,1,5,5,5,5,5,5,2,2,3,3,3,3,3,3,3,3,3,3,4,4,4,4,5,5,-1],[-1,1,1,2,2,2,2,2,2,2,2,2,2,2,2,2,2,4,5,4,4,4,4,4,4,5,5,5,5,5,5,5,5,5,4,4,4,4,4,3,3,3,3,3,3,4,4,4,4,2,2,2,2,1,1,1,1,1,1,2,2,2,2,1,1,-21],[-1,4,4,4,4,4,4,4,5,1,1,1,0,1,0,1,0,1,0,0,1,1,0,0,0,0,5,0,0,1,1,1,1,3,3,3,4,4,3,4,3,3,4,4,3,4,3,4,4,4,4,0,5,5,5,5,5,0,5,0,0,5,0,0,0,0,0,5,0,0,0,0,0,1,1,3,3,3,3,4,4,-6],[-1,0,0,0,0,0,1,1,1,1,0,1,0,0,0,1,1,1,0,0,0,5,5,5,5,5,3,3,4,4,4,4,3,3,3,3,4,4,4,4,5,5,3,3,3,3,4,4,5,5,5,4,5,5,5,5,5,4,5,5,5,5,4,5,1,1,1,1,1,-5],[-144],[-1,4,4,4,4,4,4,4,5,0,0,5,0,0,0,0,0,0,0,0,0,0,0,0,1,0,0,1,0,0,5,0,5,5,5,5,5,3,3,3,3,4,4,4,4,4,4,3,3,3,2,2,3,2,3,2,2,2,2,3,3,3,-32],[-1,1,1,2,2,2,2,2,2,2,2,2,2,2,2,2,2,4,5,4,4,4,5,5,5,5,5,3,3,3,4,4,4,4,4,4,4,1,1,1,1,2,3,3,2,3,3,2,2,3,2,2,2,2,2,2,3,4,4,4,4,4,4,4,5,-22]]
case_complete day=5 agent=4 exit=0
case_elapsed_ms day=5 agent=4 value=110

case_begin day=5 agent=6 started=2026-08-31T13:49:02.2565516+00:00 max_states=50000 max_routes=64
ledger_before=8/32/250
day_score=8/8/60
score_after=8/40/310
agent=0 kind=patrol claims=8 served=8 path_steps=144 raw_path_fuel=71 initial_fuel=432 spots=8:0,14:6,17:1,6:6,19:3,23:7,12:4,10:2 terminal=349:361
agent=1 kind=patrol claims=10 served=10 path_steps=144 raw_path_fuel=84 initial_fuel=399 spots=9:1,5:5,7:7,2:2,4:4,17:1,14:6,0:0,18:2,10:2 terminal=349:315
agent=2 kind=patrol claims=8 served=8 path_steps=144 raw_path_fuel=71 initial_fuel=432 spots=8:0,14:6,17:1,6:6,19:3,23:7,12:4,10:2 terminal=349:361
agent=3 kind=patrol claims=9 served=9 path_steps=144 raw_path_fuel=103 initial_fuel=381 spots=5:5,7:7,0:0,17:1,18:2,20:4,11:3,6:6,8:0 terminal=194:426
agent=4 kind=patrol claims=9 served=9 path_steps=144 raw_path_fuel=76 initial_fuel=383 spots=13:5,5:5,7:7,2:2,4:4,8:0,6:6,19:3,9:1 terminal=491:399
agent=5 kind=tanker claims=0 served=0 path_steps=144 raw_path_fuel=0 initial_fuel=432 spots= terminal=49:432
agent=6 kind=patrol claims=8 served=8 path_steps=144 raw_path_fuel=72 initial_fuel=381 spots=5:5,7:7,2:2,4:4,8:0,6:6,19:3,9:1 terminal=491:399
agent=7 kind=patrol claims=9 served=8 path_steps=144 raw_path_fuel=72 initial_fuel=432 spots=8:0,14:6,17:1,4:4,11:3,2:2,10:2,5:5,7:7 terminal=569:360
spot=0 brand=0 cell=159 stock=7 served=2 denied=0 agents=3S,1S
spot=2 brand=2 cell=249 stock=3 served=3 denied=1 agents=6S,4S,1S,7D
spot=4 brand=4 cell=104 stock=8 served=4 denied=0 agents=7S,6S,4S,1S
spot=5 brand=5 cell=405 stock=8 served=5 denied=0 agents=3S,6S,4S,1S,7S
spot=6 brand=6 cell=194 stock=7 served=5 denied=0 agents=0S,2S,6S,4S,3S
spot=7 brand=7 cell=569 stock=7 served=5 denied=0 agents=3S,6S,4S,1S,7S
spot=8 brand=0 cell=49 stock=8 served=6 denied=0 agents=0S,2S,7S,6S,4S,3S
spot=9 brand=1 cell=491 stock=5 served=3 denied=0 agents=1S,6S,4S
spot=10 brand=2 cell=349 stock=5 served=4 denied=0 agents=7S,0S,2S,1S
spot=11 brand=3 cell=342 stock=2 served=2 denied=0 agents=7S,3S
spot=12 brand=4 cell=533 stock=6 served=2 denied=0 agents=0S,2S
spot=13 brand=5 cell=503 stock=3 served=1 denied=0 agents=4S
spot=14 brand=6 cell=10 stock=4 served=4 denied=0 agents=0S,2S,7S,1S
spot=17 brand=1 cell=16 stock=8 served=5 denied=0 agents=0S,2S,7S,3S,1S
spot=18 brand=2 cell=281 stock=3 served=2 denied=0 agents=3S,1S
spot=19 brand=3 cell=288 stock=6 served=4 denied=0 agents=0S,2S,6S,4S
spot=20 brand=4 cell=447 stock=4 served=1 denied=0 agents=3S
spot=23 brand=7 cell=529 stock=4 served=2 denied=0 agents=0S,2S
sparse_agent=6 cap=50000 settled=50000 labels=51377 emitted_masks=248 protected_masks=19 retained=79 valid=79 best=8/40/317 mask=0x5EE4F3 protected=8/40/310 protected_mask=0x0
sparse_global_best=8/40/317 baseline=8/40/310 agent=6 mask=0x5EE4F3
sparse_protected_best=8/40/310 baseline=8/40/310 agent=-1 mask=0x0
sparse_best_plan=[[-1,1,1,2,2,2,2,2,2,2,2,2,2,2,2,2,2,4,5,4,4,4,4,4,4,5,5,5,5,5,5,5,5,5,4,4,4,4,4,3,3,3,3,3,3,4,4,4,4,2,2,2,2,1,1,1,1,1,1,2,2,2,2,1,1,-21],[-1,1,1,1,2,1,1,2,2,2,2,2,2,3,4,4,4,4,4,4,4,5,0,0,5,0,0,0,0,0,0,0,0,0,0,0,0,1,0,0,1,0,1,1,1,2,2,2,2,2,2,1,5,5,5,5,5,5,2,2,3,3,3,3,3,3,3,3,3,3,4,4,4,4,5,5,-1],[-1,1,1,2,2,2,2,2,2,2,2,2,2,2,2,2,2,4,5,4,4,4,4,4,4,5,5,5,5,5,5,5,5,5,4,4,4,4,4,3,3,3,3,3,3,4,4,4,4,2,2,2,2,1,1,1,1,1,1,2,2,2,2,1,1,-21],[-1,4,4,4,4,4,4,4,5,1,1,1,0,1,0,1,0,1,0,0,1,1,0,0,0,0,5,0,0,1,1,1,1,3,3,3,4,4,3,4,3,3,4,4,3,4,3,4,4,4,4,0,5,5,5,5,5,0,5,0,0,5,0,0,0,0,0,5,0,0,0,0,0,1,1,3,3,3,3,4,4,-6],[-1,0,0,0,0,4,4,4,4,4,4,4,5,0,0,5,0,0,0,0,0,0,0,0,0,0,0,0,1,0,0,1,0,0,5,0,5,5,5,5,5,3,3,3,3,4,4,4,4,4,4,3,3,3,2,2,3,2,3,2,2,2,2,3,3,3,-24],[-144],[-1,3,3,3,3,4,4,5,5,5,5,4,5,0,0,5,0,1,1,0,0,0,0,2,1,1,1,2,0,0,0,0,1,2,2,2,2,2,2,1,1,1,0,0,0,5,5,5,5,5,5,5,5,5,5,5,4,4,4,4,5,4,4,4,4,5,5,5,4,4,4,4,-2],[-1,1,1,2,2,2,2,2,2,2,2,2,2,2,2,2,2,4,5,4,4,4,5,5,5,5,5,3,3,3,4,4,4,4,4,4,4,1,1,1,1,2,3,3,2,3,3,2,2,3,2,2,2,2,2,2,3,4,4,4,4,4,4,4,5,-22]]
case_complete day=5 agent=6 exit=0
case_elapsed_ms day=5 agent=6 value=106

case_begin day=5 agent=7 started=2026-08-31T13:49:02.3718556+00:00 max_states=50000 max_routes=64
ledger_before=8/32/250
day_score=8/8/60
score_after=8/40/310
agent=0 kind=patrol claims=8 served=8 path_steps=144 raw_path_fuel=71 initial_fuel=432 spots=8:0,14:6,17:1,6:6,19:3,23:7,12:4,10:2 terminal=349:361
agent=1 kind=patrol claims=10 served=10 path_steps=144 raw_path_fuel=84 initial_fuel=399 spots=9:1,5:5,7:7,2:2,4:4,17:1,14:6,0:0,18:2,10:2 terminal=349:315
agent=2 kind=patrol claims=8 served=8 path_steps=144 raw_path_fuel=71 initial_fuel=432 spots=8:0,14:6,17:1,6:6,19:3,23:7,12:4,10:2 terminal=349:361
agent=3 kind=patrol claims=9 served=9 path_steps=144 raw_path_fuel=103 initial_fuel=381 spots=5:5,7:7,0:0,17:1,18:2,20:4,11:3,6:6,8:0 terminal=194:426
agent=4 kind=patrol claims=9 served=9 path_steps=144 raw_path_fuel=76 initial_fuel=383 spots=13:5,5:5,7:7,2:2,4:4,8:0,6:6,19:3,9:1 terminal=491:399
agent=5 kind=tanker claims=0 served=0 path_steps=144 raw_path_fuel=0 initial_fuel=432 spots= terminal=49:432
agent=6 kind=patrol claims=8 served=8 path_steps=144 raw_path_fuel=72 initial_fuel=381 spots=5:5,7:7,2:2,4:4,8:0,6:6,19:3,9:1 terminal=491:399
agent=7 kind=patrol claims=9 served=8 path_steps=144 raw_path_fuel=72 initial_fuel=432 spots=8:0,14:6,17:1,4:4,11:3,2:2,10:2,5:5,7:7 terminal=569:360
spot=0 brand=0 cell=159 stock=7 served=2 denied=0 agents=3S,1S
spot=2 brand=2 cell=249 stock=3 served=3 denied=1 agents=6S,4S,1S,7D
spot=4 brand=4 cell=104 stock=8 served=4 denied=0 agents=7S,6S,4S,1S
spot=5 brand=5 cell=405 stock=8 served=5 denied=0 agents=3S,6S,4S,1S,7S
spot=6 brand=6 cell=194 stock=7 served=5 denied=0 agents=0S,2S,6S,4S,3S
spot=7 brand=7 cell=569 stock=7 served=5 denied=0 agents=3S,6S,4S,1S,7S
spot=8 brand=0 cell=49 stock=8 served=6 denied=0 agents=0S,2S,7S,6S,4S,3S
spot=9 brand=1 cell=491 stock=5 served=3 denied=0 agents=1S,6S,4S
spot=10 brand=2 cell=349 stock=5 served=4 denied=0 agents=7S,0S,2S,1S
spot=11 brand=3 cell=342 stock=2 served=2 denied=0 agents=7S,3S
spot=12 brand=4 cell=533 stock=6 served=2 denied=0 agents=0S,2S
spot=13 brand=5 cell=503 stock=3 served=1 denied=0 agents=4S
spot=14 brand=6 cell=10 stock=4 served=4 denied=0 agents=0S,2S,7S,1S
spot=17 brand=1 cell=16 stock=8 served=5 denied=0 agents=0S,2S,7S,3S,1S
spot=18 brand=2 cell=281 stock=3 served=2 denied=0 agents=3S,1S
spot=19 brand=3 cell=288 stock=6 served=4 denied=0 agents=0S,2S,6S,4S
spot=20 brand=4 cell=447 stock=4 served=1 denied=0 agents=3S
spot=23 brand=7 cell=529 stock=4 served=2 denied=0 agents=0S,2S
sparse_agent=7 cap=50000 settled=50000 labels=51347 emitted_masks=193 protected_masks=15 retained=71 valid=71 best=8/40/318 mask=0xFD976A protected=8/40/310 protected_mask=0x0
sparse_global_best=8/40/318 baseline=8/40/310 agent=7 mask=0xFD976A
sparse_protected_best=8/40/310 baseline=8/40/310 agent=-1 mask=0x0
sparse_best_plan=[[-1,1,1,2,2,2,2,2,2,2,2,2,2,2,2,2,2,4,5,4,4,4,4,4,4,5,5,5,5,5,5,5,5,5,4,4,4,4,4,3,3,3,3,3,3,4,4,4,4,2,2,2,2,1,1,1,1,1,1,2,2,2,2,1,1,-21],[-1,1,1,1,2,1,1,2,2,2,2,2,2,3,4,4,4,4,4,4,4,5,0,0,5,0,0,0,0,0,0,0,0,0,0,0,0,1,0,0,1,0,1,1,1,2,2,2,2,2,2,1,5,5,5,5,5,5,2,2,3,3,3,3,3,3,3,3,3,3,4,4,4,4,5,5,-1],[-1,1,1,2,2,2,2,2,2,2,2,2,2,2,2,2,2,4,5,4,4,4,4,4,4,5,5,5,5,5,5,5,5,5,4,4,4,4,4,3,3,3,3,3,3,4,4,4,4,2,2,2,2,1,1,1,1,1,1,2,2,2,2,1,1,-21],[-1,4,4,4,4,4,4,4,5,1,1,1,0,1,0,1,0,1,0,0,1,1,0,0,0,0,5,0,0,1,1,1,1,3,3,3,4,4,3,4,3,3,4,4,3,4,3,4,4,4,4,0,5,5,5,5,5,0,5,0,0,5,0,0,0,0,0,5,0,0,0,0,0,1,1,3,3,3,3,4,4,-6],[-1,0,0,0,0,4,4,4,4,4,4,4,5,0,0,5,0,0,0,0,0,0,0,0,0,0,0,0,1,0,0,1,0,0,5,0,5,5,5,5,5,3,3,3,3,4,4,4,4,4,4,3,3,3,2,2,3,2,3,2,2,2,2,3,3,3,-24],[-144],[-1,4,4,4,4,4,4,4,5,0,0,5,0,0,0,0,0,0,0,0,0,0,0,0,1,0,0,1,0,0,5,0,5,5,5,5,5,3,3,3,3,4,4,4,4,4,4,3,3,3,2,2,3,2,3,2,2,2,2,3,3,3,-32],[-1,3,3,3,3,4,4,4,4,4,4,3,3,3,3,3,4,3,4,4,4,4,5,1,2,2,2,2,2,1,1,2,2,2,2,2,1,1,2,2,2,0,0,0,0,2,1,1,1,2,3,3,3,2,2,3,3,0,1,1,1,1,0,1,0,0,0,1,1,1,0,0,-4]]
case_complete day=5 agent=7 exit=0
case_elapsed_ms day=5 agent=7 value=109

case_begin day=6 agent=0 started=2026-08-31T13:49:02.4908431+00:00 max_states=50000 max_routes=64
ledger_before=8/40/310
day_score=8/8/62
score_after=8/48/372
agent=0 kind=patrol claims=9 served=9 path_steps=144 raw_path_fuel=78 initial_fuel=361 spots=10:2,5:5,4:4,17:1,0:0,14:6,15:7,22:6,1:1 terminal=165:388
agent=1 kind=patrol claims=9 served=9 path_steps=144 raw_path_fuel=81 initial_fuel=315 spots=10:2,5:5,7:7,2:2,4:4,8:0,6:6,19:3,9:1 terminal=491:393
agent=2 kind=patrol claims=9 served=9 path_steps=144 raw_path_fuel=81 initial_fuel=361 spots=10:2,5:5,7:7,2:2,4:4,8:0,6:6,19:3,9:1 terminal=491:393
agent=3 kind=patrol claims=8 served=8 path_steps=144 raw_path_fuel=67 initial_fuel=426 spots=6:6,8:0,19:3,4:4,17:1,15:7,18:2,5:5 terminal=405:393
agent=4 kind=patrol claims=9 served=9 path_steps=144 raw_path_fuel=70 initial_fuel=399 spots=9:1,5:5,7:7,2:2,4:4,8:0,6:6,19:3,3:3 terminal=434:406
agent=5 kind=tanker claims=0 served=0 path_steps=144 raw_path_fuel=8 initial_fuel=432 spots= terminal=104:432
agent=6 kind=patrol claims=9 served=9 path_steps=144 raw_path_fuel=82 initial_fuel=399 spots=9:1,5:5,4:4,11:3,12:4,23:7,16:0,6:6,19:3 terminal=288:386
agent=7 kind=patrol claims=9 served=9 path_steps=144 raw_path_fuel=73 initial_fuel=360 spots=7:7,5:5,17:1,4:4,14:6,0:0,18:2,10:2,11:3 terminal=342:403
spot=0 brand=0 cell=159 stock=7 served=2 denied=0 agents=0S,7S
spot=1 brand=1 cell=165 stock=1 served=1 denied=0 agents=0S
spot=2 brand=2 cell=249 stock=3 served=3 denied=0 agents=1S,2S,4S
spot=3 brand=3 cell=434 stock=1 served=1 denied=0 agents=4S
spot=4 brand=4 cell=104 stock=8 served=7 denied=0 agents=0S,3S,6S,7S,1S,2S,4S
spot=5 brand=5 cell=405 stock=8 served=7 denied=0 agents=7S,0S,1S,2S,4S,6S,3S
spot=6 brand=6 cell=194 stock=7 served=5 denied=0 agents=3S,1S,2S,4S,6S
spot=7 brand=7 cell=569 stock=7 served=4 denied=0 agents=7S,1S,2S,4S
spot=8 brand=0 cell=49 stock=8 served=4 denied=0 agents=3S,1S,2S,4S
spot=9 brand=1 cell=491 stock=5 served=4 denied=0 agents=4S,6S,1S,2S
spot=10 brand=2 cell=349 stock=5 served=4 denied=0 agents=0S,1S,2S,7S
spot=11 brand=3 cell=342 stock=2 served=2 denied=0 agents=6S,7S
spot=12 brand=4 cell=533 stock=6 served=1 denied=0 agents=6S
spot=14 brand=6 cell=10 stock=4 served=2 denied=0 agents=7S,0S
spot=15 brand=7 cell=46 stock=3 served=2 denied=0 agents=3S,0S
spot=16 brand=0 cell=552 stock=5 served=1 denied=0 agents=6S
spot=17 brand=1 cell=16 stock=8 served=3 denied=0 agents=7S,0S,3S
spot=18 brand=2 cell=281 stock=3 served=2 denied=0 agents=7S,3S
spot=19 brand=3 cell=288 stock=6 served=5 denied=0 agents=3S,1S,2S,4S,6S
spot=22 brand=6 cell=95 stock=2 served=1 denied=0 agents=0S
spot=23 brand=7 cell=529 stock=4 served=1 denied=0 agents=6S
sparse_agent=0 cap=50000 settled=50000 labels=51342 emitted_masks=153 protected_masks=21 retained=85 valid=85 best=8/48/376 mask=0x56EE37 protected=8/48/372 protected_mask=0x0
sparse_global_best=8/48/376 baseline=8/48/372 agent=0 mask=0x56EE37
sparse_protected_best=8/48/372 baseline=8/48/372 agent=-1 mask=0x0
sparse_best_plan=[[-1,4,3,2,3,3,4,4,5,5,5,0,0,0,0,5,0,0,5,1,1,1,1,2,0,1,0,0,0,1,1,1,1,1,2,2,2,2,2,2,2,2,2,2,2,3,3,3,4,4,4,5,5,5,5,5,5,3,3,3,3,4,3,3,3,2,2,3,3,3,3,3,3,-5],[-1,2,2,2,3,2,2,2,2,3,4,4,4,4,4,4,4,5,0,0,5,0,0,0,0,0,0,0,0,0,0,0,0,1,0,0,1,0,0,5,0,5,5,5,5,5,3,3,3,3,4,4,4,4,4,4,2,3,3,3,2,3,2,3,2,2,2,2,3,3,3,-14],[-1,2,2,2,3,2,2,2,2,3,4,4,4,4,4,4,4,5,0,0,5,0,0,0,0,0,0,0,0,0,0,0,0,1,0,0,1,0,0,5,0,5,5,5,5,5,3,3,3,3,4,4,4,4,4,4,2,3,3,3,2,3,2,3,2,2,2,2,3,3,3,-14],[-1,0,0,0,0,1,1,3,3,3,3,4,4,4,4,4,4,1,1,1,1,1,1,1,1,2,2,2,2,1,1,1,2,2,2,2,2,2,1,2,2,2,2,2,3,4,4,4,4,4,4,4,4,4,4,3,3,3,2,2,3,3,-27],[-1,1,1,1,2,2,2,2,2,2,2,1,2,4,4,4,4,4,4,4,5,0,0,5,0,0,0,0,0,0,0,0,0,0,0,0,1,0,0,1,0,0,5,0,5,5,5,5,5,3,3,3,3,4,4,4,4,4,4,3,4,3,3,3,3,-19],[2,2,2,2,2,3,2,3,-128],[-1,1,1,1,2,2,2,2,2,2,2,1,2,0,0,0,0,0,0,0,0,0,0,0,0,5,5,5,5,5,5,5,3,3,3,4,4,4,4,4,4,4,4,4,3,3,3,4,4,4,5,5,5,5,4,5,1,0,1,1,1,1,1,1,0,0,0,0,1,1,1,4,4,4,4,-3],[-1,2,1,1,1,1,1,1,1,0,0,0,0,0,0,0,1,0,0,0,1,0,1,0,0,4,5,4,4,4,5,5,5,5,5,1,1,1,1,2,2,3,3,3,3,3,3,3,3,3,3,4,4,4,4,5,5,5,5,5,5,5,5,5,-27]]
case_complete day=6 agent=0 exit=0
case_elapsed_ms day=6 agent=0 value=116

case_begin day=6 agent=1 started=2026-08-31T13:49:02.6150794+00:00 max_states=50000 max_routes=64
ledger_before=8/40/310
day_score=8/8/62
score_after=8/48/372
agent=0 kind=patrol claims=9 served=9 path_steps=144 raw_path_fuel=78 initial_fuel=361 spots=10:2,5:5,4:4,17:1,0:0,14:6,15:7,22:6,1:1 terminal=165:388
agent=1 kind=patrol claims=9 served=9 path_steps=144 raw_path_fuel=81 initial_fuel=315 spots=10:2,5:5,7:7,2:2,4:4,8:0,6:6,19:3,9:1 terminal=491:393
agent=2 kind=patrol claims=9 served=9 path_steps=144 raw_path_fuel=81 initial_fuel=361 spots=10:2,5:5,7:7,2:2,4:4,8:0,6:6,19:3,9:1 terminal=491:393
agent=3 kind=patrol claims=8 served=8 path_steps=144 raw_path_fuel=67 initial_fuel=426 spots=6:6,8:0,19:3,4:4,17:1,15:7,18:2,5:5 terminal=405:393
agent=4 kind=patrol claims=9 served=9 path_steps=144 raw_path_fuel=70 initial_fuel=399 spots=9:1,5:5,7:7,2:2,4:4,8:0,6:6,19:3,3:3 terminal=434:406
agent=5 kind=tanker claims=0 served=0 path_steps=144 raw_path_fuel=8 initial_fuel=432 spots= terminal=104:432
agent=6 kind=patrol claims=9 served=9 path_steps=144 raw_path_fuel=82 initial_fuel=399 spots=9:1,5:5,4:4,11:3,12:4,23:7,16:0,6:6,19:3 terminal=288:386
agent=7 kind=patrol claims=9 served=9 path_steps=144 raw_path_fuel=73 initial_fuel=360 spots=7:7,5:5,17:1,4:4,14:6,0:0,18:2,10:2,11:3 terminal=342:403
spot=0 brand=0 cell=159 stock=7 served=2 denied=0 agents=0S,7S
spot=1 brand=1 cell=165 stock=1 served=1 denied=0 agents=0S
spot=2 brand=2 cell=249 stock=3 served=3 denied=0 agents=1S,2S,4S
spot=3 brand=3 cell=434 stock=1 served=1 denied=0 agents=4S
spot=4 brand=4 cell=104 stock=8 served=7 denied=0 agents=0S,3S,6S,7S,1S,2S,4S
spot=5 brand=5 cell=405 stock=8 served=7 denied=0 agents=7S,0S,1S,2S,4S,6S,3S
spot=6 brand=6 cell=194 stock=7 served=5 denied=0 agents=3S,1S,2S,4S,6S
spot=7 brand=7 cell=569 stock=7 served=4 denied=0 agents=7S,1S,2S,4S
spot=8 brand=0 cell=49 stock=8 served=4 denied=0 agents=3S,1S,2S,4S
spot=9 brand=1 cell=491 stock=5 served=4 denied=0 agents=4S,6S,1S,2S
spot=10 brand=2 cell=349 stock=5 served=4 denied=0 agents=0S,1S,2S,7S
spot=11 brand=3 cell=342 stock=2 served=2 denied=0 agents=6S,7S
spot=12 brand=4 cell=533 stock=6 served=1 denied=0 agents=6S
spot=14 brand=6 cell=10 stock=4 served=2 denied=0 agents=7S,0S
spot=15 brand=7 cell=46 stock=3 served=2 denied=0 agents=3S,0S
spot=16 brand=0 cell=552 stock=5 served=1 denied=0 agents=6S
spot=17 brand=1 cell=16 stock=8 served=3 denied=0 agents=7S,0S,3S
spot=18 brand=2 cell=281 stock=3 served=2 denied=0 agents=7S,3S
spot=19 brand=3 cell=288 stock=6 served=5 denied=0 agents=3S,1S,2S,4S,6S
spot=22 brand=6 cell=95 stock=2 served=1 denied=0 agents=0S
spot=23 brand=7 cell=529 stock=4 served=1 denied=0 agents=6S
sparse_agent=1 cap=50000 settled=50000 labels=51342 emitted_masks=153 protected_masks=28 retained=92 valid=92 best=8/48/376 mask=0x56EE37 protected=8/48/372 protected_mask=0x0
sparse_global_best=8/48/376 baseline=8/48/372 agent=1 mask=0x56EE37
sparse_protected_best=8/48/372 baseline=8/48/372 agent=-1 mask=0x0
sparse_best_plan=[[-1,2,2,2,3,2,2,2,2,3,0,0,0,0,0,0,0,0,0,0,0,0,5,5,5,5,5,5,5,1,1,1,2,2,2,2,2,2,1,3,3,4,4,4,4,0,0,0,0,0,0,5,5,2,2,2,2,3,2,2,2,2,2,2,2,3,3,4,4,4,-12],[-1,4,3,2,3,3,4,4,5,5,5,0,0,0,0,5,0,0,5,1,1,1,1,2,0,1,0,0,0,1,1,1,1,1,2,2,2,2,2,2,2,2,2,2,2,3,3,3,4,4,4,5,5,5,5,5,5,3,3,3,3,4,3,3,3,2,2,3,3,3,3,3,3,-5],[-1,2,2,2,3,2,2,2,2,3,4,4,4,4,4,4,4,5,0,0,5,0,0,0,0,0,0,0,0,0,0,0,0,1,0,0,1,0,0,5,0,5,5,5,5,5,3,3,3,3,4,4,4,4,4,4,2,3,3,3,2,3,2,3,2,2,2,2,3,3,3,-14],[-1,0,0,0,0,1,1,3,3,3,3,4,4,4,4,4,4,1,1,1,1,1,1,1,1,2,2,2,2,1,1,1,2,2,2,2,2,2,1,2,2,2,2,2,3,4,4,4,4,4,4,4,4,4,4,3,3,3,2,2,3,3,-27],[-1,1,1,1,2,2,2,2,2,2,2,1,2,4,4,4,4,4,4,4,5,0,0,5,0,0,0,0,0,0,0,0,0,0,0,0,1,0,0,1,0,0,5,0,5,5,5,5,5,3,3,3,3,4,4,4,4,4,4,3,4,3,3,3,3,-19],[2,2,2,2,2,3,2,3,-128],[-1,1,1,1,2,2,2,2,2,2,2,1,2,0,0,0,0,0,0,0,0,0,0,0,0,5,5,5,5,5,5,5,3,3,3,4,4,4,4,4,4,4,4,4,3,3,3,4,4,4,5,5,5,5,4,5,1,0,1,1,1,1,1,1,0,0,0,0,1,1,1,4,4,4,4,-3],[-1,2,1,1,1,1,1,1,1,0,0,0,0,0,0,0,1,0,0,0,1,0,1,0,0,4,5,4,4,4,5,5,5,5,5,1,1,1,1,2,2,3,3,3,3,3,3,3,3,3,3,4,4,4,4,5,5,5,5,5,5,5,5,5,-27]]
case_complete day=6 agent=1 exit=0
case_elapsed_ms day=6 agent=1 value=111

case_begin day=6 agent=2 started=2026-08-31T13:49:02.7363817+00:00 max_states=50000 max_routes=64
ledger_before=8/40/310
day_score=8/8/62
score_after=8/48/372
agent=0 kind=patrol claims=9 served=9 path_steps=144 raw_path_fuel=78 initial_fuel=361 spots=10:2,5:5,4:4,17:1,0:0,14:6,15:7,22:6,1:1 terminal=165:388
agent=1 kind=patrol claims=9 served=9 path_steps=144 raw_path_fuel=81 initial_fuel=315 spots=10:2,5:5,7:7,2:2,4:4,8:0,6:6,19:3,9:1 terminal=491:393
agent=2 kind=patrol claims=9 served=9 path_steps=144 raw_path_fuel=81 initial_fuel=361 spots=10:2,5:5,7:7,2:2,4:4,8:0,6:6,19:3,9:1 terminal=491:393
agent=3 kind=patrol claims=8 served=8 path_steps=144 raw_path_fuel=67 initial_fuel=426 spots=6:6,8:0,19:3,4:4,17:1,15:7,18:2,5:5 terminal=405:393
agent=4 kind=patrol claims=9 served=9 path_steps=144 raw_path_fuel=70 initial_fuel=399 spots=9:1,5:5,7:7,2:2,4:4,8:0,6:6,19:3,3:3 terminal=434:406
agent=5 kind=tanker claims=0 served=0 path_steps=144 raw_path_fuel=8 initial_fuel=432 spots= terminal=104:432
agent=6 kind=patrol claims=9 served=9 path_steps=144 raw_path_fuel=82 initial_fuel=399 spots=9:1,5:5,4:4,11:3,12:4,23:7,16:0,6:6,19:3 terminal=288:386
agent=7 kind=patrol claims=9 served=9 path_steps=144 raw_path_fuel=73 initial_fuel=360 spots=7:7,5:5,17:1,4:4,14:6,0:0,18:2,10:2,11:3 terminal=342:403
spot=0 brand=0 cell=159 stock=7 served=2 denied=0 agents=0S,7S
spot=1 brand=1 cell=165 stock=1 served=1 denied=0 agents=0S
spot=2 brand=2 cell=249 stock=3 served=3 denied=0 agents=1S,2S,4S
spot=3 brand=3 cell=434 stock=1 served=1 denied=0 agents=4S
spot=4 brand=4 cell=104 stock=8 served=7 denied=0 agents=0S,3S,6S,7S,1S,2S,4S
spot=5 brand=5 cell=405 stock=8 served=7 denied=0 agents=7S,0S,1S,2S,4S,6S,3S
spot=6 brand=6 cell=194 stock=7 served=5 denied=0 agents=3S,1S,2S,4S,6S
spot=7 brand=7 cell=569 stock=7 served=4 denied=0 agents=7S,1S,2S,4S
spot=8 brand=0 cell=49 stock=8 served=4 denied=0 agents=3S,1S,2S,4S
spot=9 brand=1 cell=491 stock=5 served=4 denied=0 agents=4S,6S,1S,2S
spot=10 brand=2 cell=349 stock=5 served=4 denied=0 agents=0S,1S,2S,7S
spot=11 brand=3 cell=342 stock=2 served=2 denied=0 agents=6S,7S
spot=12 brand=4 cell=533 stock=6 served=1 denied=0 agents=6S
spot=14 brand=6 cell=10 stock=4 served=2 denied=0 agents=7S,0S
spot=15 brand=7 cell=46 stock=3 served=2 denied=0 agents=3S,0S
spot=16 brand=0 cell=552 stock=5 served=1 denied=0 agents=6S
spot=17 brand=1 cell=16 stock=8 served=3 denied=0 agents=7S,0S,3S
spot=18 brand=2 cell=281 stock=3 served=2 denied=0 agents=7S,3S
spot=19 brand=3 cell=288 stock=6 served=5 denied=0 agents=3S,1S,2S,4S,6S
spot=22 brand=6 cell=95 stock=2 served=1 denied=0 agents=0S
spot=23 brand=7 cell=529 stock=4 served=1 denied=0 agents=6S
sparse_agent=2 cap=50000 settled=50000 labels=51342 emitted_masks=153 protected_masks=28 retained=92 valid=92 best=8/48/376 mask=0x56EE37 protected=8/48/372 protected_mask=0x0
sparse_global_best=8/48/376 baseline=8/48/372 agent=2 mask=0x56EE37
sparse_protected_best=8/48/372 baseline=8/48/372 agent=-1 mask=0x0
sparse_best_plan=[[-1,2,2,2,3,2,2,2,2,3,0,0,0,0,0,0,0,0,0,0,0,0,5,5,5,5,5,5,5,1,1,1,2,2,2,2,2,2,1,3,3,4,4,4,4,0,0,0,0,0,0,5,5,2,2,2,2,3,2,2,2,2,2,2,2,3,3,4,4,4,-12],[-1,2,2,2,3,2,2,2,2,3,4,4,4,4,4,4,4,5,0,0,5,0,0,0,0,0,0,0,0,0,0,0,0,1,0,0,1,0,0,5,0,5,5,5,5,5,3,3,3,3,4,4,4,4,4,4,2,3,3,3,2,3,2,3,2,2,2,2,3,3,3,-14],[-1,4,3,2,3,3,4,4,5,5,5,0,0,0,0,5,0,0,5,1,1,1,1,2,0,1,0,0,0,1,1,1,1,1,2,2,2,2,2,2,2,2,2,2,2,3,3,3,4,4,4,5,5,5,5,5,5,3,3,3,3,4,3,3,3,2,2,3,3,3,3,3,3,-5],[-1,0,0,0,0,1,1,3,3,3,3,4,4,4,4,4,4,1,1,1,1,1,1,1,1,2,2,2,2,1,1,1,2,2,2,2,2,2,1,2,2,2,2,2,3,4,4,4,4,4,4,4,4,4,4,3,3,3,2,2,3,3,-27],[-1,1,1,1,2,2,2,2,2,2,2,1,2,4,4,4,4,4,4,4,5,0,0,5,0,0,0,0,0,0,0,0,0,0,0,0,1,0,0,1,0,0,5,0,5,5,5,5,5,3,3,3,3,4,4,4,4,4,4,3,4,3,3,3,3,-19],[2,2,2,2,2,3,2,3,-128],[-1,1,1,1,2,2,2,2,2,2,2,1,2,0,0,0,0,0,0,0,0,0,0,0,0,5,5,5,5,5,5,5,3,3,3,4,4,4,4,4,4,4,4,4,3,3,3,4,4,4,5,5,5,5,4,5,1,0,1,1,1,1,1,1,0,0,0,0,1,1,1,4,4,4,4,-3],[-1,2,1,1,1,1,1,1,1,0,0,0,0,0,0,0,1,0,0,0,1,0,1,0,0,4,5,4,4,4,5,5,5,5,5,1,1,1,1,2,2,3,3,3,3,3,3,3,3,3,3,4,4,4,4,5,5,5,5,5,5,5,5,5,-27]]
case_complete day=6 agent=2 exit=0
case_elapsed_ms day=6 agent=2 value=111

case_begin day=6 agent=3 started=2026-08-31T13:49:02.8571055+00:00 max_states=50000 max_routes=64
ledger_before=8/40/310
day_score=8/8/62
score_after=8/48/372
agent=0 kind=patrol claims=9 served=9 path_steps=144 raw_path_fuel=78 initial_fuel=361 spots=10:2,5:5,4:4,17:1,0:0,14:6,15:7,22:6,1:1 terminal=165:388
agent=1 kind=patrol claims=9 served=9 path_steps=144 raw_path_fuel=81 initial_fuel=315 spots=10:2,5:5,7:7,2:2,4:4,8:0,6:6,19:3,9:1 terminal=491:393
agent=2 kind=patrol claims=9 served=9 path_steps=144 raw_path_fuel=81 initial_fuel=361 spots=10:2,5:5,7:7,2:2,4:4,8:0,6:6,19:3,9:1 terminal=491:393
agent=3 kind=patrol claims=8 served=8 path_steps=144 raw_path_fuel=67 initial_fuel=426 spots=6:6,8:0,19:3,4:4,17:1,15:7,18:2,5:5 terminal=405:393
agent=4 kind=patrol claims=9 served=9 path_steps=144 raw_path_fuel=70 initial_fuel=399 spots=9:1,5:5,7:7,2:2,4:4,8:0,6:6,19:3,3:3 terminal=434:406
agent=5 kind=tanker claims=0 served=0 path_steps=144 raw_path_fuel=8 initial_fuel=432 spots= terminal=104:432
agent=6 kind=patrol claims=9 served=9 path_steps=144 raw_path_fuel=82 initial_fuel=399 spots=9:1,5:5,4:4,11:3,12:4,23:7,16:0,6:6,19:3 terminal=288:386
agent=7 kind=patrol claims=9 served=9 path_steps=144 raw_path_fuel=73 initial_fuel=360 spots=7:7,5:5,17:1,4:4,14:6,0:0,18:2,10:2,11:3 terminal=342:403
spot=0 brand=0 cell=159 stock=7 served=2 denied=0 agents=0S,7S
spot=1 brand=1 cell=165 stock=1 served=1 denied=0 agents=0S
spot=2 brand=2 cell=249 stock=3 served=3 denied=0 agents=1S,2S,4S
spot=3 brand=3 cell=434 stock=1 served=1 denied=0 agents=4S
spot=4 brand=4 cell=104 stock=8 served=7 denied=0 agents=0S,3S,6S,7S,1S,2S,4S
spot=5 brand=5 cell=405 stock=8 served=7 denied=0 agents=7S,0S,1S,2S,4S,6S,3S
spot=6 brand=6 cell=194 stock=7 served=5 denied=0 agents=3S,1S,2S,4S,6S
spot=7 brand=7 cell=569 stock=7 served=4 denied=0 agents=7S,1S,2S,4S
spot=8 brand=0 cell=49 stock=8 served=4 denied=0 agents=3S,1S,2S,4S
spot=9 brand=1 cell=491 stock=5 served=4 denied=0 agents=4S,6S,1S,2S
spot=10 brand=2 cell=349 stock=5 served=4 denied=0 agents=0S,1S,2S,7S
spot=11 brand=3 cell=342 stock=2 served=2 denied=0 agents=6S,7S
spot=12 brand=4 cell=533 stock=6 served=1 denied=0 agents=6S
spot=14 brand=6 cell=10 stock=4 served=2 denied=0 agents=7S,0S
spot=15 brand=7 cell=46 stock=3 served=2 denied=0 agents=3S,0S
spot=16 brand=0 cell=552 stock=5 served=1 denied=0 agents=6S
spot=17 brand=1 cell=16 stock=8 served=3 denied=0 agents=7S,0S,3S
spot=18 brand=2 cell=281 stock=3 served=2 denied=0 agents=7S,3S
spot=19 brand=3 cell=288 stock=6 served=5 denied=0 agents=3S,1S,2S,4S,6S
spot=22 brand=6 cell=95 stock=2 served=1 denied=0 agents=0S
spot=23 brand=7 cell=529 stock=4 served=1 denied=0 agents=6S
sparse_agent=3 cap=50000 settled=50000 labels=51384 emitted_masks=206 protected_masks=26 retained=86 valid=86 best=8/48/378 mask=0xFF966A protected=8/48/372 protected_mask=0x0
sparse_global_best=8/48/378 baseline=8/48/372 agent=3 mask=0xFF966A
sparse_protected_best=8/48/372 baseline=8/48/372 agent=-1 mask=0x0
sparse_best_plan=[[-1,2,2,2,3,2,2,2,2,3,0,0,0,0,0,0,0,0,0,0,0,0,5,5,5,5,5,5,5,1,1,1,2,2,2,2,2,2,1,3,3,4,4,4,4,0,0,0,0,0,0,5,5,2,2,2,2,3,2,2,2,2,2,2,2,3,3,4,4,4,-12],[-1,2,2,2,3,2,2,2,2,3,4,4,4,4,4,4,4,5,0,0,5,0,0,0,0,0,0,0,0,0,0,0,0,1,0,0,1,0,0,5,0,5,5,5,5,5,3,3,3,3,4,4,4,4,4,4,2,3,3,3,2,3,2,3,2,2,2,2,3,3,3,-14],[-1,2,2,2,3,2,2,2,2,3,4,4,4,4,4,4,4,5,0,0,5,0,0,0,0,0,0,0,0,0,0,0,0,1,0,0,1,0,0,5,0,5,5,5,5,5,3,3,3,3,4,4,4,4,4,4,2,3,3,3,2,3,2,3,2,2,2,2,3,3,3,-14],[-1,4,4,4,4,3,4,3,3,3,3,3,4,4,4,4,5,1,2,2,2,2,2,1,1,2,2,2,2,2,1,1,2,2,2,0,0,0,0,2,1,1,1,2,3,3,3,2,2,3,3,0,1,1,1,1,0,1,0,0,0,1,1,1,0,0,0,5,5,5,5,5],[-1,1,1,1,2,2,2,2,2,2,2,1,2,4,4,4,4,4,4,4,5,0,0,5,0,0,0,0,0,0,0,0,0,0,0,0,1,0,0,1,0,0,5,0,5,5,5,5,5,3,3,3,3,4,4,4,4,4,4,3,4,3,3,3,3,-19],[2,2,2,2,2,3,2,3,-128],[-1,1,1,1,2,2,2,2,2,2,2,1,2,0,0,0,0,0,0,0,0,0,0,0,0,5,5,5,5,5,5,5,3,3,3,4,4,4,4,4,4,4,4,4,3,3,3,4,4,4,5,5,5,5,4,5,1,0,1,1,1,1,1,1,0,0,0,0,1,1,1,4,4,4,4,-3],[-1,2,1,1,1,1,1,1,1,0,0,0,0,0,0,0,1,0,0,0,1,0,1,0,0,4,5,4,4,4,5,5,5,5,5,1,1,1,1,2,2,3,3,3,3,3,3,3,3,3,3,4,4,4,4,5,5,5,5,5,5,5,5,5,-27]]
case_complete day=6 agent=3 exit=0
case_elapsed_ms day=6 agent=3 value=106

case_begin day=6 agent=4 started=2026-08-31T13:49:02.9714238+00:00 max_states=50000 max_routes=64
ledger_before=8/40/310
day_score=8/8/62
score_after=8/48/372
agent=0 kind=patrol claims=9 served=9 path_steps=144 raw_path_fuel=78 initial_fuel=361 spots=10:2,5:5,4:4,17:1,0:0,14:6,15:7,22:6,1:1 terminal=165:388
agent=1 kind=patrol claims=9 served=9 path_steps=144 raw_path_fuel=81 initial_fuel=315 spots=10:2,5:5,7:7,2:2,4:4,8:0,6:6,19:3,9:1 terminal=491:393
agent=2 kind=patrol claims=9 served=9 path_steps=144 raw_path_fuel=81 initial_fuel=361 spots=10:2,5:5,7:7,2:2,4:4,8:0,6:6,19:3,9:1 terminal=491:393
agent=3 kind=patrol claims=8 served=8 path_steps=144 raw_path_fuel=67 initial_fuel=426 spots=6:6,8:0,19:3,4:4,17:1,15:7,18:2,5:5 terminal=405:393
agent=4 kind=patrol claims=9 served=9 path_steps=144 raw_path_fuel=70 initial_fuel=399 spots=9:1,5:5,7:7,2:2,4:4,8:0,6:6,19:3,3:3 terminal=434:406
agent=5 kind=tanker claims=0 served=0 path_steps=144 raw_path_fuel=8 initial_fuel=432 spots= terminal=104:432
agent=6 kind=patrol claims=9 served=9 path_steps=144 raw_path_fuel=82 initial_fuel=399 spots=9:1,5:5,4:4,11:3,12:4,23:7,16:0,6:6,19:3 terminal=288:386
agent=7 kind=patrol claims=9 served=9 path_steps=144 raw_path_fuel=73 initial_fuel=360 spots=7:7,5:5,17:1,4:4,14:6,0:0,18:2,10:2,11:3 terminal=342:403
spot=0 brand=0 cell=159 stock=7 served=2 denied=0 agents=0S,7S
spot=1 brand=1 cell=165 stock=1 served=1 denied=0 agents=0S
spot=2 brand=2 cell=249 stock=3 served=3 denied=0 agents=1S,2S,4S
spot=3 brand=3 cell=434 stock=1 served=1 denied=0 agents=4S
spot=4 brand=4 cell=104 stock=8 served=7 denied=0 agents=0S,3S,6S,7S,1S,2S,4S
spot=5 brand=5 cell=405 stock=8 served=7 denied=0 agents=7S,0S,1S,2S,4S,6S,3S
spot=6 brand=6 cell=194 stock=7 served=5 denied=0 agents=3S,1S,2S,4S,6S
spot=7 brand=7 cell=569 stock=7 served=4 denied=0 agents=7S,1S,2S,4S
spot=8 brand=0 cell=49 stock=8 served=4 denied=0 agents=3S,1S,2S,4S
spot=9 brand=1 cell=491 stock=5 served=4 denied=0 agents=4S,6S,1S,2S
spot=10 brand=2 cell=349 stock=5 served=4 denied=0 agents=0S,1S,2S,7S
spot=11 brand=3 cell=342 stock=2 served=2 denied=0 agents=6S,7S
spot=12 brand=4 cell=533 stock=6 served=1 denied=0 agents=6S
spot=14 brand=6 cell=10 stock=4 served=2 denied=0 agents=7S,0S
spot=15 brand=7 cell=46 stock=3 served=2 denied=0 agents=3S,0S
spot=16 brand=0 cell=552 stock=5 served=1 denied=0 agents=6S
spot=17 brand=1 cell=16 stock=8 served=3 denied=0 agents=7S,0S,3S
spot=18 brand=2 cell=281 stock=3 served=2 denied=0 agents=7S,3S
spot=19 brand=3 cell=288 stock=6 served=5 denied=0 agents=3S,1S,2S,4S,6S
spot=22 brand=6 cell=95 stock=2 served=1 denied=0 agents=0S
spot=23 brand=7 cell=529 stock=4 served=1 denied=0 agents=6S
sparse_agent=4 cap=50000 settled=50000 labels=51426 emitted_masks=335 protected_masks=68 retained=124 valid=124 best=8/48/378 mask=0xDFC65B protected=8/48/372 protected_mask=0x0
sparse_global_best=8/48/378 baseline=8/48/372 agent=4 mask=0xDFC65B
sparse_protected_best=8/48/372 baseline=8/48/372 agent=-1 mask=0x0
sparse_best_plan=[[-1,2,2,2,3,2,2,2,2,3,0,0,0,0,0,0,0,0,0,0,0,0,5,5,5,5,5,5,5,1,1,1,2,2,2,2,2,2,1,3,3,4,4,4,4,0,0,0,0,0,0,5,5,2,2,2,2,3,2,2,2,2,2,2,2,3,3,4,4,4,-12],[-1,2,2,2,3,2,2,2,2,3,4,4,4,4,4,4,4,5,0,0,5,0,0,0,0,0,0,0,0,0,0,0,0,1,0,0,1,0,0,5,0,5,5,5,5,5,3,3,3,3,4,4,4,4,4,4,2,3,3,3,2,3,2,3,2,2,2,2,3,3,3,-14],[-1,2,2,2,3,2,2,2,2,3,4,4,4,4,4,4,4,5,0,0,5,0,0,0,0,0,0,0,0,0,0,0,0,1,0,0,1,0,0,5,0,5,5,5,5,5,3,3,3,3,4,4,4,4,4,4,2,3,3,3,2,3,2,3,2,2,2,2,3,3,3,-14],[-1,0,0,0,0,1,1,3,3,3,3,4,4,4,4,4,4,1,1,1,1,1,1,1,1,2,2,2,2,1,1,1,2,2,2,2,2,2,1,2,2,2,2,2,3,4,4,4,4,4,4,4,4,4,4,3,3,3,2,2,3,3,-27],[-1,1,1,2,2,2,0,0,0,0,2,1,1,1,2,0,0,0,0,1,2,2,2,2,2,2,1,1,1,0,0,0,5,5,5,5,5,5,5,5,5,5,5,4,4,4,4,5,4,4,4,4,5,5,5,4,4,4,4,3,4,3,3,3,3,3,4,4,4,4,5],[2,2,2,2,2,3,2,3,-128],[-1,1,1,1,2,2,2,2,2,2,2,1,2,0,0,0,0,0,0,0,0,0,0,0,0,5,5,5,5,5,5,5,3,3,3,4,4,4,4,4,4,4,4,4,3,3,3,4,4,4,5,5,5,5,4,5,1,0,1,1,1,1,1,1,0,0,0,0,1,1,1,4,4,4,4,-3],[-1,2,1,1,1,1,1,1,1,0,0,0,0,0,0,0,1,0,0,0,1,0,1,0,0,4,5,4,4,4,5,5,5,5,5,1,1,1,1,2,2,3,3,3,3,3,3,3,3,3,3,4,4,4,4,5,5,5,5,5,5,5,5,5,-27]]
case_complete day=6 agent=4 exit=0
case_elapsed_ms day=6 agent=4 value=105

case_begin day=6 agent=6 started=2026-08-31T13:49:03.0852129+00:00 max_states=50000 max_routes=64
ledger_before=8/40/310
day_score=8/8/62
score_after=8/48/372
agent=0 kind=patrol claims=9 served=9 path_steps=144 raw_path_fuel=78 initial_fuel=361 spots=10:2,5:5,4:4,17:1,0:0,14:6,15:7,22:6,1:1 terminal=165:388
agent=1 kind=patrol claims=9 served=9 path_steps=144 raw_path_fuel=81 initial_fuel=315 spots=10:2,5:5,7:7,2:2,4:4,8:0,6:6,19:3,9:1 terminal=491:393
agent=2 kind=patrol claims=9 served=9 path_steps=144 raw_path_fuel=81 initial_fuel=361 spots=10:2,5:5,7:7,2:2,4:4,8:0,6:6,19:3,9:1 terminal=491:393
agent=3 kind=patrol claims=8 served=8 path_steps=144 raw_path_fuel=67 initial_fuel=426 spots=6:6,8:0,19:3,4:4,17:1,15:7,18:2,5:5 terminal=405:393
agent=4 kind=patrol claims=9 served=9 path_steps=144 raw_path_fuel=70 initial_fuel=399 spots=9:1,5:5,7:7,2:2,4:4,8:0,6:6,19:3,3:3 terminal=434:406
agent=5 kind=tanker claims=0 served=0 path_steps=144 raw_path_fuel=8 initial_fuel=432 spots= terminal=104:432
agent=6 kind=patrol claims=9 served=9 path_steps=144 raw_path_fuel=82 initial_fuel=399 spots=9:1,5:5,4:4,11:3,12:4,23:7,16:0,6:6,19:3 terminal=288:386
agent=7 kind=patrol claims=9 served=9 path_steps=144 raw_path_fuel=73 initial_fuel=360 spots=7:7,5:5,17:1,4:4,14:6,0:0,18:2,10:2,11:3 terminal=342:403
spot=0 brand=0 cell=159 stock=7 served=2 denied=0 agents=0S,7S
spot=1 brand=1 cell=165 stock=1 served=1 denied=0 agents=0S
spot=2 brand=2 cell=249 stock=3 served=3 denied=0 agents=1S,2S,4S
spot=3 brand=3 cell=434 stock=1 served=1 denied=0 agents=4S
spot=4 brand=4 cell=104 stock=8 served=7 denied=0 agents=0S,3S,6S,7S,1S,2S,4S
spot=5 brand=5 cell=405 stock=8 served=7 denied=0 agents=7S,0S,1S,2S,4S,6S,3S
spot=6 brand=6 cell=194 stock=7 served=5 denied=0 agents=3S,1S,2S,4S,6S
spot=7 brand=7 cell=569 stock=7 served=4 denied=0 agents=7S,1S,2S,4S
spot=8 brand=0 cell=49 stock=8 served=4 denied=0 agents=3S,1S,2S,4S
spot=9 brand=1 cell=491 stock=5 served=4 denied=0 agents=4S,6S,1S,2S
spot=10 brand=2 cell=349 stock=5 served=4 denied=0 agents=0S,1S,2S,7S
spot=11 brand=3 cell=342 stock=2 served=2 denied=0 agents=6S,7S
spot=12 brand=4 cell=533 stock=6 served=1 denied=0 agents=6S
spot=14 brand=6 cell=10 stock=4 served=2 denied=0 agents=7S,0S
spot=15 brand=7 cell=46 stock=3 served=2 denied=0 agents=3S,0S
spot=16 brand=0 cell=552 stock=5 served=1 denied=0 agents=6S
spot=17 brand=1 cell=16 stock=8 served=3 denied=0 agents=7S,0S,3S
spot=18 brand=2 cell=281 stock=3 served=2 denied=0 agents=7S,3S
spot=19 brand=3 cell=288 stock=6 served=5 denied=0 agents=3S,1S,2S,4S,6S
spot=22 brand=6 cell=95 stock=2 served=1 denied=0 agents=0S
spot=23 brand=7 cell=529 stock=4 served=1 denied=0 agents=6S
sparse_agent=6 cap=50000 settled=50000 labels=51426 emitted_masks=335 protected_masks=36 retained=98 valid=98 best=8/48/377 mask=0xD7DE17 protected=8/48/372 protected_mask=0x0
sparse_global_best=8/48/377 baseline=8/48/372 agent=6 mask=0xD7DE17
sparse_protected_best=8/48/372 baseline=8/48/372 agent=-1 mask=0x0
sparse_best_plan=[[-1,2,2,2,3,2,2,2,2,3,0,0,0,0,0,0,0,0,0,0,0,0,5,5,5,5,5,5,5,1,1,1,2,2,2,2,2,2,1,3,3,4,4,4,4,0,0,0,0,0,0,5,5,2,2,2,2,3,2,2,2,2,2,2,2,3,3,4,4,4,-12],[-1,2,2,2,3,2,2,2,2,3,4,4,4,4,4,4,4,5,0,0,5,0,0,0,0,0,0,0,0,0,0,0,0,1,0,0,1,0,0,5,0,5,5,5,5,5,3,3,3,3,4,4,4,4,4,4,2,3,3,3,2,3,2,3,2,2,2,2,3,3,3,-14],[-1,2,2,2,3,2,2,2,2,3,4,4,4,4,4,4,4,5,0,0,5,0,0,0,0,0,0,0,0,0,0,0,0,1,0,0,1,0,0,5,0,5,5,5,5,5,3,3,3,3,4,4,4,4,4,4,2,3,3,3,2,3,2,3,2,2,2,2,3,3,3,-14],[-1,0,0,0,0,1,1,3,3,3,3,4,4,4,4,4,4,1,1,1,1,1,1,1,1,2,2,2,2,1,1,1,2,2,2,2,2,2,1,2,2,2,2,2,3,4,4,4,4,4,4,4,4,4,4,3,3,3,2,2,3,3,-27],[-1,1,1,1,2,2,2,2,2,2,2,1,2,4,4,4,4,4,4,4,5,0,0,5,0,0,0,0,0,0,0,0,0,0,0,0,1,0,0,1,0,0,5,0,5,5,5,5,5,3,3,3,3,4,4,4,4,4,4,3,4,3,3,3,3,-19],[2,2,2,2,2,3,2,3,-128],[-1,1,1,2,2,2,0,0,0,0,2,1,1,1,2,0,0,0,0,1,2,2,2,2,2,2,1,1,1,0,0,0,5,5,5,5,5,5,5,5,5,5,5,4,4,4,4,3,3,3,3,4,4,4,4,4,4,5,4,4,3,3,3,4,4,4,5,5,5,5,4,5,-1],[-1,2,1,1,1,1,1,1,1,0,0,0,0,0,0,0,1,0,0,0,1,0,1,0,0,4,5,4,4,4,5,5,5,5,5,1,1,1,1,2,2,3,3,3,3,3,3,3,3,3,3,4,4,4,4,5,5,5,5,5,5,5,5,5,-27]]
case_complete day=6 agent=6 exit=0
case_elapsed_ms day=6 agent=6 value=91

case_begin day=6 agent=7 started=2026-08-31T13:49:03.1808557+00:00 max_states=50000 max_routes=64
ledger_before=8/40/310
day_score=8/8/62
score_after=8/48/372
agent=0 kind=patrol claims=9 served=9 path_steps=144 raw_path_fuel=78 initial_fuel=361 spots=10:2,5:5,4:4,17:1,0:0,14:6,15:7,22:6,1:1 terminal=165:388
agent=1 kind=patrol claims=9 served=9 path_steps=144 raw_path_fuel=81 initial_fuel=315 spots=10:2,5:5,7:7,2:2,4:4,8:0,6:6,19:3,9:1 terminal=491:393
agent=2 kind=patrol claims=9 served=9 path_steps=144 raw_path_fuel=81 initial_fuel=361 spots=10:2,5:5,7:7,2:2,4:4,8:0,6:6,19:3,9:1 terminal=491:393
agent=3 kind=patrol claims=8 served=8 path_steps=144 raw_path_fuel=67 initial_fuel=426 spots=6:6,8:0,19:3,4:4,17:1,15:7,18:2,5:5 terminal=405:393
agent=4 kind=patrol claims=9 served=9 path_steps=144 raw_path_fuel=70 initial_fuel=399 spots=9:1,5:5,7:7,2:2,4:4,8:0,6:6,19:3,3:3 terminal=434:406
agent=5 kind=tanker claims=0 served=0 path_steps=144 raw_path_fuel=8 initial_fuel=432 spots= terminal=104:432
agent=6 kind=patrol claims=9 served=9 path_steps=144 raw_path_fuel=82 initial_fuel=399 spots=9:1,5:5,4:4,11:3,12:4,23:7,16:0,6:6,19:3 terminal=288:386
agent=7 kind=patrol claims=9 served=9 path_steps=144 raw_path_fuel=73 initial_fuel=360 spots=7:7,5:5,17:1,4:4,14:6,0:0,18:2,10:2,11:3 terminal=342:403
spot=0 brand=0 cell=159 stock=7 served=2 denied=0 agents=0S,7S
spot=1 brand=1 cell=165 stock=1 served=1 denied=0 agents=0S
spot=2 brand=2 cell=249 stock=3 served=3 denied=0 agents=1S,2S,4S
spot=3 brand=3 cell=434 stock=1 served=1 denied=0 agents=4S
spot=4 brand=4 cell=104 stock=8 served=7 denied=0 agents=0S,3S,6S,7S,1S,2S,4S
spot=5 brand=5 cell=405 stock=8 served=7 denied=0 agents=7S,0S,1S,2S,4S,6S,3S
spot=6 brand=6 cell=194 stock=7 served=5 denied=0 agents=3S,1S,2S,4S,6S
spot=7 brand=7 cell=569 stock=7 served=4 denied=0 agents=7S,1S,2S,4S
spot=8 brand=0 cell=49 stock=8 served=4 denied=0 agents=3S,1S,2S,4S
spot=9 brand=1 cell=491 stock=5 served=4 denied=0 agents=4S,6S,1S,2S
spot=10 brand=2 cell=349 stock=5 served=4 denied=0 agents=0S,1S,2S,7S
spot=11 brand=3 cell=342 stock=2 served=2 denied=0 agents=6S,7S
spot=12 brand=4 cell=533 stock=6 served=1 denied=0 agents=6S
spot=14 brand=6 cell=10 stock=4 served=2 denied=0 agents=7S,0S
spot=15 brand=7 cell=46 stock=3 served=2 denied=0 agents=3S,0S
spot=16 brand=0 cell=552 stock=5 served=1 denied=0 agents=6S
spot=17 brand=1 cell=16 stock=8 served=3 denied=0 agents=7S,0S,3S
spot=18 brand=2 cell=281 stock=3 served=2 denied=0 agents=7S,3S
spot=19 brand=3 cell=288 stock=6 served=5 denied=0 agents=3S,1S,2S,4S,6S
spot=22 brand=6 cell=95 stock=2 served=1 denied=0 agents=0S
spot=23 brand=7 cell=529 stock=4 served=1 denied=0 agents=6S
sparse_agent=7 cap=50000 settled=50000 labels=51425 emitted_masks=371 protected_masks=51 retained=112 valid=112 best=8/48/377 mask=0xD7DC93 protected=8/48/372 protected_mask=0x0
sparse_global_best=8/48/377 baseline=8/48/372 agent=7 mask=0xD7DC93
sparse_protected_best=8/48/372 baseline=8/48/372 agent=-1 mask=0x0
sparse_best_plan=[[-1,2,2,2,3,2,2,2,2,3,0,0,0,0,0,0,0,0,0,0,0,0,5,5,5,5,5,5,5,1,1,1,2,2,2,2,2,2,1,3,3,4,4,4,4,0,0,0,0,0,0,5,5,2,2,2,2,3,2,2,2,2,2,2,2,3,3,4,4,4,-12],[-1,2,2,2,3,2,2,2,2,3,4,4,4,4,4,4,4,5,0,0,5,0,0,0,0,0,0,0,0,0,0,0,0,1,0,0,1,0,0,5,0,5,5,5,5,5,3,3,3,3,4,4,4,4,4,4,2,3,3,3,2,3,2,3,2,2,2,2,3,3,3,-14],[-1,2,2,2,3,2,2,2,2,3,4,4,4,4,4,4,4,5,0,0,5,0,0,0,0,0,0,0,0,0,0,0,0,1,0,0,1,0,0,5,0,5,5,5,5,5,3,3,3,3,4,4,4,4,4,4,2,3,3,3,2,3,2,3,2,2,2,2,3,3,3,-14],[-1,0,0,0,0,1,1,3,3,3,3,4,4,4,4,4,4,1,1,1,1,1,1,1,1,2,2,2,2,1,1,1,2,2,2,2,2,2,1,2,2,2,2,2,3,4,4,4,4,4,4,4,4,4,4,3,3,3,2,2,3,3,-27],[-1,1,1,1,2,2,2,2,2,2,2,1,2,4,4,4,4,4,4,4,5,0,0,5,0,0,0,0,0,0,0,0,0,0,0,0,1,0,0,1,0,0,5,0,5,5,5,5,5,3,3,3,3,4,4,4,4,4,4,3,4,3,3,3,3,-19],[2,2,2,2,2,3,2,3,-128],[-1,1,1,1,2,2,2,2,2,2,2,1,2,0,0,0,0,0,0,0,0,0,0,0,0,5,5,5,5,5,5,5,3,3,3,4,4,4,4,4,4,4,4,4,3,3,3,4,4,4,5,5,5,5,4,5,1,0,1,1,1,1,1,1,0,0,0,0,1,1,1,4,4,4,4,-3],[-1,0,0,5,0,1,1,0,0,0,0,2,1,1,1,2,0,0,0,0,1,2,2,2,2,2,2,1,1,1,0,0,0,5,5,5,5,5,5,5,5,5,5,5,4,4,4,4,3,3,3,4,4,4,4,4,4,4,4,4,3,3,3,4,4,4,5,5,5,5,4,5,-1]]
case_complete day=6 agent=7 exit=0
case_elapsed_ms day=6 agent=7 value=114

case_begin day=7 agent=0 started=2026-08-31T13:49:03.3043232+00:00 max_states=50000 max_routes=64
ledger_before=8/48/372
day_score=8/8/65
score_after=8/56/437
agent=0 kind=patrol claims=10 served=10 path_steps=144 raw_path_fuel=85 initial_fuel=388 spots=1:1,17:1,5:5,18:2,4:4,8:0,6:6,19:3,23:7,16:0 terminal=552:303
agent=1 kind=patrol claims=9 served=9 path_steps=144 raw_path_fuel=101 initial_fuel=393 spots=9:1,5:5,7:7,10:2,4:4,17:1,0:0,14:6,8:0 terminal=49:406
agent=2 kind=patrol claims=9 served=9 path_steps=144 raw_path_fuel=101 initial_fuel=393 spots=9:1,5:5,7:7,10:2,4:4,17:1,0:0,14:6,8:0 terminal=49:406
agent=3 kind=patrol claims=9 served=9 path_steps=144 raw_path_fuel=104 initial_fuel=393 spots=5:5,18:2,4:4,10:2,7:7,0:0,17:1,14:6,8:0 terminal=49:415
agent=4 kind=patrol claims=11 served=10 path_steps=144 raw_path_fuel=98 initial_fuel=406 spots=3:3,19:3,6:6,4:4,11:3,12:4,5:5,18:2,0:0,17:1,15:7 terminal=46:426
agent=5 kind=tanker claims=0 served=0 path_steps=144 raw_path_fuel=11 initial_fuel=432 spots= terminal=16:432
agent=6 kind=patrol claims=9 served=9 path_steps=144 raw_path_fuel=64 initial_fuel=386 spots=19:3,6:6,4:4,18:2,5:5,0:0,17:1,15:7,22:6 terminal=95:423
agent=7 kind=patrol claims=10 served=9 path_steps=144 raw_path_fuel=73 initial_fuel=403 spots=11:3,4:4,6:6,8:0,14:6,17:1,15:7,18:2,5:5,13:5 terminal=503:400
spot=0 brand=0 cell=159 stock=7 served=5 denied=0 agents=6S,3S,1S,2S,4S
spot=1 brand=1 cell=165 stock=1 served=1 denied=0 agents=0S
spot=3 brand=3 cell=434 stock=1 served=1 denied=0 agents=4S
spot=4 brand=4 cell=104 stock=8 served=7 denied=0 agents=7S,6S,4S,3S,1S,2S,0S
spot=5 brand=5 cell=405 stock=8 served=7 denied=0 agents=3S,1S,2S,0S,6S,4S,7S
spot=6 brand=6 cell=194 stock=7 served=4 denied=0 agents=6S,4S,7S,0S
spot=7 brand=7 cell=569 stock=7 served=3 denied=0 agents=1S,2S,3S
spot=8 brand=0 cell=49 stock=8 served=5 denied=0 agents=7S,0S,1S,2S,3S
spot=9 brand=1 cell=491 stock=5 served=2 denied=0 agents=1S,2S
spot=10 brand=2 cell=349 stock=5 served=3 denied=0 agents=1S,2S,3S
spot=11 brand=3 cell=342 stock=2 served=2 denied=0 agents=7S,4S
spot=12 brand=4 cell=533 stock=6 served=1 denied=0 agents=4S
spot=13 brand=5 cell=503 stock=3 served=1 denied=0 agents=7S
spot=14 brand=6 cell=10 stock=4 served=4 denied=0 agents=7S,1S,2S,3S
spot=15 brand=7 cell=46 stock=3 served=3 denied=0 agents=7S,6S,4S
spot=16 brand=0 cell=552 stock=5 served=1 denied=0 agents=0S
spot=17 brand=1 cell=16 stock=8 served=7 denied=0 agents=0S,7S,6S,1S,2S,3S,4S
spot=18 brand=2 cell=281 stock=3 served=3 denied=2 agents=3S,6S,0S,4D,7D
spot=19 brand=3 cell=288 stock=6 served=3 denied=0 agents=6S,4S,0S
spot=22 brand=6 cell=95 stock=2 served=1 denied=0 agents=6S
spot=23 brand=7 cell=529 stock=4 served=1 denied=0 agents=0S
sparse_agent=0 cap=50000 settled=50000 labels=51268 emitted_masks=186 protected_masks=31 retained=91 valid=91 best=8/56/440 mask=0xDF8E4F protected=8/56/437 protected_mask=0x0
sparse_global_best=8/56/440 baseline=8/56/437 agent=0 mask=0xDF8E4F
sparse_protected_best=8/56/437 baseline=8/56/437 agent=-1 mask=0x0
sparse_best_plan=[[-1,1,1,1,0,0,0,5,5,5,5,5,3,4,4,3,4,4,3,3,3,3,4,4,4,4,5,5,3,3,3,3,4,4,5,5,5,0,0,0,0,5,0,0,5,1,1,1,1,2,5,5,0,0,5,5,5,5,4,4,4,4,3,3,3,3,3,4,3,4,4,4,4,5,-3],[-1,1,1,1,1,1,2,2,2,2,2,2,2,3,4,5,5,5,4,4,3,4,3,4,0,1,1,0,1,0,0,0,5,5,0,0,0,0,0,0,0,0,0,0,0,1,1,1,2,2,2,2,2,2,1,3,4,4,3,4,4,0,0,0,0,0,0,5,5,5,5,5,5,4,4,5,5,5,5,-6],[-1,1,1,1,1,1,2,2,2,2,2,2,2,3,4,5,5,5,4,4,3,4,3,4,0,1,1,0,1,0,0,0,5,5,0,0,0,0,0,0,0,0,0,0,0,1,1,1,2,2,2,2,2,2,1,3,4,4,3,4,4,0,0,0,0,0,0,5,5,5,5,5,5,4,4,5,5,5,5,-6],[-1,0,0,5,5,0,0,0,0,0,0,0,5,5,0,0,0,5,5,5,3,3,3,3,3,3,3,3,3,3,3,2,2,3,3,3,4,3,4,3,4,0,1,1,0,1,1,1,0,1,0,0,1,0,0,0,0,0,0,1,1,1,0,1,5,5,5,5,5,5,5,5,5,5,4,4,5,5,5,5,-5],[-1,0,1,0,0,0,0,1,1,1,1,1,1,1,1,2,2,2,2,3,3,3,4,4,4,4,4,4,4,4,4,3,3,3,4,4,4,1,1,1,1,1,1,2,2,2,2,2,1,2,2,2,2,2,2,2,3,0,0,5,5,0,0,0,0,0,0,0,1,0,1,1,1,0,1,2,2,2,2,2,3,-1],[1,1,1,2,2,2,2,2,2,1,-125],[-1,1,1,1,1,1,1,1,1,2,2,2,2,2,2,2,3,3,3,2,2,3,3,3,3,3,3,3,2,2,3,3,0,0,0,0,0,0,5,0,0,0,0,0,1,1,1,0,1,2,2,2,2,2,3,3,3,-37],[-1,0,0,1,1,1,1,1,1,1,0,5,4,4,4,5,5,5,4,0,0,0,0,1,1,1,1,2,2,2,2,2,2,2,2,2,2,2,2,2,2,2,2,2,2,2,3,4,4,4,4,4,4,4,4,4,4,3,3,3,2,2,3,3,3,3,3,3,-13]]
case_complete day=7 agent=0 exit=0
case_elapsed_ms day=7 agent=0 value=99

case_begin day=7 agent=1 started=2026-08-31T13:49:03.4121037+00:00 max_states=50000 max_routes=64
ledger_before=8/48/372
day_score=8/8/65
score_after=8/56/437
agent=0 kind=patrol claims=10 served=10 path_steps=144 raw_path_fuel=85 initial_fuel=388 spots=1:1,17:1,5:5,18:2,4:4,8:0,6:6,19:3,23:7,16:0 terminal=552:303
agent=1 kind=patrol claims=9 served=9 path_steps=144 raw_path_fuel=101 initial_fuel=393 spots=9:1,5:5,7:7,10:2,4:4,17:1,0:0,14:6,8:0 terminal=49:406
agent=2 kind=patrol claims=9 served=9 path_steps=144 raw_path_fuel=101 initial_fuel=393 spots=9:1,5:5,7:7,10:2,4:4,17:1,0:0,14:6,8:0 terminal=49:406
agent=3 kind=patrol claims=9 served=9 path_steps=144 raw_path_fuel=104 initial_fuel=393 spots=5:5,18:2,4:4,10:2,7:7,0:0,17:1,14:6,8:0 terminal=49:415
agent=4 kind=patrol claims=11 served=10 path_steps=144 raw_path_fuel=98 initial_fuel=406 spots=3:3,19:3,6:6,4:4,11:3,12:4,5:5,18:2,0:0,17:1,15:7 terminal=46:426
agent=5 kind=tanker claims=0 served=0 path_steps=144 raw_path_fuel=11 initial_fuel=432 spots= terminal=16:432
agent=6 kind=patrol claims=9 served=9 path_steps=144 raw_path_fuel=64 initial_fuel=386 spots=19:3,6:6,4:4,18:2,5:5,0:0,17:1,15:7,22:6 terminal=95:423
agent=7 kind=patrol claims=10 served=9 path_steps=144 raw_path_fuel=73 initial_fuel=403 spots=11:3,4:4,6:6,8:0,14:6,17:1,15:7,18:2,5:5,13:5 terminal=503:400
spot=0 brand=0 cell=159 stock=7 served=5 denied=0 agents=6S,3S,1S,2S,4S
spot=1 brand=1 cell=165 stock=1 served=1 denied=0 agents=0S
spot=3 brand=3 cell=434 stock=1 served=1 denied=0 agents=4S
spot=4 brand=4 cell=104 stock=8 served=7 denied=0 agents=7S,6S,4S,3S,1S,2S,0S
spot=5 brand=5 cell=405 stock=8 served=7 denied=0 agents=3S,1S,2S,0S,6S,4S,7S
spot=6 brand=6 cell=194 stock=7 served=4 denied=0 agents=6S,4S,7S,0S
spot=7 brand=7 cell=569 stock=7 served=3 denied=0 agents=1S,2S,3S
spot=8 brand=0 cell=49 stock=8 served=5 denied=0 agents=7S,0S,1S,2S,3S
spot=9 brand=1 cell=491 stock=5 served=2 denied=0 agents=1S,2S
spot=10 brand=2 cell=349 stock=5 served=3 denied=0 agents=1S,2S,3S
spot=11 brand=3 cell=342 stock=2 served=2 denied=0 agents=7S,4S
spot=12 brand=4 cell=533 stock=6 served=1 denied=0 agents=4S
spot=13 brand=5 cell=503 stock=3 served=1 denied=0 agents=7S
spot=14 brand=6 cell=10 stock=4 served=4 denied=0 agents=7S,1S,2S,3S
spot=15 brand=7 cell=46 stock=3 served=3 denied=0 agents=7S,6S,4S
spot=16 brand=0 cell=552 stock=5 served=1 denied=0 agents=0S
spot=17 brand=1 cell=16 stock=8 served=7 denied=0 agents=0S,7S,6S,1S,2S,3S,4S
spot=18 brand=2 cell=281 stock=3 served=3 denied=2 agents=3S,6S,0S,4D,7D
spot=19 brand=3 cell=288 stock=6 served=3 denied=0 agents=6S,4S,0S
spot=22 brand=6 cell=95 stock=2 served=1 denied=0 agents=6S
spot=23 brand=7 cell=529 stock=4 served=1 denied=0 agents=0S
sparse_agent=1 cap=50000 settled=50000 labels=51227 emitted_masks=158 protected_masks=9 retained=72 valid=72 best=8/56/439 mask=0xF79E23 protected=8/56/437 protected_mask=0x0
sparse_global_best=8/56/439 baseline=8/56/437 agent=1 mask=0xF79E23
sparse_protected_best=8/56/437 baseline=8/56/437 agent=-1 mask=0x0
sparse_best_plan=[[-1,0,0,0,0,0,0,5,5,3,4,4,3,3,3,3,3,3,4,3,3,3,3,3,3,0,0,5,5,0,0,0,0,0,0,0,5,5,0,0,0,5,5,5,0,5,0,5,5,5,5,5,3,3,3,3,4,4,4,4,4,4,3,3,3,3,3,3,4,4,4,4,4,5,-9],[-1,1,1,2,2,2,0,0,0,0,2,1,1,1,2,0,0,0,0,1,0,1,1,1,0,1,2,2,2,2,2,3,3,3,4,4,4,4,3,3,3,3,3,4,4,4,4,0,5,5,5,5,5,5,5,4,5,5,5,5,5,0,0,5,4,4,3,3,3,4,4,4,5,5,5,5,4,5,-2],[-1,1,1,1,1,1,2,2,2,2,2,2,2,3,4,5,5,5,4,4,3,4,3,4,0,1,1,0,1,0,0,0,5,5,0,0,0,0,0,0,0,0,0,0,0,1,1,1,2,2,2,2,2,2,1,3,4,4,3,4,4,0,0,0,0,0,0,5,5,5,5,5,5,4,4,5,5,5,5,-6],[-1,0,0,5,5,0,0,0,0,0,0,0,5,5,0,0,0,5,5,5,3,3,3,3,3,3,3,3,3,3,3,2,2,3,3,3,4,3,4,3,4,0,1,1,0,1,1,1,0,1,0,0,1,0,0,0,0,0,0,1,1,1,0,1,5,5,5,5,5,5,5,5,5,5,4,4,5,5,5,5,-5],[-1,0,1,0,0,0,0,1,1,1,1,1,1,1,1,2,2,2,2,3,3,3,4,4,4,4,4,4,4,4,4,3,3,3,4,4,4,1,1,1,1,1,1,2,2,2,2,2,1,2,2,2,2,2,2,2,3,0,0,5,5,0,0,0,0,0,0,0,1,0,1,1,1,0,1,2,2,2,2,2,3,-1],[1,1,1,2,2,2,2,2,2,1,-125],[-1,1,1,1,1,1,1,1,1,2,2,2,2,2,2,2,3,3,3,2,2,3,3,3,3,3,3,3,2,2,3,3,0,0,0,0,0,0,5,0,0,0,0,0,1,1,1,0,1,2,2,2,2,2,3,3,3,-37],[-1,0,0,1,1,1,1,1,1,1,0,5,4,4,4,5,5,5,4,0,0,0,0,1,1,1,1,2,2,2,2,2,2,2,2,2,2,2,2,2,2,2,2,2,2,2,3,4,4,4,4,4,4,4,4,4,4,3,3,3,2,2,3,3,3,3,3,3,-13]]
case_complete day=7 agent=1 exit=0
case_elapsed_ms day=7 agent=1 value=95

case_begin day=7 agent=2 started=2026-08-31T13:49:03.5165649+00:00 max_states=50000 max_routes=64
ledger_before=8/48/372
day_score=8/8/65
score_after=8/56/437
agent=0 kind=patrol claims=10 served=10 path_steps=144 raw_path_fuel=85 initial_fuel=388 spots=1:1,17:1,5:5,18:2,4:4,8:0,6:6,19:3,23:7,16:0 terminal=552:303
agent=1 kind=patrol claims=9 served=9 path_steps=144 raw_path_fuel=101 initial_fuel=393 spots=9:1,5:5,7:7,10:2,4:4,17:1,0:0,14:6,8:0 terminal=49:406
agent=2 kind=patrol claims=9 served=9 path_steps=144 raw_path_fuel=101 initial_fuel=393 spots=9:1,5:5,7:7,10:2,4:4,17:1,0:0,14:6,8:0 terminal=49:406
agent=3 kind=patrol claims=9 served=9 path_steps=144 raw_path_fuel=104 initial_fuel=393 spots=5:5,18:2,4:4,10:2,7:7,0:0,17:1,14:6,8:0 terminal=49:415
agent=4 kind=patrol claims=11 served=10 path_steps=144 raw_path_fuel=98 initial_fuel=406 spots=3:3,19:3,6:6,4:4,11:3,12:4,5:5,18:2,0:0,17:1,15:7 terminal=46:426
agent=5 kind=tanker claims=0 served=0 path_steps=144 raw_path_fuel=11 initial_fuel=432 spots= terminal=16:432
agent=6 kind=patrol claims=9 served=9 path_steps=144 raw_path_fuel=64 initial_fuel=386 spots=19:3,6:6,4:4,18:2,5:5,0:0,17:1,15:7,22:6 terminal=95:423
agent=7 kind=patrol claims=10 served=9 path_steps=144 raw_path_fuel=73 initial_fuel=403 spots=11:3,4:4,6:6,8:0,14:6,17:1,15:7,18:2,5:5,13:5 terminal=503:400
spot=0 brand=0 cell=159 stock=7 served=5 denied=0 agents=6S,3S,1S,2S,4S
spot=1 brand=1 cell=165 stock=1 served=1 denied=0 agents=0S
spot=3 brand=3 cell=434 stock=1 served=1 denied=0 agents=4S
spot=4 brand=4 cell=104 stock=8 served=7 denied=0 agents=7S,6S,4S,3S,1S,2S,0S
spot=5 brand=5 cell=405 stock=8 served=7 denied=0 agents=3S,1S,2S,0S,6S,4S,7S
spot=6 brand=6 cell=194 stock=7 served=4 denied=0 agents=6S,4S,7S,0S
spot=7 brand=7 cell=569 stock=7 served=3 denied=0 agents=1S,2S,3S
spot=8 brand=0 cell=49 stock=8 served=5 denied=0 agents=7S,0S,1S,2S,3S
spot=9 brand=1 cell=491 stock=5 served=2 denied=0 agents=1S,2S
spot=10 brand=2 cell=349 stock=5 served=3 denied=0 agents=1S,2S,3S
spot=11 brand=3 cell=342 stock=2 served=2 denied=0 agents=7S,4S
spot=12 brand=4 cell=533 stock=6 served=1 denied=0 agents=4S
spot=13 brand=5 cell=503 stock=3 served=1 denied=0 agents=7S
spot=14 brand=6 cell=10 stock=4 served=4 denied=0 agents=7S,1S,2S,3S
spot=15 brand=7 cell=46 stock=3 served=3 denied=0 agents=7S,6S,4S
spot=16 brand=0 cell=552 stock=5 served=1 denied=0 agents=0S
spot=17 brand=1 cell=16 stock=8 served=7 denied=0 agents=0S,7S,6S,1S,2S,3S,4S
spot=18 brand=2 cell=281 stock=3 served=3 denied=2 agents=3S,6S,0S,4D,7D
spot=19 brand=3 cell=288 stock=6 served=3 denied=0 agents=6S,4S,0S
spot=22 brand=6 cell=95 stock=2 served=1 denied=0 agents=6S
spot=23 brand=7 cell=529 stock=4 served=1 denied=0 agents=0S
sparse_agent=2 cap=50000 settled=50000 labels=51227 emitted_masks=158 protected_masks=9 retained=72 valid=72 best=8/56/439 mask=0xF79E23 protected=8/56/437 protected_mask=0x0
sparse_global_best=8/56/439 baseline=8/56/437 agent=2 mask=0xF79E23
sparse_protected_best=8/56/437 baseline=8/56/437 agent=-1 mask=0x0
sparse_best_plan=[[-1,0,0,0,0,0,0,5,5,3,4,4,3,3,3,3,3,3,4,3,3,3,3,3,3,0,0,5,5,0,0,0,0,0,0,0,5,5,0,0,0,5,5,5,0,5,0,5,5,5,5,5,3,3,3,3,4,4,4,4,4,4,3,3,3,3,3,3,4,4,4,4,4,5,-9],[-1,1,1,1,1,1,2,2,2,2,2,2,2,3,4,5,5,5,4,4,3,4,3,4,0,1,1,0,1,0,0,0,5,5,0,0,0,0,0,0,0,0,0,0,0,1,1,1,2,2,2,2,2,2,1,3,4,4,3,4,4,0,0,0,0,0,0,5,5,5,5,5,5,4,4,5,5,5,5,-6],[-1,1,1,2,2,2,0,0,0,0,2,1,1,1,2,0,0,0,0,1,0,1,1,1,0,1,2,2,2,2,2,3,3,3,4,4,4,4,3,3,3,3,3,4,4,4,4,0,5,5,5,5,5,5,5,4,5,5,5,5,5,0,0,5,4,4,3,3,3,4,4,4,5,5,5,5,4,5,-2],[-1,0,0,5,5,0,0,0,0,0,0,0,5,5,0,0,0,5,5,5,3,3,3,3,3,3,3,3,3,3,3,2,2,3,3,3,4,3,4,3,4,0,1,1,0,1,1,1,0,1,0,0,1,0,0,0,0,0,0,1,1,1,0,1,5,5,5,5,5,5,5,5,5,5,4,4,5,5,5,5,-5],[-1,0,1,0,0,0,0,1,1,1,1,1,1,1,1,2,2,2,2,3,3,3,4,4,4,4,4,4,4,4,4,3,3,3,4,4,4,1,1,1,1,1,1,2,2,2,2,2,1,2,2,2,2,2,2,2,3,0,0,5,5,0,0,0,0,0,0,0,1,0,1,1,1,0,1,2,2,2,2,2,3,-1],[1,1,1,2,2,2,2,2,2,1,-125],[-1,1,1,1,1,1,1,1,1,2,2,2,2,2,2,2,3,3,3,2,2,3,3,3,3,3,3,3,2,2,3,3,0,0,0,0,0,0,5,0,0,0,0,0,1,1,1,0,1,2,2,2,2,2,3,3,3,-37],[-1,0,0,1,1,1,1,1,1,1,0,5,4,4,4,5,5,5,4,0,0,0,0,1,1,1,1,2,2,2,2,2,2,2,2,2,2,2,2,2,2,2,2,2,2,2,3,4,4,4,4,4,4,4,4,4,4,3,3,3,2,2,3,3,3,3,3,3,-13]]
case_complete day=7 agent=2 exit=0
case_elapsed_ms day=7 agent=2 value=124

case_begin day=7 agent=3 started=2026-08-31T13:49:03.6500061+00:00 max_states=50000 max_routes=64
ledger_before=8/48/372
day_score=8/8/65
score_after=8/56/437
agent=0 kind=patrol claims=10 served=10 path_steps=144 raw_path_fuel=85 initial_fuel=388 spots=1:1,17:1,5:5,18:2,4:4,8:0,6:6,19:3,23:7,16:0 terminal=552:303
agent=1 kind=patrol claims=9 served=9 path_steps=144 raw_path_fuel=101 initial_fuel=393 spots=9:1,5:5,7:7,10:2,4:4,17:1,0:0,14:6,8:0 terminal=49:406
agent=2 kind=patrol claims=9 served=9 path_steps=144 raw_path_fuel=101 initial_fuel=393 spots=9:1,5:5,7:7,10:2,4:4,17:1,0:0,14:6,8:0 terminal=49:406
agent=3 kind=patrol claims=9 served=9 path_steps=144 raw_path_fuel=104 initial_fuel=393 spots=5:5,18:2,4:4,10:2,7:7,0:0,17:1,14:6,8:0 terminal=49:415
agent=4 kind=patrol claims=11 served=10 path_steps=144 raw_path_fuel=98 initial_fuel=406 spots=3:3,19:3,6:6,4:4,11:3,12:4,5:5,18:2,0:0,17:1,15:7 terminal=46:426
agent=5 kind=tanker claims=0 served=0 path_steps=144 raw_path_fuel=11 initial_fuel=432 spots= terminal=16:432
agent=6 kind=patrol claims=9 served=9 path_steps=144 raw_path_fuel=64 initial_fuel=386 spots=19:3,6:6,4:4,18:2,5:5,0:0,17:1,15:7,22:6 terminal=95:423
agent=7 kind=patrol claims=10 served=9 path_steps=144 raw_path_fuel=73 initial_fuel=403 spots=11:3,4:4,6:6,8:0,14:6,17:1,15:7,18:2,5:5,13:5 terminal=503:400
spot=0 brand=0 cell=159 stock=7 served=5 denied=0 agents=6S,3S,1S,2S,4S
spot=1 brand=1 cell=165 stock=1 served=1 denied=0 agents=0S
spot=3 brand=3 cell=434 stock=1 served=1 denied=0 agents=4S
spot=4 brand=4 cell=104 stock=8 served=7 denied=0 agents=7S,6S,4S,3S,1S,2S,0S
spot=5 brand=5 cell=405 stock=8 served=7 denied=0 agents=3S,1S,2S,0S,6S,4S,7S
spot=6 brand=6 cell=194 stock=7 served=4 denied=0 agents=6S,4S,7S,0S
spot=7 brand=7 cell=569 stock=7 served=3 denied=0 agents=1S,2S,3S
spot=8 brand=0 cell=49 stock=8 served=5 denied=0 agents=7S,0S,1S,2S,3S
spot=9 brand=1 cell=491 stock=5 served=2 denied=0 agents=1S,2S
spot=10 brand=2 cell=349 stock=5 served=3 denied=0 agents=1S,2S,3S
spot=11 brand=3 cell=342 stock=2 served=2 denied=0 agents=7S,4S
spot=12 brand=4 cell=533 stock=6 served=1 denied=0 agents=4S
spot=13 brand=5 cell=503 stock=3 served=1 denied=0 agents=7S
spot=14 brand=6 cell=10 stock=4 served=4 denied=0 agents=7S,1S,2S,3S
spot=15 brand=7 cell=46 stock=3 served=3 denied=0 agents=7S,6S,4S
spot=16 brand=0 cell=552 stock=5 served=1 denied=0 agents=0S
spot=17 brand=1 cell=16 stock=8 served=7 denied=0 agents=0S,7S,6S,1S,2S,3S,4S
spot=18 brand=2 cell=281 stock=3 served=3 denied=2 agents=3S,6S,0S,4D,7D
spot=19 brand=3 cell=288 stock=6 served=3 denied=0 agents=6S,4S,0S
spot=22 brand=6 cell=95 stock=2 served=1 denied=0 agents=6S
spot=23 brand=7 cell=529 stock=4 served=1 denied=0 agents=0S
sparse_agent=3 cap=50000 settled=50000 labels=51001 emitted_masks=201 protected_masks=12 retained=76 valid=76 best=8/56/440 mask=0x1EE4F1 protected=8/56/437 protected_mask=0x0
sparse_global_best=8/56/440 baseline=8/56/437 agent=3 mask=0x1EE4F1
sparse_protected_best=8/56/437 baseline=8/56/437 agent=-1 mask=0x0
sparse_best_plan=[[-1,0,0,0,0,0,0,5,5,3,4,4,3,3,3,3,3,3,4,3,3,3,3,3,3,0,0,5,5,0,0,0,0,0,0,0,5,5,0,0,0,5,5,5,0,5,0,5,5,5,5,5,3,3,3,3,4,4,4,4,4,4,3,3,3,3,3,3,4,4,4,4,4,5,-9],[-1,1,1,1,1,1,2,2,2,2,2,2,2,3,4,5,5,5,4,4,3,4,3,4,0,1,1,0,1,0,0,0,5,5,0,0,0,0,0,0,0,0,0,0,0,1,1,1,2,2,2,2,2,2,1,3,4,4,3,4,4,0,0,0,0,0,0,5,5,5,5,5,5,4,4,5,5,5,5,-6],[-1,1,1,1,1,1,2,2,2,2,2,2,2,3,4,5,5,5,4,4,3,4,3,4,0,1,1,0,1,0,0,0,5,5,0,0,0,0,0,0,0,0,0,0,0,1,1,1,2,2,2,2,2,2,1,3,4,4,3,4,4,0,0,0,0,0,0,5,5,5,5,5,5,4,4,5,5,5,5,-6],[-1,3,3,3,3,4,4,4,5,5,5,5,5,0,0,5,0,1,1,0,0,0,0,2,1,1,1,2,0,0,0,0,1,0,1,1,1,0,1,2,2,2,2,2,3,5,5,5,5,5,5,5,0,5,5,5,5,4,4,4,4,5,4,4,4,4,5,5,5,4,4,4,4,-2],[-1,0,1,0,0,0,0,1,1,1,1,1,1,1,1,2,2,2,2,3,3,3,4,4,4,4,4,4,4,4,4,3,3,3,4,4,4,1,1,1,1,1,1,2,2,2,2,2,1,2,2,2,2,2,2,2,3,0,0,5,5,0,0,0,0,0,0,0,1,0,1,1,1,0,1,2,2,2,2,2,3,-1],[1,1,1,2,2,2,2,2,2,1,-125],[-1,1,1,1,1,1,1,1,1,2,2,2,2,2,2,2,3,3,3,2,2,3,3,3,3,3,3,3,2,2,3,3,0,0,0,0,0,0,5,0,0,0,0,0,1,1,1,0,1,2,2,2,2,2,3,3,3,-37],[-1,0,0,1,1,1,1,1,1,1,0,5,4,4,4,5,5,5,4,0,0,0,0,1,1,1,1,2,2,2,2,2,2,2,2,2,2,2,2,2,2,2,2,2,2,2,3,4,4,4,4,4,4,4,4,4,4,3,3,3,2,2,3,3,3,3,3,3,-13]]
case_complete day=7 agent=3 exit=0
case_elapsed_ms day=7 agent=3 value=154

case_begin day=7 agent=4 started=2026-08-31T13:49:03.8120019+00:00 max_states=50000 max_routes=64
ledger_before=8/48/372
day_score=8/8/65
score_after=8/56/437
agent=0 kind=patrol claims=10 served=10 path_steps=144 raw_path_fuel=85 initial_fuel=388 spots=1:1,17:1,5:5,18:2,4:4,8:0,6:6,19:3,23:7,16:0 terminal=552:303
agent=1 kind=patrol claims=9 served=9 path_steps=144 raw_path_fuel=101 initial_fuel=393 spots=9:1,5:5,7:7,10:2,4:4,17:1,0:0,14:6,8:0 terminal=49:406
agent=2 kind=patrol claims=9 served=9 path_steps=144 raw_path_fuel=101 initial_fuel=393 spots=9:1,5:5,7:7,10:2,4:4,17:1,0:0,14:6,8:0 terminal=49:406
agent=3 kind=patrol claims=9 served=9 path_steps=144 raw_path_fuel=104 initial_fuel=393 spots=5:5,18:2,4:4,10:2,7:7,0:0,17:1,14:6,8:0 terminal=49:415
agent=4 kind=patrol claims=11 served=10 path_steps=144 raw_path_fuel=98 initial_fuel=406 spots=3:3,19:3,6:6,4:4,11:3,12:4,5:5,18:2,0:0,17:1,15:7 terminal=46:426
agent=5 kind=tanker claims=0 served=0 path_steps=144 raw_path_fuel=11 initial_fuel=432 spots= terminal=16:432
agent=6 kind=patrol claims=9 served=9 path_steps=144 raw_path_fuel=64 initial_fuel=386 spots=19:3,6:6,4:4,18:2,5:5,0:0,17:1,15:7,22:6 terminal=95:423
agent=7 kind=patrol claims=10 served=9 path_steps=144 raw_path_fuel=73 initial_fuel=403 spots=11:3,4:4,6:6,8:0,14:6,17:1,15:7,18:2,5:5,13:5 terminal=503:400
spot=0 brand=0 cell=159 stock=7 served=5 denied=0 agents=6S,3S,1S,2S,4S
spot=1 brand=1 cell=165 stock=1 served=1 denied=0 agents=0S
spot=3 brand=3 cell=434 stock=1 served=1 denied=0 agents=4S
spot=4 brand=4 cell=104 stock=8 served=7 denied=0 agents=7S,6S,4S,3S,1S,2S,0S
spot=5 brand=5 cell=405 stock=8 served=7 denied=0 agents=3S,1S,2S,0S,6S,4S,7S
spot=6 brand=6 cell=194 stock=7 served=4 denied=0 agents=6S,4S,7S,0S
spot=7 brand=7 cell=569 stock=7 served=3 denied=0 agents=1S,2S,3S
spot=8 brand=0 cell=49 stock=8 served=5 denied=0 agents=7S,0S,1S,2S,3S
spot=9 brand=1 cell=491 stock=5 served=2 denied=0 agents=1S,2S
spot=10 brand=2 cell=349 stock=5 served=3 denied=0 agents=1S,2S,3S
spot=11 brand=3 cell=342 stock=2 served=2 denied=0 agents=7S,4S
spot=12 brand=4 cell=533 stock=6 served=1 denied=0 agents=4S
spot=13 brand=5 cell=503 stock=3 served=1 denied=0 agents=7S
spot=14 brand=6 cell=10 stock=4 served=4 denied=0 agents=7S,1S,2S,3S
spot=15 brand=7 cell=46 stock=3 served=3 denied=0 agents=7S,6S,4S
spot=16 brand=0 cell=552 stock=5 served=1 denied=0 agents=0S
spot=17 brand=1 cell=16 stock=8 served=7 denied=0 agents=0S,7S,6S,1S,2S,3S,4S
spot=18 brand=2 cell=281 stock=3 served=3 denied=2 agents=3S,6S,0S,4D,7D
spot=19 brand=3 cell=288 stock=6 served=3 denied=0 agents=6S,4S,0S
spot=22 brand=6 cell=95 stock=2 served=1 denied=0 agents=6S
spot=23 brand=7 cell=529 stock=4 served=1 denied=0 agents=0S
sparse_agent=4 cap=50000 settled=50000 labels=51456 emitted_masks=194 protected_masks=16 retained=80 valid=80 best=8/56/441 mask=0xF7B62B protected=8/56/437 protected_mask=0x0
sparse_global_best=8/56/441 baseline=8/56/437 agent=4 mask=0xF7B62B
sparse_protected_best=8/56/437 baseline=8/56/437 agent=-1 mask=0x0
sparse_best_plan=[[-1,0,0,0,0,0,0,5,5,3,4,4,3,3,3,3,3,3,4,3,3,3,3,3,3,0,0,5,5,0,0,0,0,0,0,0,5,5,0,0,0,5,5,5,0,5,0,5,5,5,5,5,3,3,3,3,4,4,4,4,4,4,3,3,3,3,3,3,4,4,4,4,4,5,-9],[-1,1,1,1,1,1,2,2,2,2,2,2,2,3,4,5,5,5,4,4,3,4,3,4,0,1,1,0,1,0,0,0,5,5,0,0,0,0,0,0,0,0,0,0,0,1,1,1,2,2,2,2,2,2,1,3,4,4,3,4,4,0,0,0,0,0,0,5,5,5,5,5,5,4,4,5,5,5,5,-6],[-1,1,1,1,1,1,2,2,2,2,2,2,2,3,4,5,5,5,4,4,3,4,3,4,0,1,1,0,1,0,0,0,5,5,0,0,0,0,0,0,0,0,0,0,0,1,1,1,2,2,2,2,2,2,1,3,4,4,3,4,4,0,0,0,0,0,0,5,5,5,5,5,5,4,4,5,5,5,5,-6],[-1,0,0,5,5,0,0,0,0,0,0,0,5,5,0,0,0,5,5,5,3,3,3,3,3,3,3,3,3,3,3,2,2,3,3,3,4,3,4,3,4,0,1,1,0,1,1,1,0,1,0,0,1,0,0,0,0,0,0,1,1,1,0,1,5,5,5,5,5,5,5,5,5,5,4,4,5,5,5,5,-5],[-1,3,4,4,4,4,5,1,2,2,2,2,2,1,1,2,2,2,2,2,1,1,2,2,2,0,0,0,0,2,1,1,1,2,0,0,0,0,1,0,1,1,1,0,1,2,2,2,2,2,3,3,3,4,4,4,4,3,3,3,3,3,4,4,4,4,3,3,3,3,-7],[1,1,1,2,2,2,2,2,2,1,-125],[-1,1,1,1,1,1,1,1,1,2,2,2,2,2,2,2,3,3,3,2,2,3,3,3,3,3,3,3,2,2,3,3,0,0,0,0,0,0,5,0,0,0,0,0,1,1,1,0,1,2,2,2,2,2,3,3,3,-37],[-1,0,0,1,1,1,1,1,1,1,0,5,4,4,4,5,5,5,4,0,0,0,0,1,1,1,1,2,2,2,2,2,2,2,2,2,2,2,2,2,2,2,2,2,2,2,3,4,4,4,4,4,4,4,4,4,4,3,3,3,2,2,3,3,3,3,3,3,-13]]
case_complete day=7 agent=4 exit=0
case_elapsed_ms day=7 agent=4 value=110

case_begin day=7 agent=6 started=2026-08-31T13:49:03.9293322+00:00 max_states=50000 max_routes=64
ledger_before=8/48/372
day_score=8/8/65
score_after=8/56/437
agent=0 kind=patrol claims=10 served=10 path_steps=144 raw_path_fuel=85 initial_fuel=388 spots=1:1,17:1,5:5,18:2,4:4,8:0,6:6,19:3,23:7,16:0 terminal=552:303
agent=1 kind=patrol claims=9 served=9 path_steps=144 raw_path_fuel=101 initial_fuel=393 spots=9:1,5:5,7:7,10:2,4:4,17:1,0:0,14:6,8:0 terminal=49:406
agent=2 kind=patrol claims=9 served=9 path_steps=144 raw_path_fuel=101 initial_fuel=393 spots=9:1,5:5,7:7,10:2,4:4,17:1,0:0,14:6,8:0 terminal=49:406
agent=3 kind=patrol claims=9 served=9 path_steps=144 raw_path_fuel=104 initial_fuel=393 spots=5:5,18:2,4:4,10:2,7:7,0:0,17:1,14:6,8:0 terminal=49:415
agent=4 kind=patrol claims=11 served=10 path_steps=144 raw_path_fuel=98 initial_fuel=406 spots=3:3,19:3,6:6,4:4,11:3,12:4,5:5,18:2,0:0,17:1,15:7 terminal=46:426
agent=5 kind=tanker claims=0 served=0 path_steps=144 raw_path_fuel=11 initial_fuel=432 spots= terminal=16:432
agent=6 kind=patrol claims=9 served=9 path_steps=144 raw_path_fuel=64 initial_fuel=386 spots=19:3,6:6,4:4,18:2,5:5,0:0,17:1,15:7,22:6 terminal=95:423
agent=7 kind=patrol claims=10 served=9 path_steps=144 raw_path_fuel=73 initial_fuel=403 spots=11:3,4:4,6:6,8:0,14:6,17:1,15:7,18:2,5:5,13:5 terminal=503:400
spot=0 brand=0 cell=159 stock=7 served=5 denied=0 agents=6S,3S,1S,2S,4S
spot=1 brand=1 cell=165 stock=1 served=1 denied=0 agents=0S
spot=3 brand=3 cell=434 stock=1 served=1 denied=0 agents=4S
spot=4 brand=4 cell=104 stock=8 served=7 denied=0 agents=7S,6S,4S,3S,1S,2S,0S
spot=5 brand=5 cell=405 stock=8 served=7 denied=0 agents=3S,1S,2S,0S,6S,4S,7S
spot=6 brand=6 cell=194 stock=7 served=4 denied=0 agents=6S,4S,7S,0S
spot=7 brand=7 cell=569 stock=7 served=3 denied=0 agents=1S,2S,3S
spot=8 brand=0 cell=49 stock=8 served=5 denied=0 agents=7S,0S,1S,2S,3S
spot=9 brand=1 cell=491 stock=5 served=2 denied=0 agents=1S,2S
spot=10 brand=2 cell=349 stock=5 served=3 denied=0 agents=1S,2S,3S
spot=11 brand=3 cell=342 stock=2 served=2 denied=0 agents=7S,4S
spot=12 brand=4 cell=533 stock=6 served=1 denied=0 agents=4S
spot=13 brand=5 cell=503 stock=3 served=1 denied=0 agents=7S
spot=14 brand=6 cell=10 stock=4 served=4 denied=0 agents=7S,1S,2S,3S
spot=15 brand=7 cell=46 stock=3 served=3 denied=0 agents=7S,6S,4S
spot=16 brand=0 cell=552 stock=5 served=1 denied=0 agents=0S
spot=17 brand=1 cell=16 stock=8 served=7 denied=0 agents=0S,7S,6S,1S,2S,3S,4S
spot=18 brand=2 cell=281 stock=3 served=3 denied=2 agents=3S,6S,0S,4D,7D
spot=19 brand=3 cell=288 stock=6 served=3 denied=0 agents=6S,4S,0S
spot=22 brand=6 cell=95 stock=2 served=1 denied=0 agents=6S
spot=23 brand=7 cell=529 stock=4 served=1 denied=0 agents=0S
sparse_agent=6 cap=50000 settled=50000 labels=51299 emitted_masks=196 protected_masks=23 retained=82 valid=82 best=8/56/441 mask=0x7EC573 protected=8/56/437 protected_mask=0x0
sparse_global_best=8/56/441 baseline=8/56/437 agent=6 mask=0x7EC573
sparse_protected_best=8/56/437 baseline=8/56/437 agent=-1 mask=0x0
sparse_best_plan=[[-1,0,0,0,0,0,0,5,5,3,4,4,3,3,3,3,3,3,4,3,3,3,3,3,3,0,0,5,5,0,0,0,0,0,0,0,5,5,0,0,0,5,5,5,0,5,0,5,5,5,5,5,3,3,3,3,4,4,4,4,4,4,3,3,3,3,3,3,4,4,4,4,4,5,-9],[-1,1,1,1,1,1,2,2,2,2,2,2,2,3,4,5,5,5,4,4,3,4,3,4,0,1,1,0,1,0,0,0,5,5,0,0,0,0,0,0,0,0,0,0,0,1,1,1,2,2,2,2,2,2,1,3,4,4,3,4,4,0,0,0,0,0,0,5,5,5,5,5,5,4,4,5,5,5,5,-6],[-1,1,1,1,1,1,2,2,2,2,2,2,2,3,4,5,5,5,4,4,3,4,3,4,0,1,1,0,1,0,0,0,5,5,0,0,0,0,0,0,0,0,0,0,0,1,1,1,2,2,2,2,2,2,1,3,4,4,3,4,4,0,0,0,0,0,0,5,5,5,5,5,5,4,4,5,5,5,5,-6],[-1,0,0,5,5,0,0,0,0,0,0,0,5,5,0,0,0,5,5,5,3,3,3,3,3,3,3,3,3,3,3,2,2,3,3,3,4,3,4,3,4,0,1,1,0,1,1,1,0,1,0,0,1,0,0,0,0,0,0,1,1,1,0,1,5,5,5,5,5,5,5,5,5,5,4,4,5,5,5,5,-5],[-1,0,1,0,0,0,0,1,1,1,1,1,1,1,1,2,2,2,2,3,3,3,4,4,4,4,4,4,4,4,4,3,3,3,4,4,4,1,1,1,1,1,1,2,2,2,2,2,1,2,2,2,2,2,2,2,3,0,0,5,5,0,0,0,0,0,0,0,1,0,1,1,1,0,1,2,2,2,2,2,3,-1],[1,1,1,2,2,2,2,2,2,1,-125],[-1,1,1,1,1,0,0,0,0,1,1,2,2,2,2,2,3,2,3,1,1,1,1,2,2,2,2,2,2,3,4,4,3,4,4,3,3,3,3,4,4,4,4,5,5,3,3,3,3,1,2,2,2,2,1,2,0,1,1,1,1,0,1,0,0,0,1,1,1,0,0,-5],[-1,0,0,1,1,1,1,1,1,1,0,5,4,4,4,5,5,5,4,0,0,0,0,1,1,1,1,2,2,2,2,2,2,2,2,2,2,2,2,2,2,2,2,2,2,2,3,4,4,4,4,4,4,4,4,4,4,3,3,3,2,2,3,3,3,3,3,3,-13]]
case_complete day=7 agent=6 exit=0
case_elapsed_ms day=7 agent=6 value=109

case_begin day=7 agent=7 started=2026-08-31T13:49:04.0449479+00:00 max_states=50000 max_routes=64
ledger_before=8/48/372
day_score=8/8/65
score_after=8/56/437
agent=0 kind=patrol claims=10 served=10 path_steps=144 raw_path_fuel=85 initial_fuel=388 spots=1:1,17:1,5:5,18:2,4:4,8:0,6:6,19:3,23:7,16:0 terminal=552:303
agent=1 kind=patrol claims=9 served=9 path_steps=144 raw_path_fuel=101 initial_fuel=393 spots=9:1,5:5,7:7,10:2,4:4,17:1,0:0,14:6,8:0 terminal=49:406
agent=2 kind=patrol claims=9 served=9 path_steps=144 raw_path_fuel=101 initial_fuel=393 spots=9:1,5:5,7:7,10:2,4:4,17:1,0:0,14:6,8:0 terminal=49:406
agent=3 kind=patrol claims=9 served=9 path_steps=144 raw_path_fuel=104 initial_fuel=393 spots=5:5,18:2,4:4,10:2,7:7,0:0,17:1,14:6,8:0 terminal=49:415
agent=4 kind=patrol claims=11 served=10 path_steps=144 raw_path_fuel=98 initial_fuel=406 spots=3:3,19:3,6:6,4:4,11:3,12:4,5:5,18:2,0:0,17:1,15:7 terminal=46:426
agent=5 kind=tanker claims=0 served=0 path_steps=144 raw_path_fuel=11 initial_fuel=432 spots= terminal=16:432
agent=6 kind=patrol claims=9 served=9 path_steps=144 raw_path_fuel=64 initial_fuel=386 spots=19:3,6:6,4:4,18:2,5:5,0:0,17:1,15:7,22:6 terminal=95:423
agent=7 kind=patrol claims=10 served=9 path_steps=144 raw_path_fuel=73 initial_fuel=403 spots=11:3,4:4,6:6,8:0,14:6,17:1,15:7,18:2,5:5,13:5 terminal=503:400
spot=0 brand=0 cell=159 stock=7 served=5 denied=0 agents=6S,3S,1S,2S,4S
spot=1 brand=1 cell=165 stock=1 served=1 denied=0 agents=0S
spot=3 brand=3 cell=434 stock=1 served=1 denied=0 agents=4S
spot=4 brand=4 cell=104 stock=8 served=7 denied=0 agents=7S,6S,4S,3S,1S,2S,0S
spot=5 brand=5 cell=405 stock=8 served=7 denied=0 agents=3S,1S,2S,0S,6S,4S,7S
spot=6 brand=6 cell=194 stock=7 served=4 denied=0 agents=6S,4S,7S,0S
spot=7 brand=7 cell=569 stock=7 served=3 denied=0 agents=1S,2S,3S
spot=8 brand=0 cell=49 stock=8 served=5 denied=0 agents=7S,0S,1S,2S,3S
spot=9 brand=1 cell=491 stock=5 served=2 denied=0 agents=1S,2S
spot=10 brand=2 cell=349 stock=5 served=3 denied=0 agents=1S,2S,3S
spot=11 brand=3 cell=342 stock=2 served=2 denied=0 agents=7S,4S
spot=12 brand=4 cell=533 stock=6 served=1 denied=0 agents=4S
spot=13 brand=5 cell=503 stock=3 served=1 denied=0 agents=7S
spot=14 brand=6 cell=10 stock=4 served=4 denied=0 agents=7S,1S,2S,3S
spot=15 brand=7 cell=46 stock=3 served=3 denied=0 agents=7S,6S,4S
spot=16 brand=0 cell=552 stock=5 served=1 denied=0 agents=0S
spot=17 brand=1 cell=16 stock=8 served=7 denied=0 agents=0S,7S,6S,1S,2S,3S,4S
spot=18 brand=2 cell=281 stock=3 served=3 denied=2 agents=3S,6S,0S,4D,7D
spot=19 brand=3 cell=288 stock=6 served=3 denied=0 agents=6S,4S,0S
spot=22 brand=6 cell=95 stock=2 served=1 denied=0 agents=6S
spot=23 brand=7 cell=529 stock=4 served=1 denied=0 agents=0S
sparse_agent=7 cap=50000 settled=50000 labels=51263 emitted_masks=135 protected_masks=12 retained=73 valid=73 best=8/56/441 mask=0x76CE37 protected=8/56/437 protected_mask=0x0
sparse_global_best=8/56/441 baseline=8/56/437 agent=7 mask=0x76CE37
sparse_protected_best=8/56/437 baseline=8/56/437 agent=-1 mask=0x0
sparse_best_plan=[[-1,0,0,0,0,0,0,5,5,3,4,4,3,3,3,3,3,3,4,3,3,3,3,3,3,0,0,5,5,0,0,0,0,0,0,0,5,5,0,0,0,5,5,5,0,5,0,5,5,5,5,5,3,3,3,3,4,4,4,4,4,4,3,3,3,3,3,3,4,4,4,4,4,5,-9],[-1,1,1,1,1,1,2,2,2,2,2,2,2,3,4,5,5,5,4,4,3,4,3,4,0,1,1,0,1,0,0,0,5,5,0,0,0,0,0,0,0,0,0,0,0,1,1,1,2,2,2,2,2,2,1,3,4,4,3,4,4,0,0,0,0,0,0,5,5,5,5,5,5,4,4,5,5,5,5,-6],[-1,1,1,1,1,1,2,2,2,2,2,2,2,3,4,5,5,5,4,4,3,4,3,4,0,1,1,0,1,0,0,0,5,5,0,0,0,0,0,0,0,0,0,0,0,1,1,1,2,2,2,2,2,2,1,3,4,4,3,4,4,0,0,0,0,0,0,5,5,5,5,5,5,4,4,5,5,5,5,-6],[-1,0,0,5,5,0,0,0,0,0,0,0,5,5,0,0,0,5,5,5,3,3,3,3,3,3,3,3,3,3,3,2,2,3,3,3,4,3,4,3,4,0,1,1,0,1,1,1,0,1,0,0,1,0,0,0,0,0,0,1,1,1,0,1,5,5,5,5,5,5,5,5,5,5,4,4,5,5,5,5,-5],[-1,0,1,0,0,0,0,1,1,1,1,1,1,1,1,2,2,2,2,3,3,3,4,4,4,4,4,4,4,4,4,3,3,3,4,4,4,1,1,1,1,1,1,2,2,2,2,2,1,2,2,2,2,2,2,2,3,0,0,5,5,0,0,0,0,0,0,0,1,0,1,1,1,0,1,2,2,2,2,2,3,-1],[1,1,1,2,2,2,2,2,2,1,-125],[-1,1,1,1,1,1,1,1,1,2,2,2,2,2,2,2,3,3,3,2,2,3,3,3,3,3,3,3,2,2,3,3,0,0,0,0,0,0,5,0,0,0,0,0,1,1,1,0,1,2,2,2,2,2,3,3,3,-37],[-1,1,1,1,1,2,0,1,0,0,0,1,1,1,1,1,2,2,2,2,2,2,3,4,4,3,4,4,3,3,3,3,4,4,4,4,5,5,3,3,3,3,4,4,5,5,5,1,1,1,1,1,2,2,2,2,2,2,2,3,0,1,1,1,1,0,1,0,0,0,1,1,1,0,0,-1]]
case_complete day=7 agent=7 exit=0
case_elapsed_ms day=7 agent=7 value=82

case_begin day=8 agent=0 started=2026-08-31T13:49:04.1363955+00:00 max_states=50000 max_routes=64
ledger_before=8/56/437
day_score=8/8/65
score_after=8/64/502
agent=0 kind=patrol claims=10 served=10 path_steps=144 raw_path_fuel=83 initial_fuel=303 spots=16:0,23:7,12:4,4:4,8:0,6:6,19:3,2:2,9:1,5:5 terminal=405:389
agent=1 kind=patrol claims=9 served=9 path_steps=144 raw_path_fuel=72 initial_fuel=406 spots=8:0,14:6,17:1,4:4,11:3,2:2,10:2,5:5,7:7 terminal=569:334
agent=2 kind=patrol claims=8 served=8 path_steps=144 raw_path_fuel=71 initial_fuel=406 spots=8:0,14:6,17:1,6:6,19:3,23:7,12:4,10:2 terminal=349:397
agent=3 kind=patrol claims=8 served=8 path_steps=144 raw_path_fuel=71 initial_fuel=415 spots=8:0,14:6,17:1,6:6,19:3,23:7,12:4,10:2 terminal=349:397
agent=4 kind=patrol claims=11 served=11 path_steps=144 raw_path_fuel=71 initial_fuel=426 spots=15:7,17:1,0:0,4:4,8:0,6:6,19:3,2:2,10:2,5:5,13:5 terminal=503:395
agent=5 kind=tanker claims=0 served=0 path_steps=144 raw_path_fuel=19 initial_fuel=432 spots= terminal=194:432
agent=6 kind=patrol claims=9 served=9 path_steps=144 raw_path_fuel=86 initial_fuel=423 spots=22:6,17:1,5:5,4:4,8:0,6:6,19:3,23:7,16:0 terminal=552:414
agent=7 kind=patrol claims=10 served=10 path_steps=144 raw_path_fuel=111 initial_fuel=400 spots=13:5,5:5,7:7,0:0,17:1,18:2,20:4,11:3,6:6,8:0 terminal=194:432
spot=0 brand=0 cell=159 stock=7 served=2 denied=0 agents=4S,7S
spot=2 brand=2 cell=249 stock=3 served=3 denied=0 agents=1S,4S,0S
spot=4 brand=4 cell=104 stock=8 served=4 denied=0 agents=4S,0S,1S,6S
spot=5 brand=5 cell=405 stock=8 served=5 denied=0 agents=7S,6S,1S,4S,0S
spot=6 brand=6 cell=194 stock=7 served=6 denied=0 agents=2S,3S,4S,0S,6S,7S
spot=7 brand=7 cell=569 stock=7 served=2 denied=0 agents=7S,1S
spot=8 brand=0 cell=49 stock=8 served=7 denied=0 agents=1S,2S,3S,4S,0S,6S,7S
spot=9 brand=1 cell=491 stock=5 served=1 denied=0 agents=0S
spot=10 brand=2 cell=349 stock=5 served=4 denied=0 agents=1S,4S,2S,3S
spot=11 brand=3 cell=342 stock=2 served=2 denied=0 agents=1S,7S
spot=12 brand=4 cell=533 stock=6 served=3 denied=0 agents=0S,2S,3S
spot=13 brand=5 cell=503 stock=3 served=2 denied=0 agents=7S,4S
spot=14 brand=6 cell=10 stock=4 served=3 denied=0 agents=1S,2S,3S
spot=15 brand=7 cell=46 stock=3 served=1 denied=0 agents=4S
spot=16 brand=0 cell=552 stock=5 served=2 denied=0 agents=0S,6S
spot=17 brand=1 cell=16 stock=8 served=6 denied=0 agents=4S,6S,1S,2S,3S,7S
spot=18 brand=2 cell=281 stock=3 served=1 denied=0 agents=7S
spot=19 brand=3 cell=288 stock=6 served=5 denied=0 agents=2S,3S,4S,0S,6S
spot=20 brand=4 cell=447 stock=4 served=1 denied=0 agents=7S
spot=22 brand=6 cell=95 stock=2 served=1 denied=0 agents=6S
spot=23 brand=7 cell=529 stock=4 served=4 denied=0 agents=0S,2S,3S,6S
sparse_agent=0 cap=50000 settled=50000 labels=51463 emitted_masks=208 protected_masks=26 retained=82 valid=82 best=8/64/508 mask=0xD7D61F protected=8/64/502 protected_mask=0x0
sparse_global_best=8/64/508 baseline=8/64/502 agent=0 mask=0xD7D61F
sparse_protected_best=8/64/502 baseline=8/64/502 agent=-1 mask=0x0
sparse_best_plan=[[-1,1,2,0,1,1,1,3,3,3,2,3,1,1,2,2,2,2,2,1,1,2,2,2,0,0,0,0,2,1,1,1,2,0,0,0,0,1,2,2,2,2,2,2,1,1,1,0,0,0,5,5,5,5,5,5,5,5,5,5,5,4,4,4,4,3,3,3,3,4,4,-3],[-1,1,1,2,2,2,2,2,2,2,2,2,2,2,2,2,2,4,5,4,4,4,5,5,5,5,5,3,3,3,4,4,4,4,4,4,4,1,1,1,1,2,3,3,2,3,3,2,2,3,2,2,2,2,2,2,3,4,4,4,4,4,4,4,5,-22],[-1,1,1,2,2,2,2,2,2,2,2,2,2,2,2,2,2,4,5,4,4,4,4,4,4,5,5,5,5,5,5,5,5,5,4,4,4,4,4,3,3,3,3,3,3,4,4,4,4,2,2,2,2,1,1,1,1,1,1,2,2,2,2,1,1,-21],[-1,1,1,2,2,2,2,2,2,2,2,2,2,2,2,2,2,4,5,4,4,4,4,4,4,5,5,5,5,5,5,5,5,5,4,4,4,4,4,3,3,3,3,3,3,4,4,4,4,2,2,2,2,1,1,1,1,1,1,2,2,2,2,1,1,-21],[-1,0,5,5,5,5,5,3,3,4,4,4,4,0,0,5,5,5,5,5,5,0,5,0,5,5,5,5,5,3,3,3,3,4,4,4,4,4,4,1,1,2,2,2,2,2,2,2,2,3,3,2,3,3,2,2,3,2,2,2,2,2,2,3,3,3,3,3,-13],[4,5,4,4,4,4,4,4,5,5,5,5,5,5,5,5,5,4,-109],[-1,5,0,0,0,5,5,5,5,3,3,3,4,4,3,4,3,3,3,3,3,3,3,3,3,0,0,0,0,0,0,0,0,0,0,0,0,5,5,5,5,5,5,5,0,5,0,5,5,5,5,5,3,3,3,3,4,4,4,4,4,4,3,3,3,3,3,3,4,4,4,4,4,5,-10],[-1,0,0,0,0,4,4,4,4,4,4,4,5,0,1,1,0,1,1,1,0,1,0,0,1,1,0,0,0,0,5,0,0,1,1,1,1,3,3,3,4,4,3,4,3,3,4,4,3,4,3,4,4,4,4,0,5,5,5,5,5,0,5,0,0,5,0,0,0,0,0,5,0,0,0,0,0,1,1,3,3,3,3,4,4,-2]]
case_complete day=8 agent=0 exit=0
case_elapsed_ms day=8 agent=0 value=87

case_begin day=8 agent=1 started=2026-08-31T13:49:04.2303238+00:00 max_states=50000 max_routes=64
ledger_before=8/56/437
day_score=8/8/65
score_after=8/64/502
agent=0 kind=patrol claims=10 served=10 path_steps=144 raw_path_fuel=83 initial_fuel=303 spots=16:0,23:7,12:4,4:4,8:0,6:6,19:3,2:2,9:1,5:5 terminal=405:389
agent=1 kind=patrol claims=9 served=9 path_steps=144 raw_path_fuel=72 initial_fuel=406 spots=8:0,14:6,17:1,4:4,11:3,2:2,10:2,5:5,7:7 terminal=569:334
agent=2 kind=patrol claims=8 served=8 path_steps=144 raw_path_fuel=71 initial_fuel=406 spots=8:0,14:6,17:1,6:6,19:3,23:7,12:4,10:2 terminal=349:397
agent=3 kind=patrol claims=8 served=8 path_steps=144 raw_path_fuel=71 initial_fuel=415 spots=8:0,14:6,17:1,6:6,19:3,23:7,12:4,10:2 terminal=349:397
agent=4 kind=patrol claims=11 served=11 path_steps=144 raw_path_fuel=71 initial_fuel=426 spots=15:7,17:1,0:0,4:4,8:0,6:6,19:3,2:2,10:2,5:5,13:5 terminal=503:395
agent=5 kind=tanker claims=0 served=0 path_steps=144 raw_path_fuel=19 initial_fuel=432 spots= terminal=194:432
agent=6 kind=patrol claims=9 served=9 path_steps=144 raw_path_fuel=86 initial_fuel=423 spots=22:6,17:1,5:5,4:4,8:0,6:6,19:3,23:7,16:0 terminal=552:414
agent=7 kind=patrol claims=10 served=10 path_steps=144 raw_path_fuel=111 initial_fuel=400 spots=13:5,5:5,7:7,0:0,17:1,18:2,20:4,11:3,6:6,8:0 terminal=194:432
spot=0 brand=0 cell=159 stock=7 served=2 denied=0 agents=4S,7S
spot=2 brand=2 cell=249 stock=3 served=3 denied=0 agents=1S,4S,0S
spot=4 brand=4 cell=104 stock=8 served=4 denied=0 agents=4S,0S,1S,6S
spot=5 brand=5 cell=405 stock=8 served=5 denied=0 agents=7S,6S,1S,4S,0S
spot=6 brand=6 cell=194 stock=7 served=6 denied=0 agents=2S,3S,4S,0S,6S,7S
spot=7 brand=7 cell=569 stock=7 served=2 denied=0 agents=7S,1S
spot=8 brand=0 cell=49 stock=8 served=7 denied=0 agents=1S,2S,3S,4S,0S,6S,7S
spot=9 brand=1 cell=491 stock=5 served=1 denied=0 agents=0S
spot=10 brand=2 cell=349 stock=5 served=4 denied=0 agents=1S,4S,2S,3S
spot=11 brand=3 cell=342 stock=2 served=2 denied=0 agents=1S,7S
spot=12 brand=4 cell=533 stock=6 served=3 denied=0 agents=0S,2S,3S
spot=13 brand=5 cell=503 stock=3 served=2 denied=0 agents=7S,4S
spot=14 brand=6 cell=10 stock=4 served=3 denied=0 agents=1S,2S,3S
spot=15 brand=7 cell=46 stock=3 served=1 denied=0 agents=4S
spot=16 brand=0 cell=552 stock=5 served=2 denied=0 agents=0S,6S
spot=17 brand=1 cell=16 stock=8 served=6 denied=0 agents=4S,6S,1S,2S,3S,7S
spot=18 brand=2 cell=281 stock=3 served=1 denied=0 agents=7S
spot=19 brand=3 cell=288 stock=6 served=5 denied=0 agents=2S,3S,4S,0S,6S
spot=20 brand=4 cell=447 stock=4 served=1 denied=0 agents=7S
spot=22 brand=6 cell=95 stock=2 served=1 denied=0 agents=6S
spot=23 brand=7 cell=529 stock=4 served=4 denied=0 agents=0S,2S,3S,6S
sparse_agent=1 cap=50000 settled=50000 labels=51284 emitted_masks=193 protected_masks=18 retained=74 valid=74 best=8/64/508 mask=0xFD976A protected=8/64/502 protected_mask=0x0
sparse_global_best=8/64/508 baseline=8/64/502 agent=1 mask=0xFD976A
sparse_protected_best=8/64/502 baseline=8/64/502 agent=-1 mask=0x0
sparse_best_plan=[[-1,1,2,2,2,2,2,0,1,0,1,1,0,0,0,1,1,1,1,1,1,1,1,1,0,0,5,0,5,5,5,5,5,3,3,3,3,4,4,4,4,4,4,1,1,2,2,2,2,2,2,2,2,3,3,3,4,4,4,3,3,3,3,1,1,1,2,1,1,2,2,2,2,2,2,3,-1],[-1,3,3,3,3,4,4,4,4,4,4,3,3,3,3,3,4,3,4,4,4,4,5,1,2,2,2,2,2,1,1,2,2,2,2,2,1,1,2,2,2,0,0,0,0,2,1,1,1,2,3,3,3,2,2,3,3,0,1,1,1,1,0,1,0,0,0,1,1,1,0,0,-4],[-1,1,1,2,2,2,2,2,2,2,2,2,2,2,2,2,2,4,5,4,4,4,4,4,4,5,5,5,5,5,5,5,5,5,4,4,4,4,4,3,3,3,3,3,3,4,4,4,4,2,2,2,2,1,1,1,1,1,1,2,2,2,2,1,1,-21],[-1,1,1,2,2,2,2,2,2,2,2,2,2,2,2,2,2,4,5,4,4,4,4,4,4,5,5,5,5,5,5,5,5,5,4,4,4,4,4,3,3,3,3,3,3,4,4,4,4,2,2,2,2,1,1,1,1,1,1,2,2,2,2,1,1,-21],[-1,0,5,5,5,5,5,3,3,4,4,4,4,0,0,5,5,5,5,5,5,0,5,0,5,5,5,5,5,3,3,3,3,4,4,4,4,4,4,1,1,2,2,2,2,2,2,2,2,3,3,2,3,3,2,2,3,2,2,2,2,2,2,3,3,3,3,3,-13],[4,5,4,4,4,4,4,4,5,5,5,5,5,5,5,5,5,4,-109],[-1,5,0,0,0,5,5,5,5,3,3,3,4,4,3,4,3,3,3,3,3,3,3,3,3,0,0,0,0,0,0,0,0,0,0,0,0,5,5,5,5,5,5,5,0,5,0,5,5,5,5,5,3,3,3,3,4,4,4,4,4,4,3,3,3,3,3,3,4,4,4,4,4,5,-10],[-1,0,0,0,0,4,4,4,4,4,4,4,5,0,1,1,0,1,1,1,0,1,0,0,1,1,0,0,0,0,5,0,0,1,1,1,1,3,3,3,4,4,3,4,3,3,4,4,3,4,3,4,4,4,4,0,5,5,5,5,5,0,5,0,0,5,0,0,0,0,0,5,0,0,0,0,0,1,1,3,3,3,3,4,4,-2]]
case_complete day=8 agent=1 exit=0
case_elapsed_ms day=8 agent=1 value=93

case_begin day=8 agent=2 started=2026-08-31T13:49:04.3308248+00:00 max_states=50000 max_routes=64
ledger_before=8/56/437
day_score=8/8/65
score_after=8/64/502
agent=0 kind=patrol claims=10 served=10 path_steps=144 raw_path_fuel=83 initial_fuel=303 spots=16:0,23:7,12:4,4:4,8:0,6:6,19:3,2:2,9:1,5:5 terminal=405:389
agent=1 kind=patrol claims=9 served=9 path_steps=144 raw_path_fuel=72 initial_fuel=406 spots=8:0,14:6,17:1,4:4,11:3,2:2,10:2,5:5,7:7 terminal=569:334
agent=2 kind=patrol claims=8 served=8 path_steps=144 raw_path_fuel=71 initial_fuel=406 spots=8:0,14:6,17:1,6:6,19:3,23:7,12:4,10:2 terminal=349:397
agent=3 kind=patrol claims=8 served=8 path_steps=144 raw_path_fuel=71 initial_fuel=415 spots=8:0,14:6,17:1,6:6,19:3,23:7,12:4,10:2 terminal=349:397
agent=4 kind=patrol claims=11 served=11 path_steps=144 raw_path_fuel=71 initial_fuel=426 spots=15:7,17:1,0:0,4:4,8:0,6:6,19:3,2:2,10:2,5:5,13:5 terminal=503:395
agent=5 kind=tanker claims=0 served=0 path_steps=144 raw_path_fuel=19 initial_fuel=432 spots= terminal=194:432
agent=6 kind=patrol claims=9 served=9 path_steps=144 raw_path_fuel=86 initial_fuel=423 spots=22:6,17:1,5:5,4:4,8:0,6:6,19:3,23:7,16:0 terminal=552:414
agent=7 kind=patrol claims=10 served=10 path_steps=144 raw_path_fuel=111 initial_fuel=400 spots=13:5,5:5,7:7,0:0,17:1,18:2,20:4,11:3,6:6,8:0 terminal=194:432
spot=0 brand=0 cell=159 stock=7 served=2 denied=0 agents=4S,7S
spot=2 brand=2 cell=249 stock=3 served=3 denied=0 agents=1S,4S,0S
spot=4 brand=4 cell=104 stock=8 served=4 denied=0 agents=4S,0S,1S,6S
spot=5 brand=5 cell=405 stock=8 served=5 denied=0 agents=7S,6S,1S,4S,0S
spot=6 brand=6 cell=194 stock=7 served=6 denied=0 agents=2S,3S,4S,0S,6S,7S
spot=7 brand=7 cell=569 stock=7 served=2 denied=0 agents=7S,1S
spot=8 brand=0 cell=49 stock=8 served=7 denied=0 agents=1S,2S,3S,4S,0S,6S,7S
spot=9 brand=1 cell=491 stock=5 served=1 denied=0 agents=0S
spot=10 brand=2 cell=349 stock=5 served=4 denied=0 agents=1S,4S,2S,3S
spot=11 brand=3 cell=342 stock=2 served=2 denied=0 agents=1S,7S
spot=12 brand=4 cell=533 stock=6 served=3 denied=0 agents=0S,2S,3S
spot=13 brand=5 cell=503 stock=3 served=2 denied=0 agents=7S,4S
spot=14 brand=6 cell=10 stock=4 served=3 denied=0 agents=1S,2S,3S
spot=15 brand=7 cell=46 stock=3 served=1 denied=0 agents=4S
spot=16 brand=0 cell=552 stock=5 served=2 denied=0 agents=0S,6S
spot=17 brand=1 cell=16 stock=8 served=6 denied=0 agents=4S,6S,1S,2S,3S,7S
spot=18 brand=2 cell=281 stock=3 served=1 denied=0 agents=7S
spot=19 brand=3 cell=288 stock=6 served=5 denied=0 agents=2S,3S,4S,0S,6S
spot=20 brand=4 cell=447 stock=4 served=1 denied=0 agents=7S
spot=22 brand=6 cell=95 stock=2 served=1 denied=0 agents=6S
spot=23 brand=7 cell=529 stock=4 served=4 denied=0 agents=0S,2S,3S,6S
sparse_agent=2 cap=50000 settled=50000 labels=51284 emitted_masks=193 protected_masks=27 retained=91 valid=91 best=8/64/510 mask=0xFD976A protected=8/64/502 protected_mask=0x0
sparse_global_best=8/64/510 baseline=8/64/502 agent=2 mask=0xFD976A
sparse_protected_best=8/64/502 baseline=8/64/502 agent=-1 mask=0x0
sparse_best_plan=[[-1,1,2,2,2,2,2,0,1,0,1,1,0,0,0,1,1,1,1,1,1,1,1,1,0,0,5,0,5,5,5,5,5,3,3,3,3,4,4,4,4,4,4,1,1,2,2,2,2,2,2,2,2,3,3,3,4,4,4,3,3,3,3,1,1,1,2,1,1,2,2,2,2,2,2,3,-1],[-1,1,1,2,2,2,2,2,2,2,2,2,2,2,2,2,2,4,5,4,4,4,5,5,5,5,5,3,3,3,4,4,4,4,4,4,4,1,1,1,1,2,3,3,2,3,3,2,2,3,2,2,2,2,2,2,3,4,4,4,4,4,4,4,5,-22],[-1,3,3,3,3,4,4,4,4,4,4,3,3,3,3,3,4,3,4,4,4,4,5,1,2,2,2,2,2,1,1,2,2,2,2,2,1,1,2,2,2,0,0,0,0,2,1,1,1,2,3,3,3,2,2,3,3,0,1,1,1,1,0,1,0,0,0,1,1,1,0,0,-4],[-1,1,1,2,2,2,2,2,2,2,2,2,2,2,2,2,2,4,5,4,4,4,4,4,4,5,5,5,5,5,5,5,5,5,4,4,4,4,4,3,3,3,3,3,3,4,4,4,4,2,2,2,2,1,1,1,1,1,1,2,2,2,2,1,1,-21],[-1,0,5,5,5,5,5,3,3,4,4,4,4,0,0,5,5,5,5,5,5,0,5,0,5,5,5,5,5,3,3,3,3,4,4,4,4,4,4,1,1,2,2,2,2,2,2,2,2,3,3,2,3,3,2,2,3,2,2,2,2,2,2,3,3,3,3,3,-13],[4,5,4,4,4,4,4,4,5,5,5,5,5,5,5,5,5,4,-109],[-1,5,0,0,0,5,5,5,5,3,3,3,4,4,3,4,3,3,3,3,3,3,3,3,3,0,0,0,0,0,0,0,0,0,0,0,0,5,5,5,5,5,5,5,0,5,0,5,5,5,5,5,3,3,3,3,4,4,4,4,4,4,3,3,3,3,3,3,4,4,4,4,4,5,-10],[-1,0,0,0,0,4,4,4,4,4,4,4,5,0,1,1,0,1,1,1,0,1,0,0,1,1,0,0,0,0,5,0,0,1,1,1,1,3,3,3,4,4,3,4,3,3,4,4,3,4,3,4,4,4,4,0,5,5,5,5,5,0,5,0,0,5,0,0,0,0,0,5,0,0,0,0,0,1,1,3,3,3,3,4,4,-2]]
case_complete day=8 agent=2 exit=0
case_elapsed_ms day=8 agent=2 value=118

case_begin day=8 agent=3 started=2026-08-31T13:49:04.4559380+00:00 max_states=50000 max_routes=64
ledger_before=8/56/437
day_score=8/8/65
score_after=8/64/502
agent=0 kind=patrol claims=10 served=10 path_steps=144 raw_path_fuel=83 initial_fuel=303 spots=16:0,23:7,12:4,4:4,8:0,6:6,19:3,2:2,9:1,5:5 terminal=405:389
agent=1 kind=patrol claims=9 served=9 path_steps=144 raw_path_fuel=72 initial_fuel=406 spots=8:0,14:6,17:1,4:4,11:3,2:2,10:2,5:5,7:7 terminal=569:334
agent=2 kind=patrol claims=8 served=8 path_steps=144 raw_path_fuel=71 initial_fuel=406 spots=8:0,14:6,17:1,6:6,19:3,23:7,12:4,10:2 terminal=349:397
agent=3 kind=patrol claims=8 served=8 path_steps=144 raw_path_fuel=71 initial_fuel=415 spots=8:0,14:6,17:1,6:6,19:3,23:7,12:4,10:2 terminal=349:397
agent=4 kind=patrol claims=11 served=11 path_steps=144 raw_path_fuel=71 initial_fuel=426 spots=15:7,17:1,0:0,4:4,8:0,6:6,19:3,2:2,10:2,5:5,13:5 terminal=503:395
agent=5 kind=tanker claims=0 served=0 path_steps=144 raw_path_fuel=19 initial_fuel=432 spots= terminal=194:432
agent=6 kind=patrol claims=9 served=9 path_steps=144 raw_path_fuel=86 initial_fuel=423 spots=22:6,17:1,5:5,4:4,8:0,6:6,19:3,23:7,16:0 terminal=552:414
agent=7 kind=patrol claims=10 served=10 path_steps=144 raw_path_fuel=111 initial_fuel=400 spots=13:5,5:5,7:7,0:0,17:1,18:2,20:4,11:3,6:6,8:0 terminal=194:432
spot=0 brand=0 cell=159 stock=7 served=2 denied=0 agents=4S,7S
spot=2 brand=2 cell=249 stock=3 served=3 denied=0 agents=1S,4S,0S
spot=4 brand=4 cell=104 stock=8 served=4 denied=0 agents=4S,0S,1S,6S
spot=5 brand=5 cell=405 stock=8 served=5 denied=0 agents=7S,6S,1S,4S,0S
spot=6 brand=6 cell=194 stock=7 served=6 denied=0 agents=2S,3S,4S,0S,6S,7S
spot=7 brand=7 cell=569 stock=7 served=2 denied=0 agents=7S,1S
spot=8 brand=0 cell=49 stock=8 served=7 denied=0 agents=1S,2S,3S,4S,0S,6S,7S
spot=9 brand=1 cell=491 stock=5 served=1 denied=0 agents=0S
spot=10 brand=2 cell=349 stock=5 served=4 denied=0 agents=1S,4S,2S,3S
spot=11 brand=3 cell=342 stock=2 served=2 denied=0 agents=1S,7S
spot=12 brand=4 cell=533 stock=6 served=3 denied=0 agents=0S,2S,3S
spot=13 brand=5 cell=503 stock=3 served=2 denied=0 agents=7S,4S
spot=14 brand=6 cell=10 stock=4 served=3 denied=0 agents=1S,2S,3S
spot=15 brand=7 cell=46 stock=3 served=1 denied=0 agents=4S
spot=16 brand=0 cell=552 stock=5 served=2 denied=0 agents=0S,6S
spot=17 brand=1 cell=16 stock=8 served=6 denied=0 agents=4S,6S,1S,2S,3S,7S
spot=18 brand=2 cell=281 stock=3 served=1 denied=0 agents=7S
spot=19 brand=3 cell=288 stock=6 served=5 denied=0 agents=2S,3S,4S,0S,6S
spot=20 brand=4 cell=447 stock=4 served=1 denied=0 agents=7S
spot=22 brand=6 cell=95 stock=2 served=1 denied=0 agents=6S
spot=23 brand=7 cell=529 stock=4 served=4 denied=0 agents=0S,2S,3S,6S
sparse_agent=3 cap=50000 settled=50000 labels=51284 emitted_masks=193 protected_masks=27 retained=91 valid=91 best=8/64/510 mask=0xFD976A protected=8/64/502 protected_mask=0x0
sparse_global_best=8/64/510 baseline=8/64/502 agent=3 mask=0xFD976A
sparse_protected_best=8/64/502 baseline=8/64/502 agent=-1 mask=0x0
sparse_best_plan=[[-1,1,2,2,2,2,2,0,1,0,1,1,0,0,0,1,1,1,1,1,1,1,1,1,0,0,5,0,5,5,5,5,5,3,3,3,3,4,4,4,4,4,4,1,1,2,2,2,2,2,2,2,2,3,3,3,4,4,4,3,3,3,3,1,1,1,2,1,1,2,2,2,2,2,2,3,-1],[-1,1,1,2,2,2,2,2,2,2,2,2,2,2,2,2,2,4,5,4,4,4,5,5,5,5,5,3,3,3,4,4,4,4,4,4,4,1,1,1,1,2,3,3,2,3,3,2,2,3,2,2,2,2,2,2,3,4,4,4,4,4,4,4,5,-22],[-1,1,1,2,2,2,2,2,2,2,2,2,2,2,2,2,2,4,5,4,4,4,4,4,4,5,5,5,5,5,5,5,5,5,4,4,4,4,4,3,3,3,3,3,3,4,4,4,4,2,2,2,2,1,1,1,1,1,1,2,2,2,2,1,1,-21],[-1,3,3,3,3,4,4,4,4,4,4,3,3,3,3,3,4,3,4,4,4,4,5,1,2,2,2,2,2,1,1,2,2,2,2,2,1,1,2,2,2,0,0,0,0,2,1,1,1,2,3,3,3,2,2,3,3,0,1,1,1,1,0,1,0,0,0,1,1,1,0,0,-4],[-1,0,5,5,5,5,5,3,3,4,4,4,4,0,0,5,5,5,5,5,5,0,5,0,5,5,5,5,5,3,3,3,3,4,4,4,4,4,4,1,1,2,2,2,2,2,2,2,2,3,3,2,3,3,2,2,3,2,2,2,2,2,2,3,3,3,3,3,-13],[4,5,4,4,4,4,4,4,5,5,5,5,5,5,5,5,5,4,-109],[-1,5,0,0,0,5,5,5,5,3,3,3,4,4,3,4,3,3,3,3,3,3,3,3,3,0,0,0,0,0,0,0,0,0,0,0,0,5,5,5,5,5,5,5,0,5,0,5,5,5,5,5,3,3,3,3,4,4,4,4,4,4,3,3,3,3,3,3,4,4,4,4,4,5,-10],[-1,0,0,0,0,4,4,4,4,4,4,4,5,0,1,1,0,1,1,1,0,1,0,0,1,1,0,0,0,0,5,0,0,1,1,1,1,3,3,3,4,4,3,4,3,3,4,4,3,4,3,4,4,4,4,0,5,5,5,5,5,0,5,0,0,5,0,0,0,0,0,5,0,0,0,0,0,1,1,3,3,3,3,4,4,-2]]
case_complete day=8 agent=3 exit=0
case_elapsed_ms day=8 agent=3 value=107

case_begin day=8 agent=4 started=2026-08-31T13:49:04.5690705+00:00 max_states=50000 max_routes=64
ledger_before=8/56/437
day_score=8/8/65
score_after=8/64/502
agent=0 kind=patrol claims=10 served=10 path_steps=144 raw_path_fuel=83 initial_fuel=303 spots=16:0,23:7,12:4,4:4,8:0,6:6,19:3,2:2,9:1,5:5 terminal=405:389
agent=1 kind=patrol claims=9 served=9 path_steps=144 raw_path_fuel=72 initial_fuel=406 spots=8:0,14:6,17:1,4:4,11:3,2:2,10:2,5:5,7:7 terminal=569:334
agent=2 kind=patrol claims=8 served=8 path_steps=144 raw_path_fuel=71 initial_fuel=406 spots=8:0,14:6,17:1,6:6,19:3,23:7,12:4,10:2 terminal=349:397
agent=3 kind=patrol claims=8 served=8 path_steps=144 raw_path_fuel=71 initial_fuel=415 spots=8:0,14:6,17:1,6:6,19:3,23:7,12:4,10:2 terminal=349:397
agent=4 kind=patrol claims=11 served=11 path_steps=144 raw_path_fuel=71 initial_fuel=426 spots=15:7,17:1,0:0,4:4,8:0,6:6,19:3,2:2,10:2,5:5,13:5 terminal=503:395
agent=5 kind=tanker claims=0 served=0 path_steps=144 raw_path_fuel=19 initial_fuel=432 spots= terminal=194:432
agent=6 kind=patrol claims=9 served=9 path_steps=144 raw_path_fuel=86 initial_fuel=423 spots=22:6,17:1,5:5,4:4,8:0,6:6,19:3,23:7,16:0 terminal=552:414
agent=7 kind=patrol claims=10 served=10 path_steps=144 raw_path_fuel=111 initial_fuel=400 spots=13:5,5:5,7:7,0:0,17:1,18:2,20:4,11:3,6:6,8:0 terminal=194:432
spot=0 brand=0 cell=159 stock=7 served=2 denied=0 agents=4S,7S
spot=2 brand=2 cell=249 stock=3 served=3 denied=0 agents=1S,4S,0S
spot=4 brand=4 cell=104 stock=8 served=4 denied=0 agents=4S,0S,1S,6S
spot=5 brand=5 cell=405 stock=8 served=5 denied=0 agents=7S,6S,1S,4S,0S
spot=6 brand=6 cell=194 stock=7 served=6 denied=0 agents=2S,3S,4S,0S,6S,7S
spot=7 brand=7 cell=569 stock=7 served=2 denied=0 agents=7S,1S
spot=8 brand=0 cell=49 stock=8 served=7 denied=0 agents=1S,2S,3S,4S,0S,6S,7S
spot=9 brand=1 cell=491 stock=5 served=1 denied=0 agents=0S
spot=10 brand=2 cell=349 stock=5 served=4 denied=0 agents=1S,4S,2S,3S
spot=11 brand=3 cell=342 stock=2 served=2 denied=0 agents=1S,7S
spot=12 brand=4 cell=533 stock=6 served=3 denied=0 agents=0S,2S,3S
spot=13 brand=5 cell=503 stock=3 served=2 denied=0 agents=7S,4S
spot=14 brand=6 cell=10 stock=4 served=3 denied=0 agents=1S,2S,3S
spot=15 brand=7 cell=46 stock=3 served=1 denied=0 agents=4S
spot=16 brand=0 cell=552 stock=5 served=2 denied=0 agents=0S,6S
spot=17 brand=1 cell=16 stock=8 served=6 denied=0 agents=4S,6S,1S,2S,3S,7S
spot=18 brand=2 cell=281 stock=3 served=1 denied=0 agents=7S
spot=19 brand=3 cell=288 stock=6 served=5 denied=0 agents=2S,3S,4S,0S,6S
spot=20 brand=4 cell=447 stock=4 served=1 denied=0 agents=7S
spot=22 brand=6 cell=95 stock=2 served=1 denied=0 agents=6S
spot=23 brand=7 cell=529 stock=4 served=4 denied=0 agents=0S,2S,3S,6S
sparse_agent=4 cap=50000 settled=50000 labels=51485 emitted_masks=281 protected_masks=6 retained=70 valid=70 best=8/64/506 mask=0x7CE4F3 protected=8/64/502 protected_mask=0x0
sparse_global_best=8/64/506 baseline=8/64/502 agent=4 mask=0x7CE4F3
sparse_protected_best=8/64/502 baseline=8/64/502 agent=-1 mask=0x0
sparse_best_plan=[[-1,1,2,2,2,2,2,0,1,0,1,1,0,0,0,1,1,1,1,1,1,1,1,1,0,0,5,0,5,5,5,5,5,3,3,3,3,4,4,4,4,4,4,1,1,2,2,2,2,2,2,2,2,3,3,3,4,4,4,3,3,3,3,1,1,1,2,1,1,2,2,2,2,2,2,3,-1],[-1,1,1,2,2,2,2,2,2,2,2,2,2,2,2,2,2,4,5,4,4,4,5,5,5,5,5,3,3,3,4,4,4,4,4,4,4,1,1,1,1,2,3,3,2,3,3,2,2,3,2,2,2,2,2,2,3,4,4,4,4,4,4,4,5,-22],[-1,1,1,2,2,2,2,2,2,2,2,2,2,2,2,2,2,4,5,4,4,4,4,4,4,5,5,5,5,5,5,5,5,5,4,4,4,4,4,3,3,3,3,3,3,4,4,4,4,2,2,2,2,1,1,1,1,1,1,2,2,2,2,1,1,-21],[-1,1,1,2,2,2,2,2,2,2,2,2,2,2,2,2,2,4,5,4,4,4,4,4,4,5,5,5,5,5,5,5,5,5,4,4,4,4,4,3,3,3,3,3,3,4,4,4,4,2,2,2,2,1,1,1,1,1,1,2,2,2,2,1,1,-21],[-1,3,3,4,4,4,4,3,3,3,3,3,4,4,4,4,3,3,3,3,4,4,5,5,5,5,4,5,0,0,5,0,1,1,0,0,0,0,2,1,1,1,2,0,0,0,0,1,0,0,0,0,0,0,5,5,4,4,4,4,5,4,4,4,4,5,5,5,4,4,4,4,-1],[4,5,4,4,4,4,4,4,5,5,5,5,5,5,5,5,5,4,-109],[-1,5,0,0,0,5,5,5,5,3,3,3,4,4,3,4,3,3,3,3,3,3,3,3,3,0,0,0,0,0,0,0,0,0,0,0,0,5,5,5,5,5,5,5,0,5,0,5,5,5,5,5,3,3,3,3,4,4,4,4,4,4,3,3,3,3,3,3,4,4,4,4,4,5,-10],[-1,0,0,0,0,4,4,4,4,4,4,4,5,0,1,1,0,1,1,1,0,1,0,0,1,1,0,0,0,0,5,0,0,1,1,1,1,3,3,3,4,4,3,4,3,3,4,4,3,4,3,4,4,4,4,0,5,5,5,5,5,0,5,0,0,5,0,0,0,0,0,5,0,0,0,0,0,1,1,3,3,3,3,4,4,-2]]
case_complete day=8 agent=4 exit=0
case_elapsed_ms day=8 agent=4 value=111

case_begin day=8 agent=6 started=2026-08-31T13:49:04.6936811+00:00 max_states=50000 max_routes=64
ledger_before=8/56/437
day_score=8/8/65
score_after=8/64/502
agent=0 kind=patrol claims=10 served=10 path_steps=144 raw_path_fuel=83 initial_fuel=303 spots=16:0,23:7,12:4,4:4,8:0,6:6,19:3,2:2,9:1,5:5 terminal=405:389
agent=1 kind=patrol claims=9 served=9 path_steps=144 raw_path_fuel=72 initial_fuel=406 spots=8:0,14:6,17:1,4:4,11:3,2:2,10:2,5:5,7:7 terminal=569:334
agent=2 kind=patrol claims=8 served=8 path_steps=144 raw_path_fuel=71 initial_fuel=406 spots=8:0,14:6,17:1,6:6,19:3,23:7,12:4,10:2 terminal=349:397
agent=3 kind=patrol claims=8 served=8 path_steps=144 raw_path_fuel=71 initial_fuel=415 spots=8:0,14:6,17:1,6:6,19:3,23:7,12:4,10:2 terminal=349:397
agent=4 kind=patrol claims=11 served=11 path_steps=144 raw_path_fuel=71 initial_fuel=426 spots=15:7,17:1,0:0,4:4,8:0,6:6,19:3,2:2,10:2,5:5,13:5 terminal=503:395
agent=5 kind=tanker claims=0 served=0 path_steps=144 raw_path_fuel=19 initial_fuel=432 spots= terminal=194:432
agent=6 kind=patrol claims=9 served=9 path_steps=144 raw_path_fuel=86 initial_fuel=423 spots=22:6,17:1,5:5,4:4,8:0,6:6,19:3,23:7,16:0 terminal=552:414
agent=7 kind=patrol claims=10 served=10 path_steps=144 raw_path_fuel=111 initial_fuel=400 spots=13:5,5:5,7:7,0:0,17:1,18:2,20:4,11:3,6:6,8:0 terminal=194:432
spot=0 brand=0 cell=159 stock=7 served=2 denied=0 agents=4S,7S
spot=2 brand=2 cell=249 stock=3 served=3 denied=0 agents=1S,4S,0S
spot=4 brand=4 cell=104 stock=8 served=4 denied=0 agents=4S,0S,1S,6S
spot=5 brand=5 cell=405 stock=8 served=5 denied=0 agents=7S,6S,1S,4S,0S
spot=6 brand=6 cell=194 stock=7 served=6 denied=0 agents=2S,3S,4S,0S,6S,7S
spot=7 brand=7 cell=569 stock=7 served=2 denied=0 agents=7S,1S
spot=8 brand=0 cell=49 stock=8 served=7 denied=0 agents=1S,2S,3S,4S,0S,6S,7S
spot=9 brand=1 cell=491 stock=5 served=1 denied=0 agents=0S
spot=10 brand=2 cell=349 stock=5 served=4 denied=0 agents=1S,4S,2S,3S
spot=11 brand=3 cell=342 stock=2 served=2 denied=0 agents=1S,7S
spot=12 brand=4 cell=533 stock=6 served=3 denied=0 agents=0S,2S,3S
spot=13 brand=5 cell=503 stock=3 served=2 denied=0 agents=7S,4S
spot=14 brand=6 cell=10 stock=4 served=3 denied=0 agents=1S,2S,3S
spot=15 brand=7 cell=46 stock=3 served=1 denied=0 agents=4S
spot=16 brand=0 cell=552 stock=5 served=2 denied=0 agents=0S,6S
spot=17 brand=1 cell=16 stock=8 served=6 denied=0 agents=4S,6S,1S,2S,3S,7S
spot=18 brand=2 cell=281 stock=3 served=1 denied=0 agents=7S
spot=19 brand=3 cell=288 stock=6 served=5 denied=0 agents=2S,3S,4S,0S,6S
spot=20 brand=4 cell=447 stock=4 served=1 denied=0 agents=7S
spot=22 brand=6 cell=95 stock=2 served=1 denied=0 agents=6S
spot=23 brand=7 cell=529 stock=4 served=4 denied=0 agents=0S,2S,3S,6S
sparse_agent=6 cap=50000 settled=50000 labels=51375 emitted_masks=243 protected_masks=36 retained=91 valid=91 best=8/64/508 mask=0xF5B6AA protected=8/64/502 protected_mask=0x0
sparse_global_best=8/64/508 baseline=8/64/502 agent=6 mask=0xF5B6AA
sparse_protected_best=8/64/502 baseline=8/64/502 agent=-1 mask=0x0
sparse_best_plan=[[-1,1,2,2,2,2,2,0,1,0,1,1,0,0,0,1,1,1,1,1,1,1,1,1,0,0,5,0,5,5,5,5,5,3,3,3,3,4,4,4,4,4,4,1,1,2,2,2,2,2,2,2,2,3,3,3,4,4,4,3,3,3,3,1,1,1,2,1,1,2,2,2,2,2,2,3,-1],[-1,1,1,2,2,2,2,2,2,2,2,2,2,2,2,2,2,4,5,4,4,4,5,5,5,5,5,3,3,3,4,4,4,4,4,4,4,1,1,1,1,2,3,3,2,3,3,2,2,3,2,2,2,2,2,2,3,4,4,4,4,4,4,4,5,-22],[-1,1,1,2,2,2,2,2,2,2,2,2,2,2,2,2,2,4,5,4,4,4,4,4,4,5,5,5,5,5,5,5,5,5,4,4,4,4,4,3,3,3,3,3,3,4,4,4,4,2,2,2,2,1,1,1,1,1,1,2,2,2,2,1,1,-21],[-1,1,1,2,2,2,2,2,2,2,2,2,2,2,2,2,2,4,5,4,4,4,4,4,4,5,5,5,5,5,5,5,5,5,4,4,4,4,4,3,3,3,3,3,3,4,4,4,4,2,2,2,2,1,1,1,1,1,1,2,2,2,2,1,1,-21],[-1,0,5,5,5,5,5,3,3,4,4,4,4,0,0,5,5,5,5,5,5,0,5,0,5,5,5,5,5,3,3,3,3,4,4,4,4,4,4,1,1,2,2,2,2,2,2,2,2,3,3,2,3,3,2,2,3,2,2,2,2,2,2,3,3,3,3,3,-13],[4,5,4,4,4,4,4,4,5,5,5,5,5,5,5,5,5,4,-109],[-1,0,0,4,3,3,4,4,4,3,3,3,3,3,4,4,4,4,3,3,3,3,4,4,5,5,5,5,4,5,0,0,5,0,1,1,0,0,0,0,2,1,1,1,2,3,4,4,4,5,4,4,4,4,4,5,4,5,5,5,5,5,4,0,5,0,0,0,3,4,4,4,4,5,-2],[-1,0,0,0,0,4,4,4,4,4,4,4,5,0,1,1,0,1,1,1,0,1,0,0,1,1,0,0,0,0,5,0,0,1,1,1,1,3,3,3,4,4,3,4,3,3,4,4,3,4,3,4,4,4,4,0,5,5,5,5,5,0,5,0,0,5,0,0,0,0,0,5,0,0,0,0,0,1,1,3,3,3,3,4,4,-2]]
case_complete day=8 agent=6 exit=0
case_elapsed_ms day=8 agent=6 value=177

case_begin day=8 agent=7 started=2026-08-31T13:49:04.8772753+00:00 max_states=50000 max_routes=64
ledger_before=8/56/437
day_score=8/8/65
score_after=8/64/502
agent=0 kind=patrol claims=10 served=10 path_steps=144 raw_path_fuel=83 initial_fuel=303 spots=16:0,23:7,12:4,4:4,8:0,6:6,19:3,2:2,9:1,5:5 terminal=405:389
agent=1 kind=patrol claims=9 served=9 path_steps=144 raw_path_fuel=72 initial_fuel=406 spots=8:0,14:6,17:1,4:4,11:3,2:2,10:2,5:5,7:7 terminal=569:334
agent=2 kind=patrol claims=8 served=8 path_steps=144 raw_path_fuel=71 initial_fuel=406 spots=8:0,14:6,17:1,6:6,19:3,23:7,12:4,10:2 terminal=349:397
agent=3 kind=patrol claims=8 served=8 path_steps=144 raw_path_fuel=71 initial_fuel=415 spots=8:0,14:6,17:1,6:6,19:3,23:7,12:4,10:2 terminal=349:397
agent=4 kind=patrol claims=11 served=11 path_steps=144 raw_path_fuel=71 initial_fuel=426 spots=15:7,17:1,0:0,4:4,8:0,6:6,19:3,2:2,10:2,5:5,13:5 terminal=503:395
agent=5 kind=tanker claims=0 served=0 path_steps=144 raw_path_fuel=19 initial_fuel=432 spots= terminal=194:432
agent=6 kind=patrol claims=9 served=9 path_steps=144 raw_path_fuel=86 initial_fuel=423 spots=22:6,17:1,5:5,4:4,8:0,6:6,19:3,23:7,16:0 terminal=552:414
agent=7 kind=patrol claims=10 served=10 path_steps=144 raw_path_fuel=111 initial_fuel=400 spots=13:5,5:5,7:7,0:0,17:1,18:2,20:4,11:3,6:6,8:0 terminal=194:432
spot=0 brand=0 cell=159 stock=7 served=2 denied=0 agents=4S,7S
spot=2 brand=2 cell=249 stock=3 served=3 denied=0 agents=1S,4S,0S
spot=4 brand=4 cell=104 stock=8 served=4 denied=0 agents=4S,0S,1S,6S
spot=5 brand=5 cell=405 stock=8 served=5 denied=0 agents=7S,6S,1S,4S,0S
spot=6 brand=6 cell=194 stock=7 served=6 denied=0 agents=2S,3S,4S,0S,6S,7S
spot=7 brand=7 cell=569 stock=7 served=2 denied=0 agents=7S,1S
spot=8 brand=0 cell=49 stock=8 served=7 denied=0 agents=1S,2S,3S,4S,0S,6S,7S
spot=9 brand=1 cell=491 stock=5 served=1 denied=0 agents=0S
spot=10 brand=2 cell=349 stock=5 served=4 denied=0 agents=1S,4S,2S,3S
spot=11 brand=3 cell=342 stock=2 served=2 denied=0 agents=1S,7S
spot=12 brand=4 cell=533 stock=6 served=3 denied=0 agents=0S,2S,3S
spot=13 brand=5 cell=503 stock=3 served=2 denied=0 agents=7S,4S
spot=14 brand=6 cell=10 stock=4 served=3 denied=0 agents=1S,2S,3S
spot=15 brand=7 cell=46 stock=3 served=1 denied=0 agents=4S
spot=16 brand=0 cell=552 stock=5 served=2 denied=0 agents=0S,6S
spot=17 brand=1 cell=16 stock=8 served=6 denied=0 agents=4S,6S,1S,2S,3S,7S
spot=18 brand=2 cell=281 stock=3 served=1 denied=0 agents=7S
spot=19 brand=3 cell=288 stock=6 served=5 denied=0 agents=2S,3S,4S,0S,6S
spot=20 brand=4 cell=447 stock=4 served=1 denied=0 agents=7S
spot=22 brand=6 cell=95 stock=2 served=1 denied=0 agents=6S
spot=23 brand=7 cell=529 stock=4 served=4 denied=0 agents=0S,2S,3S,6S
sparse_agent=7 cap=50000 settled=50000 labels=51124 emitted_masks=220 protected_masks=26 retained=84 valid=84 best=8/64/508 mask=0x7EAE6B protected=8/64/502 protected_mask=0x0
sparse_global_best=8/64/508 baseline=8/64/502 agent=7 mask=0x7EAE6B
sparse_protected_best=8/64/502 baseline=8/64/502 agent=-1 mask=0x0
sparse_best_plan=[[-1,1,2,2,2,2,2,0,1,0,1,1,0,0,0,1,1,1,1,1,1,1,1,1,0,0,5,0,5,5,5,5,5,3,3,3,3,4,4,4,4,4,4,1,1,2,2,2,2,2,2,2,2,3,3,3,4,4,4,3,3,3,3,1,1,1,2,1,1,2,2,2,2,2,2,3,-1],[-1,1,1,2,2,2,2,2,2,2,2,2,2,2,2,2,2,4,5,4,4,4,5,5,5,5,5,3,3,3,4,4,4,4,4,4,4,1,1,1,1,2,3,3,2,3,3,2,2,3,2,2,2,2,2,2,3,4,4,4,4,4,4,4,5,-22],[-1,1,1,2,2,2,2,2,2,2,2,2,2,2,2,2,2,4,5,4,4,4,4,4,4,5,5,5,5,5,5,5,5,5,4,4,4,4,4,3,3,3,3,3,3,4,4,4,4,2,2,2,2,1,1,1,1,1,1,2,2,2,2,1,1,-21],[-1,1,1,2,2,2,2,2,2,2,2,2,2,2,2,2,2,4,5,4,4,4,4,4,4,5,5,5,5,5,5,5,5,5,4,4,4,4,4,3,3,3,3,3,3,4,4,4,4,2,2,2,2,1,1,1,1,1,1,2,2,2,2,1,1,-21],[-1,0,5,5,5,5,5,3,3,4,4,4,4,0,0,5,5,5,5,5,5,0,5,0,5,5,5,5,5,3,3,3,3,4,4,4,4,4,4,1,1,2,2,2,2,2,2,2,2,3,3,2,3,3,2,2,3,2,2,2,2,2,2,3,3,3,3,3,-13],[4,5,4,4,4,4,4,4,5,5,5,5,5,5,5,5,5,4,-109],[-1,5,0,0,0,5,5,5,5,3,3,3,4,4,3,4,3,3,3,3,3,3,3,3,3,0,0,0,0,0,0,0,0,0,0,0,0,5,5,5,5,5,5,5,0,5,0,5,5,5,5,5,3,3,3,3,4,4,4,4,4,4,3,3,3,3,3,3,4,4,4,4,4,5,-10],[-1,0,0,0,0,0,1,1,1,1,0,1,0,0,0,1,1,1,0,0,0,5,5,5,5,5,3,3,4,4,4,4,3,3,3,3,4,4,4,4,5,5,3,3,3,3,4,4,5,5,5,0,0,0,0,5,0,0,5,4,4,5,4,4,5,0,1,0,0,0,0,1,1,1,1]]
case_complete day=8 agent=7 exit=0
case_elapsed_ms day=8 agent=7 value=114

case_begin day=9 agent=0 started=2026-08-31T13:49:05.0020944+00:00 max_states=50000 max_routes=64
ledger_before=8/64/502
day_score=8/8/63
score_after=8/72/565
agent=0 kind=patrol claims=8 served=8 path_steps=144 raw_path_fuel=70 initial_fuel=389 spots=5:5,7:7,2:2,4:4,8:0,6:6,19:3,9:1 terminal=491:407
agent=1 kind=patrol claims=9 served=9 path_steps=144 raw_path_fuel=73 initial_fuel=334 spots=7:7,5:5,17:1,4:4,14:6,0:0,18:2,10:2,11:3 terminal=342:261
agent=2 kind=patrol claims=9 served=9 path_steps=144 raw_path_fuel=81 initial_fuel=397 spots=10:2,5:5,7:7,2:2,4:4,8:0,6:6,19:3,9:1 terminal=491:407
agent=3 kind=patrol claims=9 served=9 path_steps=144 raw_path_fuel=74 initial_fuel=397 spots=10:2,5:5,4:4,0:0,17:1,14:6,15:7,22:6,1:1 terminal=165:323
agent=4 kind=patrol claims=10 served=10 path_steps=144 raw_path_fuel=91 initial_fuel=395 spots=13:5,5:5,7:7,17:1,4:4,14:6,0:0,18:2,10:2,11:3 terminal=342:304
agent=5 kind=tanker claims=0 served=0 path_steps=144 raw_path_fuel=0 initial_fuel=432 spots= terminal=194:432
agent=6 kind=patrol claims=10 served=10 path_steps=144 raw_path_fuel=73 initial_fuel=414 spots=16:0,23:7,12:4,4:4,8:0,6:6,19:3,2:2,9:1,10:2 terminal=349:399
agent=7 kind=patrol claims=8 served=8 path_steps=144 raw_path_fuel=63 initial_fuel=432 spots=6:6,8:0,14:6,17:1,18:2,5:5,20:4,7:7 terminal=569:369
spot=0 brand=0 cell=159 stock=7 served=3 denied=0 agents=3S,1S,4S
spot=1 brand=1 cell=165 stock=1 served=1 denied=0 agents=3S
spot=2 brand=2 cell=249 stock=3 served=3 denied=0 agents=0S,2S,6S
spot=4 brand=4 cell=104 stock=8 served=6 denied=0 agents=6S,3S,0S,1S,2S,4S
spot=5 brand=5 cell=405 stock=8 served=6 denied=0 agents=0S,4S,1S,2S,3S,7S
spot=6 brand=6 cell=194 stock=7 served=4 denied=0 agents=7S,6S,0S,2S
spot=7 brand=7 cell=569 stock=7 served=5 denied=0 agents=1S,0S,4S,2S,7S
spot=8 brand=0 cell=49 stock=8 served=4 denied=0 agents=7S,6S,0S,2S
spot=9 brand=1 cell=491 stock=5 served=3 denied=0 agents=0S,6S,2S
spot=10 brand=2 cell=349 stock=5 served=5 denied=0 agents=2S,3S,1S,4S,6S
spot=11 brand=3 cell=342 stock=2 served=2 denied=0 agents=1S,4S
spot=12 brand=4 cell=533 stock=6 served=1 denied=0 agents=6S
spot=13 brand=5 cell=503 stock=3 served=1 denied=0 agents=4S
spot=14 brand=6 cell=10 stock=4 served=4 denied=0 agents=7S,1S,4S,3S
spot=15 brand=7 cell=46 stock=3 served=1 denied=0 agents=3S
spot=16 brand=0 cell=552 stock=5 served=1 denied=0 agents=6S
spot=17 brand=1 cell=16 stock=8 served=4 denied=0 agents=1S,7S,4S,3S
spot=18 brand=2 cell=281 stock=3 served=3 denied=0 agents=7S,1S,4S
spot=19 brand=3 cell=288 stock=6 served=3 denied=0 agents=6S,0S,2S
spot=20 brand=4 cell=447 stock=4 served=1 denied=0 agents=7S
spot=22 brand=6 cell=95 stock=2 served=1 denied=0 agents=3S
spot=23 brand=7 cell=529 stock=4 served=1 denied=0 agents=6S
sparse_agent=0 cap=50000 settled=50000 labels=51454 emitted_masks=254 protected_masks=17 retained=78 valid=78 best=8/72/568 mask=0x5EE4F3 protected=8/72/565 protected_mask=0x0
sparse_global_best=8/72/568 baseline=8/72/565 agent=0 mask=0x5EE4F3
sparse_protected_best=8/72/565 baseline=8/72/565 agent=-1 mask=0x0
sparse_best_plan=[[-1,3,3,3,3,4,4,5,5,5,5,4,5,0,0,5,0,1,1,0,0,0,0,2,1,1,1,2,0,0,0,0,1,2,2,2,2,2,2,1,1,1,0,0,0,5,5,5,5,5,5,5,5,5,5,5,4,4,4,4,5,4,4,4,4,5,5,5,4,4,4,4],[-1,2,1,1,1,1,1,1,1,0,0,0,0,0,0,0,1,0,0,0,1,0,1,0,0,4,5,4,4,4,5,5,5,5,5,1,1,1,1,2,2,3,3,3,3,3,3,3,3,3,3,4,4,4,4,5,5,5,5,5,5,5,5,5,-27],[-1,2,2,2,3,2,2,2,2,3,4,4,4,4,4,4,4,5,0,0,5,0,0,0,0,0,0,0,0,0,0,0,0,1,0,0,1,0,0,5,0,5,5,5,5,5,3,3,3,3,4,4,4,4,4,4,2,3,3,3,2,3,2,3,2,2,2,2,3,3,3,-14],[-1,2,2,2,3,2,2,2,2,3,0,0,0,0,0,0,0,0,0,0,0,0,5,5,5,5,5,5,5,2,2,2,2,2,2,3,3,0,0,1,1,1,1,5,5,5,5,5,5,2,2,2,2,3,2,2,2,2,2,2,2,3,3,4,4,4,-19],[-1,0,0,0,0,4,4,4,4,4,4,4,5,0,0,1,1,1,1,1,0,1,0,0,1,1,0,1,0,0,0,1,0,1,0,0,4,5,4,4,4,5,5,5,5,5,1,1,1,1,2,2,3,3,3,3,3,3,3,3,3,3,4,4,4,4,5,5,5,5,5,5,5,5,5,-12],[-144],[-1,1,2,2,2,2,2,0,1,0,1,1,0,0,0,1,1,1,1,1,1,1,1,1,0,0,5,0,5,5,5,5,5,3,3,3,3,4,4,4,4,4,4,1,1,2,2,2,2,2,2,2,2,3,3,3,4,4,4,3,3,3,3,0,1,1,1,1,1,-12],[-1,0,0,0,0,1,1,1,1,2,2,2,2,2,2,2,2,2,2,2,2,2,2,3,3,3,4,4,3,4,3,3,4,4,3,3,3,2,2,3,3,4,5,5,5,5,5,4,4,4,3,2,3,3,-46]]
case_complete day=9 agent=0 exit=0
case_elapsed_ms day=9 agent=0 value=115

case_begin day=9 agent=1 started=2026-08-31T13:49:05.1230730+00:00 max_states=50000 max_routes=64
ledger_before=8/64/502
day_score=8/8/63
score_after=8/72/565
agent=0 kind=patrol claims=8 served=8 path_steps=144 raw_path_fuel=70 initial_fuel=389 spots=5:5,7:7,2:2,4:4,8:0,6:6,19:3,9:1 terminal=491:407
agent=1 kind=patrol claims=9 served=9 path_steps=144 raw_path_fuel=73 initial_fuel=334 spots=7:7,5:5,17:1,4:4,14:6,0:0,18:2,10:2,11:3 terminal=342:261
agent=2 kind=patrol claims=9 served=9 path_steps=144 raw_path_fuel=81 initial_fuel=397 spots=10:2,5:5,7:7,2:2,4:4,8:0,6:6,19:3,9:1 terminal=491:407
agent=3 kind=patrol claims=9 served=9 path_steps=144 raw_path_fuel=74 initial_fuel=397 spots=10:2,5:5,4:4,0:0,17:1,14:6,15:7,22:6,1:1 terminal=165:323
agent=4 kind=patrol claims=10 served=10 path_steps=144 raw_path_fuel=91 initial_fuel=395 spots=13:5,5:5,7:7,17:1,4:4,14:6,0:0,18:2,10:2,11:3 terminal=342:304
agent=5 kind=tanker claims=0 served=0 path_steps=144 raw_path_fuel=0 initial_fuel=432 spots= terminal=194:432
agent=6 kind=patrol claims=10 served=10 path_steps=144 raw_path_fuel=73 initial_fuel=414 spots=16:0,23:7,12:4,4:4,8:0,6:6,19:3,2:2,9:1,10:2 terminal=349:399
agent=7 kind=patrol claims=8 served=8 path_steps=144 raw_path_fuel=63 initial_fuel=432 spots=6:6,8:0,14:6,17:1,18:2,5:5,20:4,7:7 terminal=569:369
spot=0 brand=0 cell=159 stock=7 served=3 denied=0 agents=3S,1S,4S
spot=1 brand=1 cell=165 stock=1 served=1 denied=0 agents=3S
spot=2 brand=2 cell=249 stock=3 served=3 denied=0 agents=0S,2S,6S
spot=4 brand=4 cell=104 stock=8 served=6 denied=0 agents=6S,3S,0S,1S,2S,4S
spot=5 brand=5 cell=405 stock=8 served=6 denied=0 agents=0S,4S,1S,2S,3S,7S
spot=6 brand=6 cell=194 stock=7 served=4 denied=0 agents=7S,6S,0S,2S
spot=7 brand=7 cell=569 stock=7 served=5 denied=0 agents=1S,0S,4S,2S,7S
spot=8 brand=0 cell=49 stock=8 served=4 denied=0 agents=7S,6S,0S,2S
spot=9 brand=1 cell=491 stock=5 served=3 denied=0 agents=0S,6S,2S
spot=10 brand=2 cell=349 stock=5 served=5 denied=0 agents=2S,3S,1S,4S,6S
spot=11 brand=3 cell=342 stock=2 served=2 denied=0 agents=1S,4S
spot=12 brand=4 cell=533 stock=6 served=1 denied=0 agents=6S
spot=13 brand=5 cell=503 stock=3 served=1 denied=0 agents=4S
spot=14 brand=6 cell=10 stock=4 served=4 denied=0 agents=7S,1S,4S,3S
spot=15 brand=7 cell=46 stock=3 served=1 denied=0 agents=3S
spot=16 brand=0 cell=552 stock=5 served=1 denied=0 agents=6S
spot=17 brand=1 cell=16 stock=8 served=4 denied=0 agents=1S,7S,4S,3S
spot=18 brand=2 cell=281 stock=3 served=3 denied=0 agents=7S,1S,4S
spot=19 brand=3 cell=288 stock=6 served=3 denied=0 agents=6S,0S,2S
spot=20 brand=4 cell=447 stock=4 served=1 denied=0 agents=7S
spot=22 brand=6 cell=95 stock=2 served=1 denied=0 agents=3S
spot=23 brand=7 cell=529 stock=4 served=1 denied=0 agents=6S
sparse_agent=1 cap=50000 settled=50000 labels=51425 emitted_masks=371 protected_masks=51 retained=112 valid=112 best=8/72/570 mask=0xD7CC9F protected=8/72/565 protected_mask=0x0
sparse_global_best=8/72/570 baseline=8/72/565 agent=1 mask=0xD7CC9F
sparse_protected_best=8/72/565 baseline=8/72/565 agent=-1 mask=0x0
sparse_best_plan=[[-1,4,4,4,4,4,4,4,5,0,0,5,0,0,0,0,0,0,0,0,0,0,0,0,1,0,0,1,0,0,5,0,5,5,5,5,5,3,3,3,3,4,4,4,4,4,4,2,3,3,3,2,3,2,3,2,2,2,2,3,3,3,-30],[-1,0,0,5,0,1,1,0,0,0,0,2,1,1,1,2,0,0,0,0,1,2,2,2,2,2,2,1,1,1,0,0,0,5,5,5,5,5,5,5,5,5,5,5,4,4,4,4,3,3,3,3,4,4,4,4,4,4,5,4,4,5,4,4,5,3,4,4,4,4,5,-3],[-1,2,2,2,3,2,2,2,2,3,4,4,4,4,4,4,4,5,0,0,5,0,0,0,0,0,0,0,0,0,0,0,0,1,0,0,1,0,0,5,0,5,5,5,5,5,3,3,3,3,4,4,4,4,4,4,2,3,3,3,2,3,2,3,2,2,2,2,3,3,3,-14],[-1,2,2,2,3,2,2,2,2,3,0,0,0,0,0,0,0,0,0,0,0,0,5,5,5,5,5,5,5,2,2,2,2,2,2,3,3,0,0,1,1,1,1,5,5,5,5,5,5,2,2,2,2,3,2,2,2,2,2,2,2,3,3,4,4,4,-19],[-1,0,0,0,0,4,4,4,4,4,4,4,5,0,0,1,1,1,1,1,0,1,0,0,1,1,0,1,0,0,0,1,0,1,0,0,4,5,4,4,4,5,5,5,5,5,1,1,1,1,2,2,3,3,3,3,3,3,3,3,3,3,4,4,4,4,5,5,5,5,5,5,5,5,5,-12],[-144],[-1,1,2,2,2,2,2,0,1,0,1,1,0,0,0,1,1,1,1,1,1,1,1,1,0,0,5,0,5,5,5,5,5,3,3,3,3,4,4,4,4,4,4,1,1,2,2,2,2,2,2,2,2,3,3,3,4,4,4,3,3,3,3,0,1,1,1,1,1,-12],[-1,0,0,0,0,1,1,1,1,2,2,2,2,2,2,2,2,2,2,2,2,2,2,3,3,3,4,4,3,4,3,3,4,4,3,3,3,2,2,3,3,4,5,5,5,5,5,4,4,4,3,2,3,3,-46]]
case_complete day=9 agent=1 exit=0
case_elapsed_ms day=9 agent=1 value=104

case_begin day=9 agent=2 started=2026-08-31T13:49:05.2350572+00:00 max_states=50000 max_routes=64
ledger_before=8/64/502
day_score=8/8/63
score_after=8/72/565
agent=0 kind=patrol claims=8 served=8 path_steps=144 raw_path_fuel=70 initial_fuel=389 spots=5:5,7:7,2:2,4:4,8:0,6:6,19:3,9:1 terminal=491:407
agent=1 kind=patrol claims=9 served=9 path_steps=144 raw_path_fuel=73 initial_fuel=334 spots=7:7,5:5,17:1,4:4,14:6,0:0,18:2,10:2,11:3 terminal=342:261
agent=2 kind=patrol claims=9 served=9 path_steps=144 raw_path_fuel=81 initial_fuel=397 spots=10:2,5:5,7:7,2:2,4:4,8:0,6:6,19:3,9:1 terminal=491:407
agent=3 kind=patrol claims=9 served=9 path_steps=144 raw_path_fuel=74 initial_fuel=397 spots=10:2,5:5,4:4,0:0,17:1,14:6,15:7,22:6,1:1 terminal=165:323
agent=4 kind=patrol claims=10 served=10 path_steps=144 raw_path_fuel=91 initial_fuel=395 spots=13:5,5:5,7:7,17:1,4:4,14:6,0:0,18:2,10:2,11:3 terminal=342:304
agent=5 kind=tanker claims=0 served=0 path_steps=144 raw_path_fuel=0 initial_fuel=432 spots= terminal=194:432
agent=6 kind=patrol claims=10 served=10 path_steps=144 raw_path_fuel=73 initial_fuel=414 spots=16:0,23:7,12:4,4:4,8:0,6:6,19:3,2:2,9:1,10:2 terminal=349:399
agent=7 kind=patrol claims=8 served=8 path_steps=144 raw_path_fuel=63 initial_fuel=432 spots=6:6,8:0,14:6,17:1,18:2,5:5,20:4,7:7 terminal=569:369
spot=0 brand=0 cell=159 stock=7 served=3 denied=0 agents=3S,1S,4S
spot=1 brand=1 cell=165 stock=1 served=1 denied=0 agents=3S
spot=2 brand=2 cell=249 stock=3 served=3 denied=0 agents=0S,2S,6S
spot=4 brand=4 cell=104 stock=8 served=6 denied=0 agents=6S,3S,0S,1S,2S,4S
spot=5 brand=5 cell=405 stock=8 served=6 denied=0 agents=0S,4S,1S,2S,3S,7S
spot=6 brand=6 cell=194 stock=7 served=4 denied=0 agents=7S,6S,0S,2S
spot=7 brand=7 cell=569 stock=7 served=5 denied=0 agents=1S,0S,4S,2S,7S
spot=8 brand=0 cell=49 stock=8 served=4 denied=0 agents=7S,6S,0S,2S
spot=9 brand=1 cell=491 stock=5 served=3 denied=0 agents=0S,6S,2S
spot=10 brand=2 cell=349 stock=5 served=5 denied=0 agents=2S,3S,1S,4S,6S
spot=11 brand=3 cell=342 stock=2 served=2 denied=0 agents=1S,4S
spot=12 brand=4 cell=533 stock=6 served=1 denied=0 agents=6S
spot=13 brand=5 cell=503 stock=3 served=1 denied=0 agents=4S
spot=14 brand=6 cell=10 stock=4 served=4 denied=0 agents=7S,1S,4S,3S
spot=15 brand=7 cell=46 stock=3 served=1 denied=0 agents=3S
spot=16 brand=0 cell=552 stock=5 served=1 denied=0 agents=6S
spot=17 brand=1 cell=16 stock=8 served=4 denied=0 agents=1S,7S,4S,3S
spot=18 brand=2 cell=281 stock=3 served=3 denied=0 agents=7S,1S,4S
spot=19 brand=3 cell=288 stock=6 served=3 denied=0 agents=6S,0S,2S
spot=20 brand=4 cell=447 stock=4 served=1 denied=0 agents=7S
spot=22 brand=6 cell=95 stock=2 served=1 denied=0 agents=3S
spot=23 brand=7 cell=529 stock=4 served=1 denied=0 agents=6S
sparse_agent=2 cap=50000 settled=50000 labels=51342 emitted_masks=153 protected_masks=28 retained=92 valid=92 best=8/72/568 mask=0x72EE37 protected=8/72/565 protected_mask=0x0
sparse_global_best=8/72/568 baseline=8/72/565 agent=2 mask=0x72EE37
sparse_protected_best=8/72/565 baseline=8/72/565 agent=-1 mask=0x0
sparse_best_plan=[[-1,4,4,4,4,4,4,4,5,0,0,5,0,0,0,0,0,0,0,0,0,0,0,0,1,0,0,1,0,0,5,0,5,5,5,5,5,3,3,3,3,4,4,4,4,4,4,2,3,3,3,2,3,2,3,2,2,2,2,3,3,3,-30],[-1,2,1,1,1,1,1,1,1,0,0,0,0,0,0,0,1,0,0,0,1,0,1,0,0,4,5,4,4,4,5,5,5,5,5,1,1,1,1,2,2,3,3,3,3,3,3,3,3,3,3,4,4,4,4,5,5,5,5,5,5,5,5,5,-27],[-1,4,3,2,3,3,4,4,5,5,5,0,0,0,0,5,0,0,5,1,1,1,1,2,0,1,0,0,0,1,1,1,1,1,2,2,2,2,2,2,2,2,2,2,2,3,3,3,4,4,4,5,5,5,5,5,5,2,3,3,3,3,2,2,2,2,3,3,4,4,4,4,3,3,3,3],[-1,2,2,2,3,2,2,2,2,3,0,0,0,0,0,0,0,0,0,0,0,0,5,5,5,5,5,5,5,2,2,2,2,2,2,3,3,0,0,1,1,1,1,5,5,5,5,5,5,2,2,2,2,3,2,2,2,2,2,2,2,3,3,4,4,4,-19],[-1,0,0,0,0,4,4,4,4,4,4,4,5,0,0,1,1,1,1,1,0,1,0,0,1,1,0,1,0,0,0,1,0,1,0,0,4,5,4,4,4,5,5,5,5,5,1,1,1,1,2,2,3,3,3,3,3,3,3,3,3,3,4,4,4,4,5,5,5,5,5,5,5,5,5,-12],[-144],[-1,1,2,2,2,2,2,0,1,0,1,1,0,0,0,1,1,1,1,1,1,1,1,1,0,0,5,0,5,5,5,5,5,3,3,3,3,4,4,4,4,4,4,1,1,2,2,2,2,2,2,2,2,3,3,3,4,4,4,3,3,3,3,0,1,1,1,1,1,-12],[-1,0,0,0,0,1,1,1,1,2,2,2,2,2,2,2,2,2,2,2,2,2,2,3,3,3,4,4,3,4,3,3,4,4,3,3,3,2,2,3,3,4,5,5,5,5,5,4,4,4,3,2,3,3,-46]]
case_complete day=9 agent=2 exit=0
case_elapsed_ms day=9 agent=2 value=100

case_begin day=9 agent=3 started=2026-08-31T13:49:05.3444610+00:00 max_states=50000 max_routes=64
ledger_before=8/64/502
day_score=8/8/63
score_after=8/72/565
agent=0 kind=patrol claims=8 served=8 path_steps=144 raw_path_fuel=70 initial_fuel=389 spots=5:5,7:7,2:2,4:4,8:0,6:6,19:3,9:1 terminal=491:407
agent=1 kind=patrol claims=9 served=9 path_steps=144 raw_path_fuel=73 initial_fuel=334 spots=7:7,5:5,17:1,4:4,14:6,0:0,18:2,10:2,11:3 terminal=342:261
agent=2 kind=patrol claims=9 served=9 path_steps=144 raw_path_fuel=81 initial_fuel=397 spots=10:2,5:5,7:7,2:2,4:4,8:0,6:6,19:3,9:1 terminal=491:407
agent=3 kind=patrol claims=9 served=9 path_steps=144 raw_path_fuel=74 initial_fuel=397 spots=10:2,5:5,4:4,0:0,17:1,14:6,15:7,22:6,1:1 terminal=165:323
agent=4 kind=patrol claims=10 served=10 path_steps=144 raw_path_fuel=91 initial_fuel=395 spots=13:5,5:5,7:7,17:1,4:4,14:6,0:0,18:2,10:2,11:3 terminal=342:304
agent=5 kind=tanker claims=0 served=0 path_steps=144 raw_path_fuel=0 initial_fuel=432 spots= terminal=194:432
agent=6 kind=patrol claims=10 served=10 path_steps=144 raw_path_fuel=73 initial_fuel=414 spots=16:0,23:7,12:4,4:4,8:0,6:6,19:3,2:2,9:1,10:2 terminal=349:399
agent=7 kind=patrol claims=8 served=8 path_steps=144 raw_path_fuel=63 initial_fuel=432 spots=6:6,8:0,14:6,17:1,18:2,5:5,20:4,7:7 terminal=569:369
spot=0 brand=0 cell=159 stock=7 served=3 denied=0 agents=3S,1S,4S
spot=1 brand=1 cell=165 stock=1 served=1 denied=0 agents=3S
spot=2 brand=2 cell=249 stock=3 served=3 denied=0 agents=0S,2S,6S
spot=4 brand=4 cell=104 stock=8 served=6 denied=0 agents=6S,3S,0S,1S,2S,4S
spot=5 brand=5 cell=405 stock=8 served=6 denied=0 agents=0S,4S,1S,2S,3S,7S
spot=6 brand=6 cell=194 stock=7 served=4 denied=0 agents=7S,6S,0S,2S
spot=7 brand=7 cell=569 stock=7 served=5 denied=0 agents=1S,0S,4S,2S,7S
spot=8 brand=0 cell=49 stock=8 served=4 denied=0 agents=7S,6S,0S,2S
spot=9 brand=1 cell=491 stock=5 served=3 denied=0 agents=0S,6S,2S
spot=10 brand=2 cell=349 stock=5 served=5 denied=0 agents=2S,3S,1S,4S,6S
spot=11 brand=3 cell=342 stock=2 served=2 denied=0 agents=1S,4S
spot=12 brand=4 cell=533 stock=6 served=1 denied=0 agents=6S
spot=13 brand=5 cell=503 stock=3 served=1 denied=0 agents=4S
spot=14 brand=6 cell=10 stock=4 served=4 denied=0 agents=7S,1S,4S,3S
spot=15 brand=7 cell=46 stock=3 served=1 denied=0 agents=3S
spot=16 brand=0 cell=552 stock=5 served=1 denied=0 agents=6S
spot=17 brand=1 cell=16 stock=8 served=4 denied=0 agents=1S,7S,4S,3S
spot=18 brand=2 cell=281 stock=3 served=3 denied=0 agents=7S,1S,4S
spot=19 brand=3 cell=288 stock=6 served=3 denied=0 agents=6S,0S,2S
spot=20 brand=4 cell=447 stock=4 served=1 denied=0 agents=7S
spot=22 brand=6 cell=95 stock=2 served=1 denied=0 agents=3S
spot=23 brand=7 cell=529 stock=4 served=1 denied=0 agents=6S
sparse_agent=3 cap=50000 settled=50000 labels=51342 emitted_masks=153 protected_masks=21 retained=85 valid=85 best=8/72/569 mask=0x72EE37 protected=8/72/565 protected_mask=0x0
sparse_global_best=8/72/569 baseline=8/72/565 agent=3 mask=0x72EE37
sparse_protected_best=8/72/565 baseline=8/72/565 agent=-1 mask=0x0
sparse_best_plan=[[-1,4,4,4,4,4,4,4,5,0,0,5,0,0,0,0,0,0,0,0,0,0,0,0,1,0,0,1,0,0,5,0,5,5,5,5,5,3,3,3,3,4,4,4,4,4,4,2,3,3,3,2,3,2,3,2,2,2,2,3,3,3,-30],[-1,2,1,1,1,1,1,1,1,0,0,0,0,0,0,0,1,0,0,0,1,0,1,0,0,4,5,4,4,4,5,5,5,5,5,1,1,1,1,2,2,3,3,3,3,3,3,3,3,3,3,4,4,4,4,5,5,5,5,5,5,5,5,5,-27],[-1,2,2,2,3,2,2,2,2,3,4,4,4,4,4,4,4,5,0,0,5,0,0,0,0,0,0,0,0,0,0,0,0,1,0,0,1,0,0,5,0,5,5,5,5,5,3,3,3,3,4,4,4,4,4,4,2,3,3,3,2,3,2,3,2,2,2,2,3,3,3,-14],[-1,4,3,2,3,3,4,4,5,5,5,0,0,0,0,5,0,0,5,1,1,1,1,2,0,1,0,0,0,1,1,1,1,1,2,2,2,2,2,2,2,2,2,2,2,3,3,3,4,4,4,5,5,5,5,5,5,2,3,3,3,3,2,2,2,2,3,3,4,4,4,4,3,3,3,3],[-1,0,0,0,0,4,4,4,4,4,4,4,5,0,0,1,1,1,1,1,0,1,0,0,1,1,0,1,0,0,0,1,0,1,0,0,4,5,4,4,4,5,5,5,5,5,1,1,1,1,2,2,3,3,3,3,3,3,3,3,3,3,4,4,4,4,5,5,5,5,5,5,5,5,5,-12],[-144],[-1,1,2,2,2,2,2,0,1,0,1,1,0,0,0,1,1,1,1,1,1,1,1,1,0,0,5,0,5,5,5,5,5,3,3,3,3,4,4,4,4,4,4,1,1,2,2,2,2,2,2,2,2,3,3,3,4,4,4,3,3,3,3,0,1,1,1,1,1,-12],[-1,0,0,0,0,1,1,1,1,2,2,2,2,2,2,2,2,2,2,2,2,2,2,3,3,3,4,4,3,4,3,3,4,4,3,3,3,2,2,3,3,4,5,5,5,5,5,4,4,4,3,2,3,3,-46]]
case_complete day=9 agent=3 exit=0
case_elapsed_ms day=9 agent=3 value=95

case_begin day=9 agent=4 started=2026-08-31T13:49:05.4477193+00:00 max_states=50000 max_routes=64
ledger_before=8/64/502
day_score=8/8/63
score_after=8/72/565
agent=0 kind=patrol claims=8 served=8 path_steps=144 raw_path_fuel=70 initial_fuel=389 spots=5:5,7:7,2:2,4:4,8:0,6:6,19:3,9:1 terminal=491:407
agent=1 kind=patrol claims=9 served=9 path_steps=144 raw_path_fuel=73 initial_fuel=334 spots=7:7,5:5,17:1,4:4,14:6,0:0,18:2,10:2,11:3 terminal=342:261
agent=2 kind=patrol claims=9 served=9 path_steps=144 raw_path_fuel=81 initial_fuel=397 spots=10:2,5:5,7:7,2:2,4:4,8:0,6:6,19:3,9:1 terminal=491:407
agent=3 kind=patrol claims=9 served=9 path_steps=144 raw_path_fuel=74 initial_fuel=397 spots=10:2,5:5,4:4,0:0,17:1,14:6,15:7,22:6,1:1 terminal=165:323
agent=4 kind=patrol claims=10 served=10 path_steps=144 raw_path_fuel=91 initial_fuel=395 spots=13:5,5:5,7:7,17:1,4:4,14:6,0:0,18:2,10:2,11:3 terminal=342:304
agent=5 kind=tanker claims=0 served=0 path_steps=144 raw_path_fuel=0 initial_fuel=432 spots= terminal=194:432
agent=6 kind=patrol claims=10 served=10 path_steps=144 raw_path_fuel=73 initial_fuel=414 spots=16:0,23:7,12:4,4:4,8:0,6:6,19:3,2:2,9:1,10:2 terminal=349:399
agent=7 kind=patrol claims=8 served=8 path_steps=144 raw_path_fuel=63 initial_fuel=432 spots=6:6,8:0,14:6,17:1,18:2,5:5,20:4,7:7 terminal=569:369
spot=0 brand=0 cell=159 stock=7 served=3 denied=0 agents=3S,1S,4S
spot=1 brand=1 cell=165 stock=1 served=1 denied=0 agents=3S
spot=2 brand=2 cell=249 stock=3 served=3 denied=0 agents=0S,2S,6S
spot=4 brand=4 cell=104 stock=8 served=6 denied=0 agents=6S,3S,0S,1S,2S,4S
spot=5 brand=5 cell=405 stock=8 served=6 denied=0 agents=0S,4S,1S,2S,3S,7S
spot=6 brand=6 cell=194 stock=7 served=4 denied=0 agents=7S,6S,0S,2S
spot=7 brand=7 cell=569 stock=7 served=5 denied=0 agents=1S,0S,4S,2S,7S
spot=8 brand=0 cell=49 stock=8 served=4 denied=0 agents=7S,6S,0S,2S
spot=9 brand=1 cell=491 stock=5 served=3 denied=0 agents=0S,6S,2S
spot=10 brand=2 cell=349 stock=5 served=5 denied=0 agents=2S,3S,1S,4S,6S
spot=11 brand=3 cell=342 stock=2 served=2 denied=0 agents=1S,4S
spot=12 brand=4 cell=533 stock=6 served=1 denied=0 agents=6S
spot=13 brand=5 cell=503 stock=3 served=1 denied=0 agents=4S
spot=14 brand=6 cell=10 stock=4 served=4 denied=0 agents=7S,1S,4S,3S
spot=15 brand=7 cell=46 stock=3 served=1 denied=0 agents=3S
spot=16 brand=0 cell=552 stock=5 served=1 denied=0 agents=6S
spot=17 brand=1 cell=16 stock=8 served=4 denied=0 agents=1S,7S,4S,3S
spot=18 brand=2 cell=281 stock=3 served=3 denied=0 agents=7S,1S,4S
spot=19 brand=3 cell=288 stock=6 served=3 denied=0 agents=6S,0S,2S
spot=20 brand=4 cell=447 stock=4 served=1 denied=0 agents=7S
spot=22 brand=6 cell=95 stock=2 served=1 denied=0 agents=3S
spot=23 brand=7 cell=529 stock=4 served=1 denied=0 agents=6S
sparse_agent=4 cap=50000 settled=50000 labels=51039 emitted_masks=199 protected_masks=29 retained=93 valid=93 best=8/72/570 mask=0xF7AE2B protected=8/72/565 protected_mask=0x0
sparse_global_best=8/72/570 baseline=8/72/565 agent=4 mask=0xF7AE2B
sparse_protected_best=8/72/565 baseline=8/72/565 agent=-1 mask=0x0
sparse_best_plan=[[-1,4,4,4,4,4,4,4,5,0,0,5,0,0,0,0,0,0,0,0,0,0,0,0,1,0,0,1,0,0,5,0,5,5,5,5,5,3,3,3,3,4,4,4,4,4,4,2,3,3,3,2,3,2,3,2,2,2,2,3,3,3,-30],[-1,2,1,1,1,1,1,1,1,0,0,0,0,0,0,0,1,0,0,0,1,0,1,0,0,4,5,4,4,4,5,5,5,5,5,1,1,1,1,2,2,3,3,3,3,3,3,3,3,3,3,4,4,4,4,5,5,5,5,5,5,5,5,5,-27],[-1,2,2,2,3,2,2,2,2,3,4,4,4,4,4,4,4,5,0,0,5,0,0,0,0,0,0,0,0,0,0,0,0,1,0,0,1,0,0,5,0,5,5,5,5,5,3,3,3,3,4,4,4,4,4,4,2,3,3,3,2,3,2,3,2,2,2,2,3,3,3,-14],[-1,2,2,2,3,2,2,2,2,3,0,0,0,0,0,0,0,0,0,0,0,0,5,5,5,5,5,5,5,2,2,2,2,2,2,3,3,0,0,1,1,1,1,5,5,5,5,5,5,2,2,2,2,3,2,2,2,2,2,2,2,3,3,4,4,4,-19],[-1,0,0,0,0,0,1,1,1,1,0,1,0,0,0,1,1,1,0,0,0,5,5,5,5,5,3,3,4,4,4,4,3,3,3,3,4,4,4,4,5,5,4,3,2,3,3,4,4,5,5,5,0,0,0,0,5,0,0,5,4,4,5,4,4,5,3,4,4,4,4,5,-5],[-144],[-1,1,2,2,2,2,2,0,1,0,1,1,0,0,0,1,1,1,1,1,1,1,1,1,0,0,5,0,5,5,5,5,5,3,3,3,3,4,4,4,4,4,4,1,1,2,2,2,2,2,2,2,2,3,3,3,4,4,4,3,3,3,3,0,1,1,1,1,1,-12],[-1,0,0,0,0,1,1,1,1,2,2,2,2,2,2,2,2,2,2,2,2,2,2,3,3,3,4,4,3,4,3,3,4,4,3,3,3,2,2,3,3,4,5,5,5,5,5,4,4,4,3,2,3,3,-46]]
case_complete day=9 agent=4 exit=0
case_elapsed_ms day=9 agent=4 value=95

case_begin day=9 agent=6 started=2026-08-31T13:49:05.5537905+00:00 max_states=50000 max_routes=64
ledger_before=8/64/502
day_score=8/8/63
score_after=8/72/565
agent=0 kind=patrol claims=8 served=8 path_steps=144 raw_path_fuel=70 initial_fuel=389 spots=5:5,7:7,2:2,4:4,8:0,6:6,19:3,9:1 terminal=491:407
agent=1 kind=patrol claims=9 served=9 path_steps=144 raw_path_fuel=73 initial_fuel=334 spots=7:7,5:5,17:1,4:4,14:6,0:0,18:2,10:2,11:3 terminal=342:261
agent=2 kind=patrol claims=9 served=9 path_steps=144 raw_path_fuel=81 initial_fuel=397 spots=10:2,5:5,7:7,2:2,4:4,8:0,6:6,19:3,9:1 terminal=491:407
agent=3 kind=patrol claims=9 served=9 path_steps=144 raw_path_fuel=74 initial_fuel=397 spots=10:2,5:5,4:4,0:0,17:1,14:6,15:7,22:6,1:1 terminal=165:323
agent=4 kind=patrol claims=10 served=10 path_steps=144 raw_path_fuel=91 initial_fuel=395 spots=13:5,5:5,7:7,17:1,4:4,14:6,0:0,18:2,10:2,11:3 terminal=342:304
agent=5 kind=tanker claims=0 served=0 path_steps=144 raw_path_fuel=0 initial_fuel=432 spots= terminal=194:432
agent=6 kind=patrol claims=10 served=10 path_steps=144 raw_path_fuel=73 initial_fuel=414 spots=16:0,23:7,12:4,4:4,8:0,6:6,19:3,2:2,9:1,10:2 terminal=349:399
agent=7 kind=patrol claims=8 served=8 path_steps=144 raw_path_fuel=63 initial_fuel=432 spots=6:6,8:0,14:6,17:1,18:2,5:5,20:4,7:7 terminal=569:369
spot=0 brand=0 cell=159 stock=7 served=3 denied=0 agents=3S,1S,4S
spot=1 brand=1 cell=165 stock=1 served=1 denied=0 agents=3S
spot=2 brand=2 cell=249 stock=3 served=3 denied=0 agents=0S,2S,6S
spot=4 brand=4 cell=104 stock=8 served=6 denied=0 agents=6S,3S,0S,1S,2S,4S
spot=5 brand=5 cell=405 stock=8 served=6 denied=0 agents=0S,4S,1S,2S,3S,7S
spot=6 brand=6 cell=194 stock=7 served=4 denied=0 agents=7S,6S,0S,2S
spot=7 brand=7 cell=569 stock=7 served=5 denied=0 agents=1S,0S,4S,2S,7S
spot=8 brand=0 cell=49 stock=8 served=4 denied=0 agents=7S,6S,0S,2S
spot=9 brand=1 cell=491 stock=5 served=3 denied=0 agents=0S,6S,2S
spot=10 brand=2 cell=349 stock=5 served=5 denied=0 agents=2S,3S,1S,4S,6S
spot=11 brand=3 cell=342 stock=2 served=2 denied=0 agents=1S,4S
spot=12 brand=4 cell=533 stock=6 served=1 denied=0 agents=6S
spot=13 brand=5 cell=503 stock=3 served=1 denied=0 agents=4S
spot=14 brand=6 cell=10 stock=4 served=4 denied=0 agents=7S,1S,4S,3S
spot=15 brand=7 cell=46 stock=3 served=1 denied=0 agents=3S
spot=16 brand=0 cell=552 stock=5 served=1 denied=0 agents=6S
spot=17 brand=1 cell=16 stock=8 served=4 denied=0 agents=1S,7S,4S,3S
spot=18 brand=2 cell=281 stock=3 served=3 denied=0 agents=7S,1S,4S
spot=19 brand=3 cell=288 stock=6 served=3 denied=0 agents=6S,0S,2S
spot=20 brand=4 cell=447 stock=4 served=1 denied=0 agents=7S
spot=22 brand=6 cell=95 stock=2 served=1 denied=0 agents=3S
spot=23 brand=7 cell=529 stock=4 served=1 denied=0 agents=6S
sparse_agent=6 cap=50000 settled=50000 labels=51488 emitted_masks=215 protected_masks=32 retained=96 valid=96 best=8/72/568 mask=0xF5B62B protected=8/72/565 protected_mask=0x0
sparse_global_best=8/72/568 baseline=8/72/565 agent=6 mask=0xF5B62B
sparse_protected_best=8/72/565 baseline=8/72/565 agent=-1 mask=0x0
sparse_best_plan=[[-1,4,4,4,4,4,4,4,5,0,0,5,0,0,0,0,0,0,0,0,0,0,0,0,1,0,0,1,0,0,5,0,5,5,5,5,5,3,3,3,3,4,4,4,4,4,4,2,3,3,3,2,3,2,3,2,2,2,2,3,3,3,-30],[-1,2,1,1,1,1,1,1,1,0,0,0,0,0,0,0,1,0,0,0,1,0,1,0,0,4,5,4,4,4,5,5,5,5,5,1,1,1,1,2,2,3,3,3,3,3,3,3,3,3,3,4,4,4,4,5,5,5,5,5,5,5,5,5,-27],[-1,2,2,2,3,2,2,2,2,3,4,4,4,4,4,4,4,5,0,0,5,0,0,0,0,0,0,0,0,0,0,0,0,1,0,0,1,0,0,5,0,5,5,5,5,5,3,3,3,3,4,4,4,4,4,4,2,3,3,3,2,3,2,3,2,2,2,2,3,3,3,-14],[-1,2,2,2,3,2,2,2,2,3,0,0,0,0,0,0,0,0,0,0,0,0,5,5,5,5,5,5,5,2,2,2,2,2,2,3,3,0,0,1,1,1,1,5,5,5,5,5,5,2,2,2,2,3,2,2,2,2,2,2,2,3,3,4,4,4,-19],[-1,0,0,0,0,4,4,4,4,4,4,4,5,0,0,1,1,1,1,1,0,1,0,0,1,1,0,1,0,0,0,1,0,1,0,0,4,5,4,4,4,5,5,5,5,5,1,1,1,1,2,2,3,3,3,3,3,3,3,3,3,3,4,4,4,4,5,5,5,5,5,5,5,5,5,-12],[-144],[-1,1,2,0,1,1,1,3,3,3,2,3,1,1,2,2,2,2,2,1,1,2,2,2,0,0,0,0,2,1,1,1,2,0,0,0,0,1,2,2,2,2,2,2,1,1,1,0,0,4,3,3,4,4,4,3,3,3,3,3,4,4,4,4,3,3,3,3,-7],[-1,0,0,0,0,1,1,1,1,2,2,2,2,2,2,2,2,2,2,2,2,2,2,3,3,3,4,4,3,4,3,3,4,4,3,3,3,2,2,3,3,4,5,5,5,5,5,4,4,4,3,2,3,3,-46]]
case_complete day=9 agent=6 exit=0
case_elapsed_ms day=9 agent=6 value=116

case_begin day=9 agent=7 started=2026-08-31T13:49:05.6796618+00:00 max_states=50000 max_routes=64
ledger_before=8/64/502
day_score=8/8/63
score_after=8/72/565
agent=0 kind=patrol claims=8 served=8 path_steps=144 raw_path_fuel=70 initial_fuel=389 spots=5:5,7:7,2:2,4:4,8:0,6:6,19:3,9:1 terminal=491:407
agent=1 kind=patrol claims=9 served=9 path_steps=144 raw_path_fuel=73 initial_fuel=334 spots=7:7,5:5,17:1,4:4,14:6,0:0,18:2,10:2,11:3 terminal=342:261
agent=2 kind=patrol claims=9 served=9 path_steps=144 raw_path_fuel=81 initial_fuel=397 spots=10:2,5:5,7:7,2:2,4:4,8:0,6:6,19:3,9:1 terminal=491:407
agent=3 kind=patrol claims=9 served=9 path_steps=144 raw_path_fuel=74 initial_fuel=397 spots=10:2,5:5,4:4,0:0,17:1,14:6,15:7,22:6,1:1 terminal=165:323
agent=4 kind=patrol claims=10 served=10 path_steps=144 raw_path_fuel=91 initial_fuel=395 spots=13:5,5:5,7:7,17:1,4:4,14:6,0:0,18:2,10:2,11:3 terminal=342:304
agent=5 kind=tanker claims=0 served=0 path_steps=144 raw_path_fuel=0 initial_fuel=432 spots= terminal=194:432
agent=6 kind=patrol claims=10 served=10 path_steps=144 raw_path_fuel=73 initial_fuel=414 spots=16:0,23:7,12:4,4:4,8:0,6:6,19:3,2:2,9:1,10:2 terminal=349:399
agent=7 kind=patrol claims=8 served=8 path_steps=144 raw_path_fuel=63 initial_fuel=432 spots=6:6,8:0,14:6,17:1,18:2,5:5,20:4,7:7 terminal=569:369
spot=0 brand=0 cell=159 stock=7 served=3 denied=0 agents=3S,1S,4S
spot=1 brand=1 cell=165 stock=1 served=1 denied=0 agents=3S
spot=2 brand=2 cell=249 stock=3 served=3 denied=0 agents=0S,2S,6S
spot=4 brand=4 cell=104 stock=8 served=6 denied=0 agents=6S,3S,0S,1S,2S,4S
spot=5 brand=5 cell=405 stock=8 served=6 denied=0 agents=0S,4S,1S,2S,3S,7S
spot=6 brand=6 cell=194 stock=7 served=4 denied=0 agents=7S,6S,0S,2S
spot=7 brand=7 cell=569 stock=7 served=5 denied=0 agents=1S,0S,4S,2S,7S
spot=8 brand=0 cell=49 stock=8 served=4 denied=0 agents=7S,6S,0S,2S
spot=9 brand=1 cell=491 stock=5 served=3 denied=0 agents=0S,6S,2S
spot=10 brand=2 cell=349 stock=5 served=5 denied=0 agents=2S,3S,1S,4S,6S
spot=11 brand=3 cell=342 stock=2 served=2 denied=0 agents=1S,4S
spot=12 brand=4 cell=533 stock=6 served=1 denied=0 agents=6S
spot=13 brand=5 cell=503 stock=3 served=1 denied=0 agents=4S
spot=14 brand=6 cell=10 stock=4 served=4 denied=0 agents=7S,1S,4S,3S
spot=15 brand=7 cell=46 stock=3 served=1 denied=0 agents=3S
spot=16 brand=0 cell=552 stock=5 served=1 denied=0 agents=6S
spot=17 brand=1 cell=16 stock=8 served=4 denied=0 agents=1S,7S,4S,3S
spot=18 brand=2 cell=281 stock=3 served=3 denied=0 agents=7S,1S,4S
spot=19 brand=3 cell=288 stock=6 served=3 denied=0 agents=6S,0S,2S
spot=20 brand=4 cell=447 stock=4 served=1 denied=0 agents=7S
spot=22 brand=6 cell=95 stock=2 served=1 denied=0 agents=3S
spot=23 brand=7 cell=529 stock=4 served=1 denied=0 agents=6S
sparse_agent=7 cap=50000 settled=50000 labels=51384 emitted_masks=206 protected_masks=19 retained=79 valid=79 best=8/72/571 mask=0xFF966A protected=8/72/565 protected_mask=0x0
sparse_global_best=8/72/571 baseline=8/72/565 agent=7 mask=0xFF966A
sparse_protected_best=8/72/565 baseline=8/72/565 agent=-1 mask=0x0
sparse_best_plan=[[-1,4,4,4,4,4,4,4,5,0,0,5,0,0,0,0,0,0,0,0,0,0,0,0,1,0,0,1,0,0,5,0,5,5,5,5,5,3,3,3,3,4,4,4,4,4,4,2,3,3,3,2,3,2,3,2,2,2,2,3,3,3,-30],[-1,2,1,1,1,1,1,1,1,0,0,0,0,0,0,0,1,0,0,0,1,0,1,0,0,4,5,4,4,4,5,5,5,5,5,1,1,1,1,2,2,3,3,3,3,3,3,3,3,3,3,4,4,4,4,5,5,5,5,5,5,5,5,5,-27],[-1,2,2,2,3,2,2,2,2,3,4,4,4,4,4,4,4,5,0,0,5,0,0,0,0,0,0,0,0,0,0,0,0,1,0,0,1,0,0,5,0,5,5,5,5,5,3,3,3,3,4,4,4,4,4,4,2,3,3,3,2,3,2,3,2,2,2,2,3,3,3,-14],[-1,2,2,2,3,2,2,2,2,3,0,0,0,0,0,0,0,0,0,0,0,0,5,5,5,5,5,5,5,2,2,2,2,2,2,3,3,0,0,1,1,1,1,5,5,5,5,5,5,2,2,2,2,3,2,2,2,2,2,2,2,3,3,4,4,4,-19],[-1,0,0,0,0,4,4,4,4,4,4,4,5,0,0,1,1,1,1,1,0,1,0,0,1,1,0,1,0,0,0,1,0,1,0,0,4,5,4,4,4,5,5,5,5,5,1,1,1,1,2,2,3,3,3,3,3,3,3,3,3,3,4,4,4,4,5,5,5,5,5,5,5,5,5,-12],[-144],[-1,1,2,2,2,2,2,0,1,0,1,1,0,0,0,1,1,1,1,1,1,1,1,1,0,0,5,0,5,5,5,5,5,3,3,3,3,4,4,4,4,4,4,1,1,2,2,2,2,2,2,2,2,3,3,3,4,4,4,3,3,3,3,0,1,1,1,1,1,-12],[-1,4,4,4,4,3,4,3,3,3,3,3,4,4,4,4,5,1,2,2,2,2,2,1,1,2,2,2,2,2,1,1,2,2,2,0,0,0,0,2,1,1,1,2,3,3,3,2,2,3,3,0,1,1,1,1,0,1,0,0,0,1,1,1,0,0,0,5,5,5,5,5]]
case_complete day=9 agent=7 exit=0
case_elapsed_ms day=9 agent=7 value=92

run_complete cases=63 max_states=50000 max_routes=64
