experiment_id,date,parent,candidate,gap,mechanism,invariants,development_split,development_result,holdout_hash,holdout_result,btc_result,verdict,reopen_condition
ATTR-THREE-PATROL-BASELINE-PATH-313,2026-09-05,04b1545,read-only source audit; no production candidate,"312 reports oracle/head6/6/0 as a complete production checkpoint comparison but its actual baseline path needs verification.","Trace caller calibration current-floor selection refiner and virtual-parent/ACK boundaries against accepted HTTP258; a missing boundary narrows prior evidence and requires full checkpoint revalidation.","No designed functionality removed disabled deferred or reduced; nothing deleted; source immutable; raw312 evidence preserved; no solver run or holdout opened.","Nine frozen source/evidence inputs in ATTR-THREE-PATROL-BASELINE-PATH-313.json; source proof only.","All nine frozen input hashes match; confirmed current-floor false/default calibration/direct solve path versus HTTP true/HTTP calibration/full checkpoint refiner and virtual-state ACK lifecycle; six guard tests pass; 312 remains engine-only6/6/0 tier3+9; production residual unmeasured; manifestAFE97EFAC35D80533024FC032D350E5675215EA025CDCA041A1304CB452A9174 audit58CA85DEC24C02D8BE7239C41AA2ADDA12618CD20F73BEF8A80A3F35FA8596CB evidence9B1C609F38669D74E95310EE8F823E36590AD1486DB2C125A0894848C0EA3EA2",none,not-applicable,not-run,accepted-source-attribution-only,"Complete checkpoint baseline must be revalidated before any SCORE successor; source audit cannot assert residual score or grant promotion."
CEILING-THREE-ACTIVE-PATROL-LOW-FUEL-PREVALENCE-312,2026-09-05,"research ledger ffbf855; canonical accepted production258 commit ab3d699; exact gap306 and rejected mechanism311","research-only exact oracle manifestD0E8656A91603B0AABE3D4277F9126062BCB4A2C624C5421DB03439B23D2A099 source5979B702FB175B63077CCBB250B6E55B5B974ECA80543B3B7C105123F94C1BCE Windows binary4262B9A55B0808EB243010360A40B89D6DDFA7C72CA4087096D6DE62D38B7C07 Linux binary9348B01F5D1A48C3B2958FDDF6878518C50C4143065EE801FFD7F4BCCF1977FB runner6AB73E3E4CEFE3D57C647CB8E756BFF7610D164F5942B998336A7321F491AC39 summarizer56B3FA4A5888938E42155F450E92964A3E6F3640B77595C98C9EA77A76EB696F; no production candidate","306 found exact oracle wins4/12 only in two low-fuel families; 310 recovered consumed cases but 311 fresh SCORE was inert where activated and failed generality; fresh prevalence of the exact gap is unresolved.","Run the complete three-active-Patrol roadless full-match DP on independent fresh low-fuel seeds; compare the direct-engine solve_head baseline at its5000-ms requested budget; 313 correction: this is not complete HTTP258 checkpoint parity; require recurrent exact feasible wins before any new causal attribution.","No designed functionality removed disabled deferred or reduced; nothing deleted; production unchanged; official lexicographic score; exact simulator and independent validator; complete enumeration; three active all-Patrol agents; players8/9/10; 5000-ms canonical checkpoint; no reuse of consumed306/311 evidence; no cap order threshold dispatcher or holdout tuning.","Frozen12 development and24 sealed holdout cases across six structural families all low fuel players8/9/10 horizon4 map8 agents3 spots5; manifestD0E8656A91603B0AABE3D4277F9126062BCB4A2C624C5421DB03439B23D2A099; development requires >=3 exact wins across >=2 families with zero invalidity and complete atomic evidence.","Complete12 results/12 case_complete/1 run_complete; exact oracle vs direct-engine baseline W/T/L6/6/0; corrected by313; complete HTTP258 residual unmeasured; all six first differ tier3; gains+2/+1/+2/+2/+1/+1 aggregate+9; wins span balanced duplicate terminal and players8/9/10; zero invalid/partial/stderr; max exact frontier23704; log45EEEDD866D22D45AF24D6CD17ECF6C93E9C0FBA9E72FE749DD5AE4BB150C0D5 summary38281BF020481E6E02275049635B35603F6E5DA68CDB898ED6562FCAEF98D3A6",D0E8656A91603B0AABE3D4277F9126062BCB4A2C624C5421DB03439B23D2A099,sealed-not-opened,not-run,accepted-engine-attribution-only,"Scope corrected by313: baseline omitted HTTP current-floor policy calibration checkpoint refiner and virtual-state ACK lifecycle. Preserve raw results; revalidate full checkpoint on all twelve consumed cases before causal mechanism design. No holdout opening SCORE successor or production change is authorized."
SCORE-COORDINATED-EXACT-BUNDLE-FRONTIER-311,2026-09-04,"canonical accepted production258 commit ab3d699; research mechanism commit8d570ed","commit2347db3 same-binary explicit maximumCoordinatedExactBundles off1/on4; planner header0D9566FD09CC47DB17E2B7F61D9EEF70F0E0E3313B1B99FD9F5CD7796AB984EE sourceD9E0A81253619039BEB74D19A1278A11A48DC483B85DF346536F91A7683AF40C decision header0FA19CEA8A95318E73B02A4FA41C78FF6013457F1A9BD6343732483CAF6F3885 source19337383AB7F9D5D2FF978620EEB4B9AB3BED9CA8E9588CA836DB1D55D161EDD harness236B6855B458231B7BEAD1835F9CEDEA5EBFD319FC881461F5FCDF6AA52C80C3 binaryD0B5F3C9035C102E24E06B459DE322A15C78C766790824373E6BDB898758956A runnerF0773FA52E8CDA96DD80E8C34E30FB5BF1679CF63A5843D824369C4DDEA3CFC2 summarizer8A55A5822F215A89AC31E3087F832C9FBDDC0E77252E36D6513242F7122F33C3; manifest588072A95C0C7FF15CE7E61C257194445C162EC781A2256BB0E38A95FC57395F","310 recovered exact oracle outcome4/4 on consumed cases with bounded canonical-bundle crossovers; fresh generality and downside are unknown.","Thread the frozen bounded frontier option through the unchanged main production portfolio; retain canonical bundles first and append at most three equal-current-score resource-Pareto one-Patrol crossovers.","No designed functionality removed disabled deferred or reduced; nothing deleted; off default unchanged; 5000ms main/role/checkpoint cap; official lexicographic score; exact simulator and independent validator; no generic cap ordering master F0 profile transition ledger or dispatcher change.","Fresh30 cases from manifest588072A95C0C7FF15CE7E61C257194445C162EC781A2256BB0E38A95FC57395F across general/multiteam12/16/24/32 players8/9/10 all fuel and role modes; same binary off1 then on4.","Complete30 pairs/60 results; W/T/L2/25/3; all differences tier3; aggregate0/0/0; gains+2/+4; losses sum-6 worst-3 and concentrated deadline/players9/window15000; activation2 matches/8 days/24 bundles but both activated matches tied; all five score differences and six pre-activation trajectory mismatches occurred with zero retained frontier work; zero safety failures; max local3019/3022ms; log2B57278EAF41C5B06F71DE25112B960D17A13C2EB4EB4B42BFF5273F3287B253 summaryDF6AAA8501EEDB9B57F3487A5D45EC566AE7E33E32E01F9E6672A33DE328EE8B.","sealed54 cases in same frozen manifest SHA256 588072A95C0C7FF15CE7E61C257194445C162EC781A2256BB0E38A95FC57395F",sealed-not-opened,not-run,rejected-development,"Reopen only from a new invariant and fresh counterexample proving recurrent useful frontier activation; do not reuse this development split or open its sealed holdout for the rejected candidate."
ATTR-COORDINATED-EXACT-BUNDLE-FRONTIER-310,2026-09-04,"canonical accepted production258 commit ab3d699; research attribution parent40bdf8b; exact-gap306-309","research-only additive canonical-bundle crossover frontier header0D9566FD09CC47DB17E2B7F61D9EEF70F0E0E3313B1B99FD9F5CD7796AB984EE plannerD9E0A81253619039BEB74D19A1278A11A48DC483B85DF346536F91A7683AF40C probe221547286BC011CBE1F4C3D1768294501FB600846B91BA480636E81BF5D489F3 binary9E6E77D602BB127DDDAA9775DD8E665D98007AA2A693A37EF32CC5849CFF9504 runnerB71D050B88FC3AC6A11A4C2DFA312069BB1602A67EA8EC3BC94117F9CE21322F summarizer9C56781C49BE8A79EDD30437CF8C09F65A9E753992604FE6595E69B5DF34AA23; no production candidate","309 found canonical coordinated route mask011 in4/4 while complete enumeration mask111 and one missing-route injection makes unchanged master32 retain exact outcome4/4.","Preserve all canonical bundles first; optionally append at most three unique one-Patrol crossovers between complete canonical exact bundles with identical current score and a resource-Pareto terminal state.","No designed functionality removed disabled deferred or reduced; nothing deleted; default path byte-identical; generic caps ordering master F0 profile simulator validator transition and 5000ms authority unchanged; consumed cases only.","Exactly four consumed306 wins from manifest2BC105B7009F1E3017D7DB960C21D10E4C8A525EFCAA410EA414A119732159CE; off lane exact parent equivalence; on lane recurrent extra bundle and oracle recovery in at least two seeds.","Complete4/4; off frontier candidates/bundles0/0; on candidates46/46/47/47 and bundles3 each; exact oracle plan/outcome recovered by unchanged master32 in4/4; nodes3438/3419/3528/3241; empty stderr; logF6347DDC344330D1DBAB30E04F3859563AF13889CA99E9921651435A64ABD7A5 summaryBF9E8903AF117198D68C092902E92AEDBCD57A256E0C4EEFA0CA98B45CB3A8AB.",none,not-applicable,not-run,closed-positive-canonical-bundle-crossover-frontier,"A separately frozen SCORE successor may wire the exact frozen option through production and test same-binary off/on at5000ms on fresh development; no holdout opened."
ATTR-THREE-ACTIVE-PATROL-PIPELINE-309,2026-09-04,"canonical accepted production258 commit ab3d699; exact-gap306; causal307; frontier308","read-only existing multi-patrol route/master/F0/profile attribution using frozen sourceABBD6C7854E1910E9B5F27C979F8436894D3D474C092DEAB2F2BEB7B6D33AC89 binaryA5F6A39F68A66854C34FFCF377FE00AD88E103129D4E62195DD6A45CADDDEB34 runner5A70751B5D52501859AC6335A8B76A88D1082C3A30C81A72F37F437E7CF909B9 summarizerB3901D550BC5994F5034389469D9C55F156AA5738BF156260F944F2B7574AF75; no production source candidate","308 found terminal-resource state absent from final16 candidates in3 seeds and present-but-not-shortlisted in1; earliest pipeline loss boundary remains unknown.","Measure exact per-agent route membership at production/wide caps, exact/outcome membership after master32/256, F0-16 membership under current and valid-upper selection, and profile dominance; require one stage class in at least two seeds.","No designed functionality removed disabled deferred or reduced; nothing deleted; production unchanged; consumed development only; no sealed holdout source change cap threshold dispatcher or promotion authority.","Exactly four consumed306 wins from manifest2BC105B7009F1E3017D7DB960C21D10E4C8A525EFCAA410EA414A119732159CE; recurrent stage class in at least two seeds authorizes one separate fresh SCORE successor.","Complete4/4; production legacy/expanded/merged route masks011 in all cases while wide32/64 masks111; exact enumeration complete for3 agents; adding exactly one missing oracle route makes master32 and wide master retain the exact outcome4/4; both profiles certified but neither nonterminal-dominates; empty stderr; log362AB13F5D8A6145905BC1BBFBA8E46BDBAA9D8E88C70135F07F973A7587C4EC summaryDDA4C788D58E01961C98CCDD3E025D3BB811E46A407A106119941E8884932759.",none,not-applicable,not-run,closed-positive-coordinated-bundle-supply,"Prototype only an additive bounded permutation-invariant frontier of equal-current-score coordinated exact bundles; preserve the existing bundle first and leave master/F0/profile/transition authority unchanged."
ATTR-THREE-ACTIVE-PATROL-FRONTIER-308,2026-09-04,"canonical accepted production258 commit ab3d699; exact-gap306; causal307","additive research-only candidate terminal-state multiset and shortlist/certificate/selection telemetry source0DCA1AE3CE4ACF74B6C0B2EBE22ADB8E05E398E6177A97FB90A633249AA1A411 Linux binaryF67A09C4790B1F5CBC86B4DDF0A71EE0C487C6AB2D5AB11A61E9234F8CD6D314 runner716A6352C43E516D0AD0AE08B1BFF1A0091A5F215E9FE093DB2C19749F369467 summarizer8BF446149B3B8C6EBABAA1922FB3F957CBB2A257C22DF212367D64AF12D10B42 manifest2BC105B7009F1E3017D7DB960C21D10E4C8A525EFCAA410EA414A119732159CE; no production source candidate","307 found day1 equal-score causal divergence in all four exact wins; stable-plan membership was absent3/present1 but agent symmetry can hide terminal-state-equivalent candidates.","Compare permutation-invariant terminal cell/fuel multisets plus cumulative score against every day1 candidate; classify state absence versus unshortlisted versus uncertified versus certified-not-selected; require one class in at least two seeds.","No designed functionality removed disabled deferred or reduced; nothing deleted; production unchanged; additive telemetry only; consumed development cases; no sealed holdout source behavior threshold cap dispatcher or promotion authority.","Exactly four consumed306 winning seeds; manifest2BC105B7009F1E3017D7DB960C21D10E4C8A525EFCAA410EA414A119732159CE; recurrent permutation-invariant class in at least two independent cases required for a separate SCORE successor.","Complete4 cases/16 traces; all permutation-invariant causal day1 at equal current score; terminal state absent from all16 candidates in3 cases across balanced/duplicate families and present once but not-shortlisted/uncertified/unselected in1 case; zero stderr; log3F4749228566CAFF00ACB5596C478EBC7B68F2FA91EDC1596FB4795643C73A4E summaryAE52BAE2D0A700FF1485E71E3D417AE7CA770D04F305A358F870093D5F172B39.",none,not-applicable,not-run,closed-positive-terminal-frontier-gap,"A separately preregistered SCORE successor may preserve a bounded permutation-invariant terminal cell/fuel frontier on fresh development and the still-sealed306 holdout; do not tune on consumed cases."
ATTR-THREE-ACTIVE-PATROL-CAUSALITY-307,2026-09-04,"canonical accepted production258 commit ab3d699; exact-gap306","read-only detailed replay with unchanged frozen306 exact oracle and production planner; manifest2BC105B7009F1E3017D7DB960C21D10E4C8A525EFCAA410EA414A119732159CE runner716A6352C43E516D0AD0AE08B1BFF1A0091A5F215E9FE093DB2C19749F369467 summarizer29007A6419C1647E5869C70EF6015C2FC295BA6DC25FC4914885E14BEFFC7857; no production source candidate","306 found four exact feasible tier3 wins recurrent across two low-fuel structural families but did not identify the earliest production loss boundary.","Replay four consumed development wins; at first cumulative-score or terminal-state divergence classify zero oracle-plan audit matches as candidate-supply and positive matches as selection; require same class in at least two independent seeds.","No designed functionality removed disabled deferred or reduced; nothing deleted; production unchanged; consumed development counterexamples only; exact simulator and independent validator; no sealed holdout source patch threshold cap dispatcher or score authority.","Exactly four consumed306 winning seeds and sixteen day traces; recurrent classification in at least two seeds authorizes only a fresh SCORE successor; no recurrence closes the mechanism.","Complete4 cases/16 traces; all causal day1 at equal current-day score; direct stable-plan classification candidate-supply3 and selection1; zero stderr; logC9658D14D6F059ADEB00FAEC3A981EA27C45AD0E058FC504E393096A3E08CF90 summaryC2B0C349FFD9471CD9D95A1F5883142CA61F33BA3396669D47BCE80DFA3B6F44.",none,not-applicable,not-run,closed-positive-mixed-needs-frontier-attribution,"ATTR308 must distinguish permutation-equivalent terminal-state supply from shortlist/certificate/comparator loss before any SCORE source change."
CEILING-THREE-ACTIVE-PATROL-306,2026-09-04,"canonical accepted production258 commit ab3d699; closed noncausal305; research ledger a96625f","research-only complete three-active-Patrol full-match oracle sourceABBD6C7854E1910E9B5F27C979F8436894D3D474C092DEAB2F2BEB7B6D33AC89 Windows binary4BF11F2D1F7384A813FEE355F206C5BF9CC19EE6790DF733AE31B19AE511B656 Linux binaryA5F6A39F68A66854C34FFCF377FE00AD88E103129D4E62195DD6A45CADDDEB34 VM runner54A3FD62298DCE3C37706D7F206B5FD53CE38B26661A3873989E8F39443D7F99 summarizerD555BA3CF422DE55051950E9EFC71810BCE154A9CB0C52820132CB4D28C8704F; no production source candidate","Existing exact full-match oracle085 used two active Patrols plus one isolated control; 304/305 bounds are noncausal; no exact evidence covers official-minimum three simultaneously active Patrols.","Enumerate every daily position/fuel/claim outcome per Patrol; compose three stock-aware outcomes; canonicalize interchangeable-agent state; retain exact official-score Pareto frontier; replay winner through exact simulator and independent validator; compare unchanged production258 at5000ms.","No designed functionality removed disabled deferred or reduced; nothing deleted; production source/runtime unchanged; roadless exact scope; official lexicographic score only; three active all-Patrol agents; players8/9/10; zero invalid/emergency; local elapsed has no performance authority; no cap threshold dispatcher replay or BTC ranking.","Frozen12 development plus24 sealed holdout cases across six structural families low/default/high fuel players8/9/10 horizon4 map8 agents3 spots5; manifest1353981266D1C41B232C4F2AEF2D92B0D46F5EF36BA6FD846E76B4187C2B08AF. Zero oracle win closes; any exact win opens attribution only; SCORE successor requires one invariant mechanism recurring in at least two independent development cases.","Complete12 cases; oracle/head W/T/L4/8/0; first-open tier3 wins4 with gains+1,+2,+1,+1 recurring in two balanced and two duplicate low-fuel cases at players8/9; all other strata tie; zero invalid; maximum frontier136011; logBDEC34C4D5B65AE49A463616408E6B871872DC318386988A4499BC87C606E3B5 summary694DA48DF24E4D092F16796F0A2150DD4C3B592A74ADD25991EF39B2C9BB0FAC.",1353981266D1C41B232C4F2AEF2D92B0D46F5EF36BA6FD846E76B4187C2B08AF,sealed,not-run,exact-gap-found-attribution-required,"Attribution307 must identify the earliest recurrent causal loss before any SCORE source change; never tune on sealed holdout."
ATTR-OPTIMALITY-ENVELOPE-CAUSALITY-305,2026-09-04,"canonical accepted production258 commit ab3d699; confirmed attribution304","read-only structural classification over consumed304 evidence and frozen bound producers; no production source candidate","304 confirmed candidate horizon tier2 on121/145 holdout roots and today tier3 on110/145 but upper-bound prevalence does not prove an attainable missed witness.","Classify gaps by terminal status and master completion/deadline; compare candidate viability and absolute upper bounds; trace each producer as feasible witness versus arithmetic/resource relaxation.","No designed functionality removed disabled deferred or reduced; nothing deleted; attribution-only consumed304 evidence; no rerun source change holdout threshold cap dispatcher or promotion authority.","Frozen7-input manifestE4CFE6C8F00AAD9DA18BD89CF8B070249DB3EA84E569CF51C4626AEEC4210F84 pinning304 manifest complete logs/summaries and decision/master source; successor requires recurrent open complete-master root plus an exact feasible challenger absent from chosen candidates; arithmetic relaxation closes negative.","Complete217 roots: candidate gap exactly nonterminal181 open terminal36 closed; today complete/closed21 complete/open8 incomplete/closed45 incomplete/open143; candidate=absolute13 candidate=viability13 viability=absolute214; exact feasible challenger records0; source checks3/3; script700D109DE88B0170ED34BE7C2C6553F1ED89FDE08361FC2749016E780559C4BB evidenceF5D7E254AC2EE79A0C1390F586343722DFB0DB0498F7498D0B26251EBA84ECCA.",none,not-applicable,not-run,closed-noncausal-bound-telemetry,"Reopen only from a fresh exact full-match oracle counterexample with a feasible lexicographically better three-active-Patrol plan on official8/9/10-team configs; open bound telemetry alone has no authority."
ATTR-OPTIMALITY-ENVELOPE-PREVALENCE-304,2026-09-04,"canonical accepted production258 commit ab3d699; research closure303; branch HEAD4b09560","instrumentation-only historical harness469F19D32C3111719BDC85EE10D69F2646C962438F9B0CDD7D837AA7D97FE3EF binary33888811F62CB3BF5316A41328315D8077458344CB6C4F71AA2DC3815E134827 runner5D2EC28341209D1EBA7443684A8DA685ED8784DB6EF4B883CCC0AD925AB9201D summarizer71EF9FE1370F2412EFC5EB17CAB2E2BE513CD78EA9E1027991053DF8F1D76AAF; no production source candidate","297-300 proved exact cheaper required-terminal capability but301 regressed under timed integration and302-303 found no safe integration boundary; identify which canonical optimality envelope remains recurrently open on fresh official-domain states.","Emit existing todayPortfolio candidateHorizon viabilityHorizon and absoluteHorizon lower/upper/component gap/first-tier/validity plus completeness/deadline telemetry; never change planning or selection.","No designed functionality removed disabled deferred or reduced; nothing deleted; canonical258 behavior and3375/5000 checkpoint unchanged; official lexicographic score exact simulator independent validator; no BTC replay reuse dispatcher cap widening or production authority.","Frozen12 development and24 sealed holdout cases across8/9/10 players general/map12/16/24/32 all fuel profiles fixed/deadline roles and public windows5000/10000/15000; manifestD908B37A1787ACDDF01BB0DF9D34078EFE08EF18808CB4957A7D294CBA3B2DF4; open holdout only with zero safety/envelope failure and recurrent non-absolute tier1/2 breadth or tier3 prevalence>=25% across broad strata.","Complete12 cases/72 day roots; candidate closed/tier1/tier2/tier3=12/0/60/0 viability=2/0/60/10 today=31/0/0/41; non-absolute high-tier roots60 and tier3 roots45 across all suites/fuels/players/roles/windows; safety and invalid envelopes0; gate pass; log511052468657374CA3F7283B808F3BC6DAD43E85EF8D5DD777CEA9C1955615FE summary76CBF5A90A1051A56AB9A7614210A9992FF0FF53EE004CE254FE6AD013D73A9B.",D908B37A1787ACDDF01BB0DF9D34078EFE08EF18808CB4957A7D294CBA3B2DF4,"Complete24 cases/145 roots; candidate24/0/121/0 viability1/0/122/22 today35/0/0/110; high-tier roots122 tier3 roots118 across all strata; safety/envelope failures0; log127B144E38F092A43D86C571605F525958EE57507EACBF09E9FED2EEB48B207D summary1C8E5561646E8A2745F3558BD0D04C72BE188CB59D22B208066574B5BC0158F8.",not-run,confirmed-attribution-only,"Prevalence cannot promote a mechanism. Causality305 must prove attainability; otherwise close as coarse bound telemetry."
ATTR-TARGET-FOLLOWUP-PREFIX-FEASIBILITY-303,2026-09-04,"canonical accepted production258 commit ab3d699; accepted capability300; rejected301; closed-negative302","read-only source/runtime phase-boundary audit; no production source candidate","300 is exact and fast but direct timed integration301 has mixed gains/losses and breaks5000 prefix; determine whether capability can run strictly after an order-identical canonical target-followup prefix without stealing parent work.","Trace global-pool fixed point target task scheduling frontier completeness target ascent deadline propagation and later consumers; sidecar boundary requires complete committed parent plan/state/ledger with positive remaining authoritative time and no recompute replacement starvation or dual solver.","No designed functionality removed disabled deferred or reduced; nothing deleted; read-only; canonical258 unchanged; no source build benchmark holdout dispatcher threshold cap change or score authority.","Frozen source manifest8E5E6CA627B931A88A5371249979A6C230C4B3F636600706A51285799E98FE2B pins slack_refiner orienteering source/header and302 summary; output-equivalent completion or deadline-only boundary closes RCSP integration.","No useful boundary: target tasks use atomic scheduling and one deadline; incomplete vectors are consumed before retrospective completion check; complete frontier/fixed point makes300 output-equivalent; deadline leaves no headroom; auditA17B0B75924FDFC31F71EF0DBDAECA2A3AFEEFC07B8028ACF6B6D84891E330E6.",none,not-applicable,not-run,closed-negative,"RCSP direct and sidecar integration closed. Reopen only for a fresh deterministic operation-bounded whole-policy contract or new remaining-horizon dominance certificate; never by threshold task order cap dispatcher or consumed301/302 evidence."
ATTR-REQUIRED-TERMINAL-BOUND-DIVERGENCE-302,2026-09-04,"canonical accepted production258 commit ab3d699; rejected301 complete development evidence","read-only attribution over frozen301 manifest log summary patch and binaries; no production source candidate","301 combined broad tier3 gains with five losses tailing to-17 and three5000-ms equivalence failures despite300 complete frontier parity; classify the actual timed divergence before any successor.","Report W/T/L by execution order role-mask equality earliest day-plan divergence and target route/plan/valid/acceptance/deadline deltas; classify losses as starvation extra greedy acceptance or upstream role/checkpoint divergence.","No designed functionality removed disabled deferred or reduced; nothing deleted; attribution-only consumed301 evidence; canonical258 restored; no holdout source change rerun threshold tuning family dispatcher or promotion authority.","Frozen six-input manifest0C39A010DEB2C69C29AD4EF5D7FBBA8C11B7DC2B49DF0B8260960D73F6EE47D3 pinning301 manifest complete log summary rejected patch and binaries; successor requires one public state-coupled invariant preserving order-identical5000 parent prefix and separately certified additions.","Complete read-only audit: candidate-first W/T/L6/5/1; parent-first4/10/4; same-role9/15/3; role-divergent1/0/2; loss classes two upstream-role two target-starvation one extra-greedy; three5000 prefix mismatches remain; scriptF5A6E045A114CBA65F740AD9DBC27A03E6F57B23987F1799653BC41571AF325F summary5A5DBC09C62CDD51A407ADCDA75FADB7AAC9F38EBCDBB244A275ADAD4EE47689.",none,not-applicable,not-run,closed-negative,"No SCORE successor dispatcher or threshold authorized. Only a source-level phase-boundary audit may determine whether capability300 can run strictly after an order-identical canonical prefix; otherwise close RCSP production integration."
SCORE-REQUIRED-TERMINAL-LOWER-BOUND-301,2026-09-04,"canonical accepted production258 commit ab3d699; parent historical binary03DD83C9B31BFFFF5D935D245693F7D260DFCBF5CB8607A3BAA2B1D5846E6314; accepted capability300","rejected direct in-place required-terminal reverse step/fuel bound; candidate binary79A1F2A3C7C2C98C44F8AA699E6D5FB97C5B12F6776D8F268C7F1059719DC486 patch9EA77419008D5EAAB05F86198EEF68745BF39CF04868145961D4CAB426034220; source fully reverted","300 proved exact ordered top-K parity and median work0.311687 development/0.229561 verification; determine whether removing provably dead labels improves the actual bounded accepted258 continuation without broad downside.","Inside the existing sparse target caller build reverse step/fuel distances with official source-cell cost; skip only root/successor labels whose required terminal lower bound exceeds remaining resource; no runtime flag or second solver.","No designed functionality removed disabled deferred or reduced; nothing deleted; official lexicographic comparator exact simulator independent validator canonical main5000; 5000 score/plan/state/ledger equivalence; no cap widening dispatcher GPL code or change outside required-terminal path.","Frozen30 paired development and54 sealed paired holdout cases across 8/9/10 players general/map12/16/24/32 all fuel profiles fixed/deadline roles and public windows5000/10000/15000; manifestB5BEED7027A7CE32CAA8CF878F2B573425F636E004974A765E26B08A9A3BF103; gate zero safety exact5000 equivalence no tier1/2 loss tier3 downside<=4 wins>losses >=3 gains>=2xloss and breadth2 suites/2 fuels/both longer windows.","Complete30 cases/60 results/run_complete; safety failures0; W/T/L10/15/5; longer8/7/5; aggregate0/0/+4; gain/loss44/50; loss tail-17; three5000 score/plan equivalence failures; logDDB57E6BE9BFFF57E80A8AB46AE46E1171307CC47B5B5866F73BD913BFC83304 summary6CB5207426DA77C678C68BC1BEE9B70724F6F0AD7C4B819494BBE18DDEFAD4B7.",B5BEED7027A7CE32CAA8CF878F2B573425F636E004974A765E26B08A9A3BF103,sealed-not-opened,not-run,rejected-development,"Do not retry direct in-place pruning or tune consumed301 cases. Attribution302 may only authorize a genuinely different order-identical-prefix state-coupled certified mechanism."
ATTR-REQUIRED-TERMINAL-LOWER-BOUND-300,2026-09-04,"canonical accepted production258 commit ab3d699; closed 297/298/299 capability chain","research-only current unbounded target sparse reference versus exact reverse step/fuel lower-bound target pruning; no production source candidate","The production required-terminal sparse caller knows its terminal but still expands labels that provably cannot reach it within remaining steps or Patrol fuel; 298 already used this bound symmetrically and therefore did not isolate its value against current production.","Build exact reverse shortest-step and shortest-fuel distances with source-cell move costs; count construction; reject root/successor only if either bound exceeds remaining resource; retain current cardinality-first first-witness-per-mask and ordered top-K contract.","No designed functionality removed disabled deferred or reduced; nothing deleted; attribution only canonical258 unchanged; exact official movement fuel claim and lexicographic semantics; no GPL code cap widening dispatcher score change hidden work or dual production solver.","Frozen8 development and8 locked verification cases across players8/9/10 agents3/5/8 maps8/12 spots6/8/10/12 all fuel/terrain/start/target/preferred modes minimumSpots1..5 K8/16/32; manifestBB73704A4C6E6A6C4184C16E14E1E073BA11DC0C77EE5D5F78E937DE72747880; gate exact ordered top-K parity exact dual validation zero invalid/determinism/bound failure median total-work ratio<=0.80 reduction>=3 families.","Development passed8/8 exact ordered top-K parity; invalid/validator/determinism0; median work ratio0.311687 including bound construction; reduction4/4 families; one tiny case1.010738 and all others<=0.728471; source6E348A50EFEBAAEB29A3A6684D5FF4B8300B103A773A3B4D7BDD48336A04E609 binaryB31795CC8157F76668825D1D6BFC8101DBD2F25FF24F1F28F286FBBAB5F72B49 logF46A558C71CCF7925391079A0B69E1E22754FE1273CB86D8FFE4244A06BA6E38 stderrE3B0C44298FC1C149AFBF4C8996FB92427AE41E4649B934CA495991B7852B855 result cd818faca3fb7b4b.",BB73704A4C6E6A6C4184C16E14E1E073BA11DC0C77EE5D5F78E937DE72747880,"Verification opened once:8/8 exact parity; invalid/validator/determinism0; median work ratio0.229561; reduction4/4 families and every case; result ca958f335dffc21b; logE334CAFD8D724AF3E8D12216EEBCF6B8D064B81DCE46EAA1F9383F3A8C362BF2 stderrE3B0C44298FC1C149AFBF4C8996FB92427AE41E4649B934CA495991B7852B855.",not-run,accepted-capability,"Only a separately frozen SCORE integration with fresh seeds may modify the one existing target-terminal path; no dual production solver cap widening dispatcher or reuse of300 evidence."
ATTR-INCUMBENT-GOAL-RCSP-PRUNING-299,2026-09-04,"canonical accepted production258 commit ab3d699; closed capability297; rejected boundary298","research-only exact target-pruned forward top-K reference versus admissible incumbent-goal pruned forward RCSP; no production source candidate","298 proves complete bidirectional join overhead loses on the actual single required-terminal shape; current target forward search still lacks the literature-derived incumbent top-K upper bound that can prune only labels mathematically unable to enter the retained set.","After K terminal candidates exist compute an optimistic rank from individually step/fuel-reachable remaining Spots plus admissible final resource lower bounds; prune only when optimistic tuple cannot strictly beat Kth; reconstruct and dual-validate exact ordered top-K parity.","No designed functionality removed disabled deferred or reduced; nothing deleted; capability attribution only; canonical258 unchanged; one forward target path no bidirectional join; official movement/fuel/claim and lexicographic rank; no GPL code cap widening dispatcher score change or hidden work.","Frozen8 development and8 locked verification cases across players8/9/10 agents3/5/8 maps8/12 spots6/8/10/12 all fuel/terrain/start/target/preferred modes minimumSpots1..5 and K8/16/32; manifestE8FF857F7C920919CBCC2369EEABA64B2B060C5CC5A7C34E49BA969A78769E92; gate ordered top-K rank/resource parity exact validation zero invalid/determinism/bound failure median total-work ratio<=0.85 reduction>=3 families.","Corrected formal development8/8 preserved exact cardinality-first top-K output and zero validator/determinism failure but gate failed: six cases never filled K and ratio1.0; activated cases ratio1.449124/1.108468; median1.000000 reduced families0; sourceFD72CEF78EDFF5BE3B072ECA8AAF79052C6224AFEEB75A4B7472F4D74FE0D31A binary0306DC1F1189B060EFFAF97075FEB8FEA8B7756F43B6A59B5D747E70B7EB5066 logB24929B34F9ED2BA0BA45137D227B58038EB98D77167B92C894E4197ABC1E2CD stderrE3B0C44298FC1C149AFBF4C8996FB92427AE41E4649B934CA495991B7852B855 result eb590cba21c876bf; pre-accounting log3978D18BB8109958ECAE3D16A2FAF0349947B3E7634A386CA67DA71AA2C5014F preserved invalid.",E8FF857F7C920919CBCC2369EEABA64B2B060C5CC5A7C34E49BA969A78769E92,sealed-unopened,not-run,rejected-performance,"Reopen incumbent ranking only with a constant-time state-coupled upper bound that activates before K without hiding its construction; do not tune consumed development."
ATTR-BIDIRECTIONAL-RCSP-BOUNDARY-298,2026-09-04,"canonical accepted production258 commit ab3d699; capability parent297; branch HEAD9a72d08","research-only exact required-terminal forward versus corrected bidirectional RCSP boundary probe; no production source candidate","297 passed ordinary-start/public-Spot endpoints but accepted215 production calls a required terminal that can be non-Spot and Patrol can start on a Spot; reverse masks must reflect claims on completed forward-edge destinations and initial WAIT1 claim semantics.","Compare complete nondominated required-terminal frontiers with Spot/non-Spot starts and targets; reverse suffix root mask0 and expansion adds destination Spot bit; explicitly model optional initial WAIT1; reconstruct every retained route and replay exact simulator plus independent validator.","No designed functionality removed disabled deferred or reduced; nothing deleted; attribution only; canonical258 unchanged; official movement/fuel/claim semantics; no copied GPL code production dual path cap widening family dispatcher or score authority; verification locked until development passes.","Frozen8 development and8 verification cases across players8/9/10 agents3/5/8 maps8/12 spots6/8/10/12 all fuel profiles four terrain families and Spot/non-Spot boundary combinations; manifest385FF9B959230783220E31F9FA866349B5C5CFF5A62D1B82A9EF4858CD9D3B52; gate exact frontier/rank parity zero validation/mask/reverse/reconstruction/determinism failures median work ratio<=0.80 and reduction>=3 families.","Corrected frozen development completed8/8 with exact frontier/rank/determinism and zero invalid/reverse/validator failure but work gate failed: median ratio1.193558 and reduction only2/4 families; gate_pass0 exit2; sourceB988CD1AB491DFB5BB968F04F3F8A8F1F6BE081BA9D87F82F6BD00890EB386BA binaryD283975B9014AAB04A92765471C2A7854903DF36D76C090E7F8600E06557D625 log49388E4C85B4C1D637646142FE78665A7F3F3A29D6FD09E4F067EB3F345F2BE2 stderrE3B0C44298FC1C149AFBF4C8996FB92427AE41E4649B934CA495991B7852B855 result78c7100523f6db4. Earlier pre-gate-exit log703F25A931D8C757D7EC291941882FAB9422EA173C6DB390C844EDB7F8FDE447 preserved invalid harness evidence.",385FF9B959230783220E31F9FA866349B5C5CFF5A62D1B82A9EF4858CD9D3B52,sealed-unopened,not-run,rejected-performance,"Do not integrate complete bidirectional joins into the single target-terminal caller. Reopen only if one invocation amortizes multiple authoritative endpoints or a sound join bound removes the measured overhead; do not tune on consumed development."
ATTR-BIDIRECTIONAL-RCSP-FRONTIER-297,2026-09-04,"canonical accepted production258 commit ab3d699; branch HEAD9a72d08; literature audit17536F592A3245122E6574E507DEE2C8A03BAC05B7F1D0F1F67DCFD211A2EF72","research-only independent targeted forward reference versus bidirectional RCSP label-and-join prototype; no production source candidate","Exact route generation is often bounded on large/dense cases while experiments286/287/295 prove that blind pool growth perturbs the bounded master; determine whether goal-directed bidirectional pricing can preserve the exact endpoint frontier with materially less work.","Price every Spot endpoint with identical step/fuel/visited-Spot resources; reverse expansion charges the forward predecessor cell; join masks by union; exact-reconstruct and dual-validate every retained route; compare complete nondominated endpoint frontiers and deterministic hashes.","No designed functionality removed disabled deferred or reduced; nothing deleted; capability attribution only; canonical258 unchanged; no copied GPL code; no weighted objective cap increase deadline change production dual path fixture dispatcher or score/holdout authority; canonical5000 remains.","Frozen12 development and12 locked verification cases over players8/9/10 agents3/5/8 maps8/12 spots6/8/10 four terrain families and all fuel profiles; manifest C76955178F186804B03149731F79402D868C42B45D6DA217921F8B6424DD49B5; gate exact frontier/rank parity zero reconstruction/validation failure deterministic repeat hash median work ratio<=0.80 and strict reduction in>=3 families; work includes settled labels directed-arc scans dominance checks joins and lower-bound construction.","Formal stricter development rerun complete12/12 after pre-evidence audit added exact target-specific step/fuel lower bounds. All frontier/rank/determinism/invalid/simulator-validator/reverse-cost/reconstruction failures0; median work ratio0.577038; reduction4/4 families; source3437EDBA739775539C56E585848FFBCF2AF4A5175119520944D48A390B581696 binary3FD17293E59A851587ECD2A5FFA2BDADE7851DD8C05E5371F6CB9B862D7053B4 log5DF9B897D4C41448A7029B0E39F1B80BC9729C8FF902977AFD1590A5829FDB7D stderrE3B0C44298FC1C149AFBF4C8996FB92427AE41E4649B934CA495991B7852B855 result cb4dd1eab59f7742.",C76955178F186804B03149731F79402D868C42B45D6DA217921F8B6424DD49B5,"Frozen verification opened once: complete12/12; all parity/rank/determinism/invalid/simulator-validator/reverse-cost/reconstruction failures0; median work ratio0.551093; reduction4/4 families; result732a6ec5c88ebe8c; log46E52BF0CA0EBB7D13843BE33F5E34D65EEDF6A386681A7CCA8CA248791AFD5C; stderr-emptyE3B0C44298FC1C149AFBF4C8996FB92427AE41E4649B934CA495991B7852B855.",not-run,accepted-capability-scoped,"Production integration is not authorized outside ordinary-start/public-Spot endpoints. Runtime-path audit opened298 for Spot-start/non-Spot required-terminal semantics; never relax parity hide work increase5000 retain dual production paths or copy GPL implementation."
ATTR-ROW28-ROLE-TRAJECTORY-296,2026-09-04,"canonical accepted production258 commit ab3d699; research checkpoint3524ad7; accepted258 Windows BTC binary B64C7EBDBB96AA02AA0EC52620C12C9F6937FEE546470549B8F5C777A8E3CC52","same-binary read-only role counterfactual; no production source candidate","BTC row28 m-9594 loses one daily distinct after all-Patrol carried fuel reaches1..4 on terminal day;293 proved terminal sparse supply cannot repair the root but did not test whether role choice caused it.","Replay complete five-day all-Patrol mask0 and each one-Tanker identity1/2/4/8/16 in forward and reverse execution order at canonical5000; require at least3/5 stable tier2 wins and median tier2 improvement in both orders.","No designed functionality removed disabled deferred or reduced; nothing deleted; attribution only on consumed replay; official lexicographic score; exact accepted binary; canonical5000; no source holdout promotion threshold tuning cap widening or identity/replay/seed/map/bot/opponent/match dispatcher.","Frozen12 atomic cases; manifest3466045698B36B7493F3A6A6CEFB59DA4BB4D09ED7ABA4BF07DE8DE60525211A; runnerE81CB4A91F80CBAF032C8E47E407F1B530A8CA5673D4E32DE5D3251B9D10A668; summarizer5BAD3B06E95A3A030E8EBE415100C051ED9D0F033C890EAA4C51C4B5E017AE8A; replayF5F0C8CDE7D1EF3BBE584D138E7E1BB6BD127388F139B6C869913A10EADDA933.","Complete12/12 plus run_complete; no structural failure; all-Patrol6/30/104 both orders; all five one-Tanker identities preserve6/30 and score115..119 servings; stable tier2 wins0/5; median6/30/118 both orders; gate false; log11B82BE43AE28762049FF6D61474521313BDE47BD14C80E0998435AA44208C01; summary4AB8492F3A91B23FEA71F33E89EDA140811CA024EC4C3BF2F94A5DD0CFD2BA60.",none,not-applicable,"m-9594 rank4 6/29/105 versus6/30/138/129/118;5/5 valid;4/4 transitions; max response7772ms; consumed attribution only.",closed-negative-role-not-tier2-cause,"Role is closed for row28; retain293 state-coupled prior-trajectory classification. Reopen only from a fresh authoritative counterexample meeting the existing general role reopen condition; never route by Tanker identity replay seed map bot opponent or match."
SCORE-SERVICE-EVENT-SET-CLOSURE-295,2026-09-03,"canonical accepted production258 commit ab3d699; branch HEAD233a93c; closed positive attribution294; frozen default-off working-tree parent","rejected and fully reverted same-binary opt-in exact one-event/two-event service-group closure","286 broad gain was unsafe when provider events were orphaned;287 fixed every provider to a rigid three-agent group and selected only one. Need immutable exact service-event-set closure without postselection mutation.","For each public ordered Patrol pair generate an independent one-event prefix group and a two-event full group; reverse order supplies the other prefix. Group feasibility requires exactly one provider and one consumer per event; actions event times terminal state fuel and road footprint are immutable and exact-validated before selection.","No canonical designed functionality removed disabled deferred or reduced; nothing canonical deleted; default-off operation-isolated parent; no second solver dispatcher replay/seed/family/bot/opponent/match routing postselection mutation cap widening or certificate weakening; official comparator; canonical5000.","Frozen30 paired development and54 sealed paired holdout; manifest7CB896C1995156DC4ACA3D47E3FB3355A362BF964D289771A61E573F326A6152; runner62A2E03CCA602188434C3BFF5E1B6AC1BFB987230C4A347FFA1FBCF92A245142; summarizerAA8FDBE64946576ED8CB1021AD1123EB08EE2F6300EC9010B56450D56F5788B1; alternating order; fresh8/9/10-team seeds maps8/12/16/24/32 all fuel profiles multiple Tanker identities.","Complete60 results/30 cases/run_complete; stderr0; invalid0 emergency0 atomicity0; W/T/L6/12/12; aggregate0/-2/-35; gain/loss79/115; one tier2 loss; tier3 tail-31; log DBC80E8869F359CE2BD5EE2568402D734F101ABB420099FD47F3F4AB468F0428; summary475ABBF79454FF22275501203D4BB8F1C2B01E296660F1CB1810B5CA8DE30475; source candidate fully reverted.",7CB896C1995156DC4ACA3D47E3FB3355A362BF964D289771A61E573F326A6152,sealed-not-opened,not-run,rejected-development,"Reopen only from a fresh authoritative counterexample and a different state-coupled refuel invariant that cannot perturb canonical bounded search without separately certified strict gain; never reuse286/287/295 consumed development seeds or relax the gate."
ATTR-MULTI-WAYPOINT-SERVICE-PREFIX-CLOSURE-294,2026-09-03,"canonical accepted production258 commit ab3d699; branch HEAD233a93c; consumed complete development286/287","read-only frozen-log classifier and historical source-patch audit; no production source candidate","286 is broadly positive but its material losses select orphan providers;287 forces a fixed provider-plus-two-consumer group and selects only one complete group. Determine whether exact event-set closure is a genuinely different invariant rather than relaxing the old gate.","Classify complete286/287 selections and recover source semantics. A future successor may only generate independently exact one-event and two-event service groups before master selection; never mutate a selected route or infer that provider implies either consumer.","No designed functionality removed disabled deferred or reduced; nothing deleted; attribution only; official lexicographic comparison; consumed evidence cannot promote tune or open holdout; canonical5000; no dispatcher threshold relaxation cap increase or replay routing.","Frozen manifest75FAD77BE4960F7218456404BDDB86CEF2F695D537934AA2C26C2E01C03A0908 references30 paired/60 results from each of complete286/287 plus frozen summaries. Gate requires hash/count integrity; both >4-tail losses orphan; matched class zero loss positive gain across >=2 map/fuel strata;287 atomicity/inertness; source proves exact preselection event-set family is distinct.","Complete: all hashes/counts verified;286 matched class3/1/0 aggregate+133 zero loss across3 suites/2 fuels; both tail losses-6/-7 orphan; orphan class4/1/5 net-1 gain/loss18/19;287 selected1 complete group and atomicity failures2. Source audit proves286 lacks group identity and287 hardcodes three-agent one-provider/two-consumer groups. ProbeA7ABF7E0AC05CDF52FB891F3940243DA3602263D57D7D4ED5050101E56E96102; evidence96E9FB90757A2D843E3A46079BE9DD9FE671E07D5A31455B026AD97DDB531C76; source patchD03A5483BB0F87990FB731D0BB1EDCD13A2DD5DD06EF98617C0E1A8C8C6A0CA3.",75FAD77BE4960F7218456404BDDB86CEF2F695D537934AA2C26C2E01C03A0908,not-applicable,not-run,closed-positive-score-successor-authorized,"Register only fresh SCORE-SERVICE-EVENT-SET-CLOSURE-295 with immutable exact one-event and two-event groups; never reuse consumed286/287 seeds open their holdouts mutate selected routes or relax historical gates."
ATTR-ROW28-TERMINAL-COVERAGE-293,2026-09-03,"canonical accepted production258 commit ab3d699; branch HEAD233a93c; canonical binary5FA10472D46E1136E3A2CFCD87FF26DA97C64575E42E2A385F1134CB44826F01; fresh BTC replay m-9594","unchanged accepted258 recorded-terminal-marginal research probe binary01329BA4EF91B02FE7A60D1D1A9E7D399BCFB0B3FD084127AC11DA1F0566A4C9; no production source candidate","Row28 is a clean one-unit tier2 loss: canonical covers all six brands on days1-4 but only five on terminal day5 while every bot reaches6/30. Live terminal marginal emitted zero route despite a trusted7372ms public budget.","Run the unchanged recorded-terminal-marginal probe once on consumed day5. No tier2 gain classifies the replay as the known209/260 prior-trajectory residual; a full-coverage witness exposes a narrower live candidate-supply mismatch and may authorize only a separate fresh-fixture successor.","No designed functionality removed disabled deferred or reduced; nothing deleted; attribution only; official lexicographic score; exact simulator and independent validator; canonical5000; authoritative public window; consumed replay cannot promote or tune; no certificate relaxation cap increase or replay dispatcher.","Frozen single consumed day5 case manifest BD159558588904D7272FE972ECC17F147EFCC415BB12A21244125035A27E332F; fixed accepted258 terminal marginal limits1250000 states and32 routes before measurement.","Completed1/1 without failure. Recorded root6/24/99; terminal score5/5/6; all Patrols start with1..4 fuel;46 labels; zero emitted masks retained routes valid candidates or deadline; global/protected/road-equivalent/traffic-nonincreasing best remains6/29/105. Log26D0BF09D28C5C2C496BF92C164AB7303A484754EB9AE2BFF390EDB9655E9979; report288456C26A1774AFA96282A84519E0E904D60B19965FD7BCCAECE4B8EE41B495.",BD159558588904D7272FE972ECC17F147EFCC415BB12A21244125035A27E332F,not-applicable,"m-9594 rank4 6/29/105 versus6/30/138/129/118;5/5 valid;4/4 transitions; max response7772ms; stderr empty; replayF5F0C8CDE7D1EF3BBE584D138E7E1BB6BD127388F139B6C869913A10EADDA933.",closed-known-state-coupled-prior-trajectory-residual,"Reopen only with a genuinely new sound full-remaining-horizon state-coupled certificate or operation-equivalent capability improvement that computes it within the public deadline; never tune m-9594 weaken certificates increase caps or repeat164/167/168/176/180-184/209/229-232."
ATTR-ROW26-HIGH-FUEL-LARGE-THROUGHPUT-292,2026-09-03,"canonical accepted production258 commit ab3d699; branch HEAD233a93c; canonical binary5FA10472D46E1136E3A2CFCD87FF26DA97C64575E42E2A385F1134CB44826F01; fresh BTC replay m-9592","read-only production telemetry and comparison with closed270/269-281/291; no source candidate","Row26 is a clean155-serving tier3 loss on a ten-day32x32 eight-agent high-fuel fixture; determine whether it opens a new mechanism or repeats the known high-fuel long-horizon boundary.","Audit exact validity transition reconciliation main/master/column completeness continuation yield and compare the public configuration and telemetry signature with experiment270; never apply an alternate plan.","No designed functionality removed disabled deferred or reduced; nothing deleted; attribution only; official lexicographic score; canonical5000; no cap increase certificate relaxation role/replay dispatcher or repetition269-291.","One fresh authoritative replay with ten day roots compared to the independent consumed270 counterexample and closed successor family.","Closed known class: all10 masters incomplete/deadline-bound; independent generator deadline10/10; column deadline6/10; continuation deadline10/10 generated507 valid500 accepted0 nonterminal takeovers; terminal day10 lifted28 to61; replay CE913C3772110BE9527B3C0ACD8FF3089EC74F2EDF7A51E98625623AD84C9AD0.",none,not-applicable,"m-9592 rank4 10/100/460 versus615/595/576;10/10 valid;9/9 transitions; max response7683ms; stderr empty.",closed-known-high-fuel-long-horizon-boundary,"Reopen only with a new executable whole-future public-state dominance relation authoritative opponent trajectories or an operation-equivalent capability improvement producing proof on fresh evidence; never repeat269-281/291 or tune m-9592."
ATTR-MASTER-FACTOR-SEPARABILITY-291,2026-09-03,"canonical accepted production258 commit ab3d699; branch HEAD233a93c; four consumed clean BTC counterexamples m-8135/m-8385/m-8615/m-9515","research-only extension of claim_probe; binary01329BA4EF91B02FE7A60D1D1A9E7D399BCFB0B3FD084127AC11DA1F0566A4C9; no production source candidate","Four consecutive clean BTC gameplay losses expose repeated deadline-bound portfolio/master gaps; test whether the actual production-width RoutePortfolio admits nontrivial exact structural factorization after every known cross-agent coupling is represented rather than assuming same-Spot independence.","Generate the recorded-plan-seeded production-width proxy portfolio at every day root; build constraint components from shared Spot stock required/provided refuel events escort groups complete contingency bundles and proven mandatory reservations; then add shared-brand objective edges for a conservative exact-separability graph. Report both graphs and raw combination scale; never apply a plan.","No designed functionality removed disabled deferred or reduced; nothing deleted; attribution only; canonical5000 semantics; exact replay reconstruction; all four replays already consumed and cannot promote or tune; no cap increase certificate relaxation replay dispatcher or repetition of 269-290.","Frozen28 roots across four consumed replays; maps12/16/24; agents5/6/7; days1-9; manifest AEA522CF303E2ADBE152E83EDEB0D8CA4EAB157C7F20FB8C539037B7E6313F92. Feasibility gate fixed before probe change: at least8 roots spanning at least3 replays must retain conservative largest component at most4 and at least fourfold raw-product reduction before a separate fresh-fixture exact-merge oracle may be registered.","Completed28/28 with one run_complete and zero failure/mismatch. Every constraint and conservative graph was one full component; largest5/5 6/6 or7/7 according to match and reduction1.000000x on every root. Gate0/28; logBE88BB65F7EACD718DF4C0BC52DBD9EBD0AF96BE1C268B89DECA0786BF68FB6C; report22DC0B6B582468B5F53AC7B73AA33A44CE35C7169D92067B9E3A848AD8B66165.",AEA522CF303E2ADBE152E83EDEB0D8CA4EAB157C7F20FB8C539037B7E6313F92,not-applicable,"Rows22-25 were counterexample inputs only; BTC row26 resumes after closure.",closed-not-separable,"Reopen only with a new exact coupling-state representation that preserves stock synchronization bundle reservation and global brand-union semantics; never obtain separation by deleting valid edges."
ATTR-ROW25-LONG-MEDIUM-MASTER-290,2026-09-02,"canonical accepted production258 commit ab3d699; branch HEAD233a93c; rebuilt canonical binary5FA10472D46E1136E3A2CFCD87FF26DA97C64575E42E2A385F1134CB44826F01; consumed replay m-9515","read-only existing production telemetry; report0AE66307B5B6FA8723BCDDB2B3B8C45BEC9FA64FB45C9528DE82FD7DF328CBC8; no source candidate","Row25 is a clean35-serving deficit to the winner; determine whether role or a new master discriminator exists rather than repeating the closed long-medium class.","Compare all-day canonical checkpoint master/portfolio completeness deadline upper-gap and role-enumeration telemetry with the already-consumed m-6134 class; never apply an alternate plan.","No designed functionality removed disabled deferred or reduced; nothing deleted; attribution only; official score; canonical5000; consumed replay cannot promote or tune; no cap increase fixture dispatcher certificate relaxation or repeat269-281/274-277.","Existing9 day decisions from m-9515 compared with9 day decisions from m-6134; role scan checked for duplicate identities.","Closed: both replays portfolio/master incomplete and deadline-bound all9 days; row25 daily upper gaps1/4/3/3/5/8/2/6/4 versus m-6134 3/4/5/5/2/8/7/3/4; seven unique one-Tanker masks and live identity in top rollout tie; report0AE66307B5B6FA8723BCDDB2B3B8C45BEC9FA64FB45C9528DE82FD7DF328CBC8.",none,not-applicable,"m-9515 rank3 8/72/389 versus424/392/351;9/9 HTTP200 exact-valid;8/8 transitions; max response8735ms; replay7CAD9466EA007F7C9EBE595A0DC2847EA0461508FAFDC931FE314AD07BA1F243.",closed-known-long-medium-certificate-boundary,"Reopen only through a genuinely new executable whole-future public-state dominance proof authoritative opponent trajectory or operation-equivalent capability improvement producing such proof on fresh evidence; never repeat closed sparse/master/continuation axes or tune row25."
ATTR-ROW24-ROUTE-FRONTIER-289,2026-09-02,"canonical accepted production258 commit ab3d699; branch HEAD233a93c; rebuilt canonical binary5FA10472D46E1136E3A2CFCD87FF26DA97C64575E42E2A385F1134CB44826F01; consumed replay m-8615; corrected288-v2","read-only existing sparse-frontier attribution; probe964AC9D999284E3751B2C902D265E97C6F751F7DB2F20E222868088FB28DC5B8; no source candidate","Row24 is a clean tier3 loss and role class is correct; determine whether the existing route frontier exposes protected or only changed-state current-day gains.","At every recorded Patrol/day root enumerate fixed50000-state64-route exact sparse supply; exact-substitute one agent and dual-validate; separate unrestricted protected exact-road and traffic-nonincreasing outcomes; never apply a plan.","No designed functionality removed disabled deferred or reduced; nothing deleted; attribution only; official score; exact simulator validator; canonical5000; consumed replay cannot promote or tune; weaker road relations cannot reopen closed271/273/278/279; no286/287 restore certificate relaxation or fixture dispatcher.","Frozen24 roots days1-6 agents0-3; manifestC9F53460FBF188497C0747492B1A18DC09E23D1BD4634971C592743506EF91CD; runner540EAE72FC7D4DA1FC1BD688EA525E1DA70D5A505FC8EC6AD0A7BE6D660E6645; corrected summarizer52FABB8EC2BDE7AAC2C3691FEE98D67EA8BFBF39B4F8E3FF15EA9CB7C14206E4; initial summarizer9DCB5B8FB18EF47D7A07F0DAED597711A3E19F790AA76BD437F2949816C84522 failed pre-summary and has no authority.","Completed24/24 plus run_complete; unrestricted gains11 roots on days2-5 with maxima+3/+2/+3/+2; protected gains0; exact-road gains0; one day2 root has17 componentwise-lower-road strict candidates and best+2 but relation lacks future authority; days1/6 gain0; zero partial invalid mismatch; logC2062C9BD16395916FB03A62ADEBD37B0E97FBD44AE91A4DED7A1486C38C8E38; summary442679BFC977B79A5A31DD6A041BE144581612E5FDE962D2E5A63800B2022329.",none,not-applicable,"m-8615 rank4 5/30/174 versus5/30/182/180/176;6/6 HTTP200 exact-valid;5/5 transitions; max response6474ms; replay48C567D6922A732F5D8A055CAEB07B603AE66C04B4B5D909A3504EE29F48F784.",closed-known-state-coupled-certificate-boundary,"Reopen only through a new executable whole-future dominance proof or authoritative opponent trajectory; never weaken certificates repeat271/273/278/279 restore286/287 or tune consumed row24."
ATTR-ROW24-DEFAULT-MEDIUM-ROLE-288-v2,2026-09-02,"canonical accepted production258 commit ab3d699; branch HEAD233a93c; rebuilt canonical binary5FA10472D46E1136E3A2CFCD87FF26DA97C64575E42E2A385F1134CB44826F01; consumed replay m-8615","corrected read-only same-binary role attribution; no source candidate","V1 omitted production requireUndominatedCurrentFloor=true and is invalid; fresh row24 tier3 loss required corrected role attribution.","Repeat the same frozen role mask and order matrix with replay-counterfactual --current-floor 1 so the solver matches HTTP production semantics.","No designed functionality removed disabled deferred or reduced; nothing deleted; v1 never mixed; consumed replay cannot promote or tune; official lexicographic score; exact simulator validator; canonical5000; no replay seed map bot opponent identity or match dispatcher.","Frozen12 atomic cases; manifestDFD9A70A701F7B831AFFEC05907D4B267E8EDAB146D4A031EDC5416BBA125473; corrected runner8B373244D536984FD9B2A695BC73843AE2AF3C6E52AB24EE3427AAC1F42F856F; unchanged summarizerA6099108B93870B110E9C2EC508BA262CF8638376E4B585B3F25BFAE8CD1D7FB; current-floor1.","Completed12/12 atomic cases plus run_complete; masks0/1/2/4/8/16 forward123/175/173/172/176/175 and reverse123/176/176/173/176/175; every one-Tanker identity beats all-Patrol both orders; zero direction reversals; masks1/8/16 beat live174 both orders; no identity reaches bot182; logD258D84A55E7804912848488C311730819408A24BB67EC7BD091B31782537865; summary79C319D8B8C962AC4411303311DEDEC83C0C851862AEB4D950691A708DC0EA2D.",none,not-applicable,"m-8615 rank4 5/30/174 versus5/30/182/180/176;6/6 HTTP200 exact-valid;5/5 transitions; max response6474ms; replay48C567D6922A732F5D8A055CAEB07B603AE66C04B4B5D909A3504EE29F48F784.",closed-known-role-identity-residual-no-score-successor,"Static centrality facility marginal-Patrol terminal-fuel wider rollout and trajectory-beam mechanisms are already closed; reopen only with a new general pre-switch state-coupled certificate, otherwise trace the existing candidate frontier without restoring286/287 or relaxing certificates."
ATTR-ROW24-DEFAULT-MEDIUM-ROLE-288,2026-09-02,"canonical accepted production258 commit ab3d699; branch HEAD233a93c; rebuilt canonical binary5FA10472D46E1136E3A2CFCD87FF26DA97C64575E42E2A385F1134CB44826F01; consumed replay m-8615","invalid read-only same-binary role attribution; no source candidate","Fresh qualifying row24 is a clean tier3 loss: four Patrols plus one Tanker score5/30/174 versus bots182/180/176 on six-day12x12 default-fuel public10000ms; continuation finds no takeover.","Closed-loop mask0 and every one-Tanker identity1/2/4/8/16 forward and reverse for all six days, but runner omitted production --current-floor 1.","No designed functionality removed disabled deferred or reduced; nothing deleted; consumed replay cannot promote or tune; v1 cannot be mixed with v2.","Completed12/12 atomic cases and one run_complete; logAB129EEE5FC738C2683C1EDFAD42A0134879DFEBDD414498AF827618A6330FEC; summary8A69C25FE7388BE750E949FEF969B7894A394DCD2481850906B8F84426DA3694; method invalid because replay-counterfactual defaulted current-floor false while HTTP production uses true.","invalid-method-mismatch",none,not-applicable,"m-8615 rank4 5/30/174 versus5/30/182/180/176; replay48C567D6922A732F5D8A055CAEB07B603AE66C04B4B5D909A3504EE29F48F784.",invalid-operational-evidence,"Never aggregate interpret or mix v1; only corrected v2 can close role or guide the next attribution."
SCORE-ATOMIC-MULTI-WAYPOINT-TANKER-GROUP-287,2026-09-02,"canonical accepted production258 commit ab3d699; branch HEAD233a93c; rejected development286; frozen default-off working-tree parent","same-binary atomic refinement E36C9BC90B2155E1A253AC0C35011BE0DF333B8E04BF262A1F57B81BDDDE2C18 of the additive multi-waypoint provider in the existing single RouteColumnGenerator/RouteMaster","Complete286 is12/12/6 and+150 but both tail losses select an orphan provider with zero matching consumers; the missing invariant is complete atomic selection of one provider plus one consumer for each of two Patrol identities.","Assign every provider and its consumer alternatives one public-state service-group identity and required agent mask; partial feasibility and final synchronization require exactly one provider and both distinct Patrol consumers from the same group.","No designed functionality removed disabled deferred or reduced; nothing deleted; default-off operation-equivalent parent; no cap widening second solver dispatcher replay seed family bot opponent or match routing; exact simulator validator official comparator canonical5000; frozen broad-benefit bounded-downside and zero-atomicity-failure gate.","Frozen30 paired development and54 sealed paired holdout; manifest9B688B10E51E0C1260E5CA548F32099391C4A0A6A624D49B60B0E1361C91B3AF; runnerAD9817614190885523D67082A35AF2515D6D0148E76D7BB04C497CCFA99D0E3C; summarizer099BDAA777B3EA302CAE19D2E686E8A060300CF2A874BA853F7F06888CB3CAF9; alternating order; fresh8/9/10-team seeds; maps8/12/16/24/32; all fuel profiles and multiple Tanker identities.","Complete30 paired cases;10/12/8; first differences12 ties one tier2 gain and17 tier3; aggregate0/+1/+45; gain/loss65/20; min loss-6; wins across required player map fuel and Tanker identities; generated642 providers/2529 consumers; selected one complete group1/2; atomicity telemetry failures2; zero invalid/emergency; max candidate3020ms; log85D3618CD91D2326BBF94A71D3C1CE7B71E84324579AF6223565B1E04A6E4D7D; summaryCF4DBC55CDA84ACE425620AF37F463A068A43D386D143CBB252BFA179D2CD04B.",9B688B10E51E0C1260E5CA548F32099391C4A0A6A624D49B60B0E1361C91B3AF,sealed-not-opened,not-run,rejected-development-downside-and-atomicity,"Reopen only from a fresh authoritative counterexample and a different state-coupled refuel invariant; never relax the frozen gate or reuse consumed286/287 seeds."
SCORE-MULTI-WAYPOINT-TANKER-PROVIDER-286,2026-09-02,"canonical accepted production258 commit ab3d699; branch HEAD233a93c; completed284/285; frozen default-off working-tree parent","same-binary opt-in additive multi-waypoint Tanker provider in the existing RouteColumnGenerator/RouteMaster","Fresh row23 and order-stable285 prove one Tanker is useful but canonical already selects one; current supply cannot make one Tanker visit two successive exact rendezvous and independently refuel two Patrol routes.","Append Tanker columns visiting two Patrol start cells with one-step exact refuel events and matching Patrol wait-then-Spot consumer columns; existing exact synchronization simulator validator comparator and certification remain authoritative.","No designed functionality removed disabled deferred or reduced; nothing deleted; default-off operation-equivalent parent; no cap widening second solver replay seed family bot opponent match dispatcher or158 restore; official score; canonical5000; fresh8/9/10-team evidence; bounded-downside gate permits only small tier3 regression.","Frozen30 paired development and54 sealed paired holdout; manifestC2BA2E7518402FA204FADB73138243FC29D33DFB0161AD6DB1A444B2B748B582; runner394D6CD58D2EF38DEB9B3A1BCBF643B0C68173D2A617183691E00957CED1BEE3; summarizerC4EA3188211091DE35CE0C5034E1995FE01868F1D62CBC56C96632194FF845FC; alternating order; players8/9/10 maps8/12/16/24/32 horizons4/5/7/10 all fuel profiles multiple Tanker identities.","Complete30 paired cases;12/12/6; all differences tier3; aggregate0/0/+150; gain/loss mass170/20; loss tail min-7; generated666 providers/2632 consumers; selected24/14; zero invalid/emergency; max candidate3018ms; logE0671322A941559DB5D00BEB436674A6C25C6CB80A93D3AB3736BBC6043E07E1 summaryDC4686FB95439BD92B934793536434FB4EB76AD9AAE581A9D9B1E15FF4B5F0F8.",C2BA2E7518402FA204FADB73138243FC29D33DFB0161AD6DB1A444B2B748B582,sealed-not-opened,not-run,rejected-development-downside-tail,"Reopen only as separately frozen287 with the distinct atomic provider-plus-two-consumer invariant; never relax the-4 threshold open286 holdout or reuse consumed development seeds."
ATTR-COVERAGE-SATURATED-LONG-HORIZON-ROLE-285,2026-09-02,"canonical accepted production258 commit ab3d699; branch HEAD233a93c; fresh clean BTC replay m-8385; completed282-284","read-only same-binary role attribution; no source candidate","Row23 m-8385 is a clean tier3 loss: canonical five Patrols plus one Tanker scores5/40/299 versus bots402/398/383 over eight days; role-level full-horizon viability remains the explicit284 reopen condition.","Closed-loop mask0 and every one-Tanker identity1/2/4/8/16/32 forward and reverse at canonical5000. Only >=4/6 order-stable one-Tanker wins plus median class win may authorize a separate identity-invariant multi-waypoint Tanker SCORE successor.","No designed functionality removed disabled deferred or reduced; nothing deleted; attribution only; official lexicographic score; exact simulator and independent validator; canonical5000; consumed replay cannot promote; no identity replay map seed bot opponent or match dispatcher; no158 restore cap widening may_submit weakening or holdout opening.","Frozen manifestD815FFE9F5EB0BEB939A74B0FACB45C6E8C060A25754879E7D37E360B0D59BF7;14 atomic cases; runner74F2E585B6CD5ED36AE15E620A37ACF90579849841B90CFAD47EE2B5B8C6D7FC; corrected summarizerF1B5594C20B608BEE22F1A6AAC3B7B0090B72847232C3C4CBB4D7314AE0D505E; initial summarizer828EDCCA8C2D21AFF26CFADB2A1C51FB53D6BBA8588A2C196D84767EF00C20EC failed pre-read due reserved Input parameter and has no authority.","Complete14/14 plus run_complete. Mask0 169/169. Masks1/2/4/8/16/32 forward280/245/280/270/281/281 reverse281/280/282/270/269/281; all6 identities win both orders; lower median280 both orders; no direction reversal; log068CA1359B8A038490A35D08D424D9F560E7DE3C76DC9D4EF46F5D18413062A3; evidence4AAE023C35707B9A963211764BABC0E1D9A3B9A967D35D0D4AA0B41C6877E3C9.",none,not-applicable,"m-8385 rank4 5/40/299 versus5/40/402/398/383;8/8 exact-valid; max response7876ms; stderr empty; canonical assignment five Patrols plus one Tanker.",closed-positive-role-class-provider-successor-authorized,"Register a separately frozen identity-invariant multi-waypoint Tanker provider SCORE experiment on fresh8/9/10-team seeds; never tune to this replay or identity restore158 or weaken certificates."
ATTR-COVERAGE-SATURATED-REFUEL-TOPOLOGY-284,2026-09-02,"canonical accepted production258 commit ab3d699; branch HEAD233a93c; consumed clean replay m-8135; completed282/283","read-only runtime/source attribution; no source candidate","Row22 bots score309-320 versus canonical182 and publicly use one Tanker to repeatedly restore one or two Patrols; canonical mask1 is active but over-clusters three Patrols with its Tanker and closes143 versus all-Patrol160/165.","Trace public refuel states current route-column topology W1 certificate authority and rejected158-160. A fresh SCORE may open only after a new role-level full-horizon discriminator or useful exact transition-dominance construction; no direct promotion.","No designed functionality removed disabled deferred or reduced; nothing deleted; attribution only; consumed replay cannot tune; canonical5000; exact simulator and validator remain authoritative; no cap widening fixture dispatcher 158 restore shadow solver or may_submit weakening.","Consumed m-8135 plus completed282/283 and source/history trace only.","Public bots repeatedly refuel bounded Patrol subsets across two transitions. Current generator has co-located lockstep and one-Patrol one-rendezvous mechanisms but lacks a successive multi-waypoint provider. W1 covers finite frozen scenarios not every legal future traffic world. Evidence581E25E484D60ECD11873882EC23193ECF93DC64FAEF73F69B6F8D1BA5FA7EA2.",none,not-applicable,"m-8135 rank4 3/15/182 versus3/15/320/311/309; operationally clean; all bots six Patrols plus one Tanker with observed full-fuel meetings.",closed-confirmed-gap-no-immediate-score-successor,"Reopen caravan only after fresh official-domain evidence supplies an order-stable role-level full-horizon discriminator or a useful exact state-transition-dominance construction; never restore158 widen caps weaken may_submit or route by fixture."
ATTR-COVERAGE-SATURATED-HARVEST-RETENTION-283,2026-09-01,"canonical accepted production258 commit ab3d699; branch HEAD233a93c; Windows BTC binary85816C2D02AE86CFC9E9F746C0EE37BF742204C5CD73A778BC6450B9250E2978; consumed clean replay m-8135","read-only same-binary mode attribution; no source candidate","282 closes role. Row22 has24 spots so dense exact supports0 agents; ordinary portfolio retains12 columns per Patrol; retained route maxima and extensions collapse after day1; master upper equals chosen score days2-5.","All-Patrol closed loops under harvest modes0/2/4/7 forward and reverse at canonical5000 with complete decision dumps. Only structural order-stable retained-route and score breadth may authorize a fresh separately frozen successor; no direct promotion.","No designed functionality removed disabled deferred or reduced; nothing deleted; attribution only; official score; exact simulator and independent validator; canonical5000; consumed replay cannot tune a candidate; no cap widening or repeat of sparse275/276 and proof269-281.","Frozen manifest4A89F354A42256193A24ACA1F6A412F1D3F3EFC2C85C1E6C5F07703F0D263C4E;8 atomic cases; runner28FABA4F964896C541EFD61C967B7C5D4AE75190DE700F63A9B1690802135A96; summarizerB006CC3866807DB8414B3F6427D2BEC1A88A9BD77810F3B3C7A9BC35F9ED891E.","Complete8/8 plus run_complete. Forward/reverse scores mode0 128/129 mode2 143/142 mode4 153/151 mode7 153/153. Mode4/7 retain identical day1 maxima7/8/7/7/7/8/8 and extensions12/9/12/10/10/8/10; only agent5 has two extensions day2; none days3-5; mode7 adds no structural breadth over4; logF54A9A5056679135E59CD93BEDF8A3D06B509FC4E1AECFB71B4EE3ACDD124800.",none,not-applicable,"m-8135 rank4 3/15/182 versus3/15/320/311/309; operationally clean; every public bot used six Patrols plus one Tanker.",closed-no-score-successor-refuel-supply-question-remains,"Do not widen retention modes or caps. Reopen only from fresh evidence that harvest extensions are pruned despite feasible fuel. Next axis may study coverage-preserving refuel coordination only after proving it is distinct from rejected158-160 206 and264-266."
ATTR-COVERAGE-SATURATED-MEDIUM-HORIZON-ROLE-282,2026-09-01,"canonical accepted production258 commit ab3d699; branch HEAD233a93c; Windows BTC binary85816C2D02AE86CFC9E9F746C0EE37BF742204C5CD73A778BC6450B9250E2978","read-only replay attribution; no source candidate","BTC row22 m-8135 is a clean material tier3 loss: canonical3/15/182 versus bots320/311/309 on five-day24x24 120-step seven-agent three-brand medium-fuel public10000ms; replay0EFC3363DBBCE1868A5195FE41677D358C250718D6FC91B11C602A8E33C5CBB3.","Closed-loop all-patrol mask0 and every one-Tanker identity1/2/4/8/16/32/64 forward and reverse at canonical5000. Only an order-stable material same-tier one-Tanker class plus a public fuel-horizon invariant may register a fresh SCORE successor.","No designed functionality removed disabled deferred or reduced; nothing deleted; attribution only; official score; exact simulator plus independent validator; canonical5000; no identity replay map seed fuel bot opponent or match dispatcher; no repeat of229-232/268/269-281.","Frozen manifestED30476B0889CCC94C4F29A18E45906B08251361F1016083D4548CC2BE01886F;16 atomic cases; runner561B0F850BBD22C37C8B5AA3DE69B45A4F2CA2B0C67923E11104A57AD7E0F5C7.","Complete16/16 plus run_complete. Forward/reverse scores: mask0 3/15/160,3/15/165; mask1 143,143; mask2 137,133; mask4 128,128; mask8 136,136; mask16 128,128; mask32 135,128; mask64 133,133. Every one-Tanker arm materially loses all-Patrol; live terminal continuation182 exceeds all checkpoint counterfactuals; log93FE0190FF3C679D6B52439F50A38F57295C1792983FC3773EB2682FF79F7A69.",none,not-applicable,"m-8135 rank4 3/15/182 versus3/15/320/311/309;5/5 HTTP200 exact-valid;4/4 transitions; max response7558ms; max main3376ms; zero safety failure.",closed-negative-role-no-score-successor,"Reopen role only from a fresh authoritative counterexample where a public role class beats all Patrols materially and order-stably; next axis is candidate-route supply after proving it does not repeat rejected proof/integration mechanisms."
ATTR-PENULTIMATE-STATIONARY-REFUEL-BOUND-281,2026-09-01,"canonical accepted production258 commit ab3d699; branch HEAD233a93c; consumed clean BTC replays m-6134 and m-6213; pre-change probe126AABACD8AF60AE5627C6782D81AD13B60014B35CB1E40D946C3EEC1E0536F5","research-only telemetry source6EEBDDD2F0169453BE161A3B651D4F3A28AC9A5244B4F951A8B0C528044C0A60 binary218C8B87CACFC3AC3BDB00A30FD6269B82394D6593D62B8C99C090330B50ADFA runner1F99B55A9828A8AECBE802E05B840085C3CD8DC6F5FCC30E655C15C65A72A327; no production source candidate","280 found robust lower valid but filtered4/5 and6/7 Patrol routes touching stationary Tanker cells, leaving44/89-serving parent-bound gaps. Official one-step stationary refuel can retain such geometry without opponent or road prediction.","Reuse frozen sparse current candidate and unchanged physical parent upper. On all-Jammed terminal state hold Tankers at start; before a Patrol departs a stationary Tanker cell insert WAIT1 and reset proof fuel; retain longest geometry prefix fitting Jammed time and fuel segments. Recompile exact durations under uniform Jammed/Busy/Smooth; require simulator-validator agreement and identical official score; compare full candidate lower to unchanged parent upper.","No designed functionality removed disabled deferred or reduced; nothing deleted; attribution only; public terminal road state; official refuel and movement physics; no realized suffix opponent prediction cap increase fixture routing upper weakening or production change.","Frozen manifestA7894FF1EEA050CD867AF0511702785A7F112CB9ADABAED43C98D91599E03F3E; consumed m-6134 day8 and m-6213 day9; fresh SCORE only if >=1 root closes with zero invalid mismatch road-score divergence ambiguity or incumbent mutation. If0/2 close the penultimate robust-bound family closes.","Closed2/2 atomic: no Patrol filtered/truncated; stationary refuels4/5; uniform Jammed/Busy/Smooth lower exact-valid and score-identical; current gains+2/+6; final lower7/63/335 and8/80/629; unchanged parent upper7/63/356 and8/80/675; closes0/2 with gaps21/46; zero invalid mismatch ambiguity or production mutation; log0FB0E23571548E0F7370FE6E0AF5760FF8E35D964BC7FC33DD88819C254DF461.",A7894FF1EEA050CD867AF0511702785A7F112CB9ADABAED43C98D91599E03F3E,not-applicable,not-run,closed-negative-penultimate-proof-family-closed,"Do not tighten consumed roots weaken upper comparator or replay183. Reopen only from a genuinely new full-horizon public-state certificate on fresh counterevidence."
ATTR-PENULTIMATE-ROBUST-TERMINAL-BOUND-280,2026-09-01,"canonical accepted production258 commit ab3d699; branch HEAD233a93c; consumed clean BTC replays m-6134 and m-6213; pre-change probe7E8D4BC7937BCE0E865E1615C0D8573C14CBAE1AC5A98EAE8A5E936528319BA9","research-only telemetry source126AABACD8AF60AE5627C6782D81AD13B60014B35CB1E40D946C3EEC1E0536F5 binaryCAE28CFABB1E942A20865308A5B1DF8E7ACCFC8AB45CD307693538A6B17D0BBE runnerF2FA2E22E0DF645219442BF16AEB4855393625F3E476770DC364700A7B914999; no production source candidate","278/279 prove broad sparse gains have neither exact nor componentwise-lower own-road history. Penultimate-to-terminal full-horizon closure remains possible without opponent prediction if a robust candidate terminal lower can exceed a physical parent upper.","At each frozen penultimate root take fixed50000-state64-route best strict sparse gain; synthesize candidate final day from exact final agents only; remove opponents; canonical terminal solve under all-Jammed; force Tankers WAIT and any Patrol geometrically touching a Tanker WAIT; exact simulator plus independent validator under uniform Jammed/Busy/Smooth must agree with identical day score. Compare exact candidate two-day lower against parent upper brand_count / +brand_count daily / +sum_spot min(stock patrol_count) servings.","No designed functionality removed disabled deferred or reduced; nothing deleted; attribution only; production checkpoint continuation comparator simulator validator and certificates unchanged; no opponent prediction realized suffix fixture routing cap increase or weakened bound.","Frozen manifestA7894FF1EEA050CD867AF0511702785A7F112CB9ADABAED43C98D91599E03F3E; consumed penultimate roots m-6134 day8 and m-6213 day9; separate fresh SCORE successor only if >=1 strict current gain closes the full bound with zero invalid validator mismatch road-state score mismatch or incumbent mutation.","Closed2/2 atomic: strict current gains7/56/300->7/56/302 and8/72/565->8/72/571; robust uniform Jammed/Busy/Smooth lower valid with4/6 filtered Patrols; final lower7/63/312 and8/80/586; parent upper7/63/356 and8/80/675; closes0/2; zero invalid mismatch ambiguity or production mutation; log63C9E311CEA8A451C23FBB339A9A5ED4907370EB94A65360317BAE0ECD919BBD.",A7894FF1EEA050CD867AF0511702785A7F112CB9ADABAED43C98D91599E03F3E,not-applicable,not-run,closed-negative-no-score-successor,"Do not weaken either bound or use realized opponent/road state. Reopen only with a separately frozen tighter sound state-coupled upper/lower proof that is demonstrably distinct from the inert183 consumer."
ATTR-TRAFFIC-NONINCREASING-SPARSE-YIELD-279,2026-09-01,"canonical accepted production258 commit ab3d699; branch HEAD233a93c; consumed replays m-6134 and m-6213; pre-change probe0CA860C2A5BB7588267A1A8F37FAE9200BA33CA00CE742BC783448B8D0B6FEA2","research-only telemetry source7E8D4BC7937BCE0E865E1615C0D8573C14CBAE1AC5A98EAE8A5E936528319BA9 binary07DB64EDD350A9F1B56D18818E64D5CA75EE7D12387DD3622F1BCB6C533ECCFD runner154F51E2CC05EC4C6460C0410632EA55E89C6B1DE59F68C77DB7423B37A0DCA4; no production source candidate","278 found zero exact-road sparse route on all six roots. 273 found componentwise lower traffic only in crossed two-Patrol plans and no score gain; unrestricted one-Patrol sparse supply remains unmeasured under the weaker traffic relation.","Repeat frozen50000-state64-route sparse frontier on six consumed roots; exact-substitute and dual-validate; count componentwise non-increasing own-road dwell strict somewhere plus componentwise current-score nonregression strict somewhere; record changed terminal distance fuel delta and road reduction; never apply.","No designed functionality removed disabled deferred or reduced; nothing deleted; attribution only; componentwise lower traffic is not a complete opponent/state certificate; production checkpoint continuation comparator simulator validator and certificates unchanged; no holdout or fixture routing.","Frozen manifest41A331B72D197C102A620BB57F8893DEF4A53A69A914D30260D2EFA8611C9683; six consumed roots; only >=3 yielding roots across both replays and >=2 strata with zero invalid/mismatch/mutation/ambiguity may open a separate read-only two-day compensation attribution.","Closed6/6 atomic: componentwise-lower traffic candidates1 only on m-6134 day1; strict score gain0; strict changed-terminal0; other roots candidates0; zero partial invalid mismatch or mutation; log4C73B28BBE9718964361860D6813827DE1BBCDA4192B30DA13446E3374FEA3C2.",41A331B72D197C102A620BB57F8893DEF4A53A69A914D30260D2EFA8611C9683,not-applicable,not-run,closed-negative-no-source-successor,"Reopen only through a full remaining-horizon proof explicitly tolerating changed position and traffic; never treat lower traffic as equality predict opponents or route around consumed roots."
ATTR-ROAD-EQUIVALENT-SPARSE-YIELD-278,2026-09-01,"canonical accepted production258 commit ab3d699; branch HEAD233a93c; consumed replays m-6134 and m-6213; pre-change probe13D12C134E095D5284CD5C5E9BE5A71EAD72E5DB6055E6A16ABA723372604D54","research-only telemetry source0CA860C2A5BB7588267A1A8F37FAE9200BA33CA00CE742BC783448B8D0B6FEA2 binary51A5881F99309AF134D5CE7F824E5D0DF57B6A25906134A110A99D93D2CA00B1 runnerB8672DD29082F4EC7CD816C65A063BFC79DE24D81935DDBD901CE2CAE39651C8; no production source candidate","269--274 prove broad exact-valid one-Patrol sparse gains but accepted nonterminal protection rejects changed terminals. 271 tested only crossed two-Patrol permutations and found zero exact-road matches; unrestricted sparse gains may still preserve own-road history and isolate terminal reachability.","On six frozen consumed roots enumerate each Patrol with fixed50000 states and64 retained routes; exact-substitute into recorded plan; dual-validate; count strict official gains with byte-equal complete own-road footprint and changed terminal plus distance/fuel delta; never apply a candidate.","No designed functionality removed disabled deferred or reduced; nothing deleted; attribution only; production checkpoint continuation comparator simulator validator and certificates unchanged; official score; no holdout or fixture/seed/map/fuel/player/role/bot/opponent routing.","Frozen manifest41A331B72D197C102A620BB57F8893DEF4A53A69A914D30260D2EFA8611C9683; m-6134 days1/4/8 and m-6213 days1/5/8; successor attribution only if >=3 yielding roots across both replays and >=2 strata with zero invalid/mismatch/mutation/ambiguity.","Closed6/6 atomic; complete own-road equality count0 on every root; strict exact-road gains0 and changed-terminal strict exact-road gains0; zero partial invalid mismatch or mutation; log06A1BC836CEAA2201FA77C258F08B9FAD1DE8F8609A9CA0C892BBFB1398F7A6C.",41A331B72D197C102A620BB57F8893DEF4A53A69A914D30260D2EFA8611C9683,not-applicable,not-run,closed-negative-no-source-successor,"Reopen only through a separately registered sound relation that explicitly carries and repairs non-equal traffic footprint; never change the frozen equality metric or treat componentwise lower traffic as equality."
ATTR-PROTECTED-SPARSE-MASTER-TRACE-MODE-277,2026-09-01,"frozen276 sourceBD8539AB0D09FD338BB2720CD044B8CEF1B4A43BC7CED5F4B9ED22FF9BCFF39F; canonical production258 unchanged","attribution-only rebuild of frozen276 with validator captureTrace matched to stored candidate simulation; binaryEEEC93D0D8FB27B9973F0CD7459710D3084CC5BFEC66010C1B1D747D599258C5 corrected-sourceC2EF7F7C3567202041446BC1B986A290BFF0276BD6FC98E1E819054F2C92741F; no production source candidate","276 had zero causal loss and663 valid suffix candidates but zero takeover;21 multi-team failure days. RouteMaster can return trace-free exact simulations while276 forced traceful revalidation, creating deterministic false step-trace mismatch;25 deadline days are separate.","Reuse consumed276 development only; revalidate each candidate with captureTrace equal to whether candidate.simulation.trace is populated; preserve every plan/master/comparator/certificate/deadline/fallback decision and record causal suffix telemetry.","No designed functionality removed disabled deferred or reduced; nothing deleted; accepted checkpoint and continuation complete prefixes; exact fallback; canonical5000; authoritative public window; official score simulator validator certificate unchanged; no fixture/seed/map/fuel/player/role/bot/opponent routing.","All30 consumed276 development cases only; 54-case276 holdout remains sealed; attribution gate clears all false trace-mode failures with zero invalid/mismatch/rollback/loss/5000 inequivalence and finds >=3 strict suffix takeovers on formerly aborted days across >=2 multi-team suites before any fresh SCORE successor.","Closed30/30 atomic: false trace failures21->2 valid candidates663->1070; routes9197 combinations124602 candidates1742; suffix acceptances0 causal delta0/0/0 takeover breadth0; deadline_days30. Exact5000 fallback dense-control and zero-regression clean. Apparent prefix W/T/L14/16/0 aggregate+308 is accepted-prefix gain only. LogC0134973A04B12CDA4C15ECB4D797450B6B5A65BBEA1DE4A9974F23D1BA06DE1 summaryBAA33350B2231C6D64E3F4789CB85DE473474518CD371AD793F8F6B76B733AA9.",not-applicable,sealed-unopened-276,not-run,closed-negative-no-score-successor,"Trace mismatch was real but clearing it did not create any takeover; remaining2 failures cannot meet minimum3 takeover gate. Reopen only from a different public-state certificate or canonical planner stage; never repeat276/277 open276 holdout reserve accepted-prefix time or weaken validation/certificates."
SCORE-PROTECTED-SPARSE-MASTER-SUPPLY-276,2026-09-01,"canonical accepted production258 commit ab3d699; branch HEAD233a93c; accepted continuation complete prefix","default-off causal same-run sourceBD8539AB0D09FD338BB2720CD044B8CEF1B4A43BC7CED5F4B9ED22FF9BCFF39F binaryBCA44D602CF6799F458127BA23D76794C58520C7896E67DC809751CF8C418FCE runnerC4E3C3BE9BDC49910C92928527B0DBBE71DF31379514645CE52C176280B47053 summarizer9942A2FC0EA38322D97B88D661CE84D1D6AB3FDEB79D08307CC331DAB42D5010; scoped source/harness/test reverted exactly after gate failure","275 returned18/11/1 aggregate+1962 but its sole -48 loss had zero candidate work, proving independent timed arms cannot certify downside; concurrent main worker also cannot prove ordinary checkpoint resource independence.","After canonical5000 and every accepted continuation phase complete, reuse only already-enumerated exact sparse routes; build additive incumbent-plus-sparse portfolio; existing RouteMaster cap20000 candidates32; exact simulator validator official comparator and transition/ledger certificate; strict gain only; exact incumbent fallback; no second enumeration or main rerun.","No designed functionality removed disabled deferred or reduced; nothing deleted; canonical checkpoint and accepted continuation are complete prefixes/fallbacks; 5000 exact-equivalent; authoritative public window only; no fixture/seed/map/fuel/player/role/bot/opponent routing threshold tuning direct sparse takeover or weakened certificate.","Frozen manifest4F3F9A626945ED62B20D2606E475E5D98EF0B3E634A83C208C4898FCCD10AC34;30 fresh causal dev cases seeds9940000..9945101 and54 sealed holdout9950000..9955103; windows5000/10000/15000 players8/9/10 both roles all fuels maps8..32; gate exact5000 zero loss/component regression >=6 broad longer-window wins positive gain zero safety/failure; dense controls zero work; full build/tests3/3 and non-gating smoke clean.","Development gate failed:30/30 atomic; overall accepted-prefix-vs-checkpoint W/T/L15/15/0 aggregate0/0/+371 but suffix causal delta0/0/0 and acceptances0. Suffix work routes8777 combinations185343 candidates1777 valid663; deadline_days25 failure_days21; exact5000/fallback/dense-control/component-regression gates pass; positive-gain breadth and zero-safety gates fail. LogF0B1106123E763A900F820A529B13218BE551683619A65A73919524FED529333 summary12557C58059953011ADDC2C8FD4CA1C7DCB6410AEB8352FF7849D65E7172F4C8.",4F3F9A626945ED62B20D2606E475E5D98EF0B3E634A83C208C4898FCCD10AC34,sealed-unopened,not-run,closed-development-gate-failed-inert-and-operationally-unsafe,"Reopen only from fresh explicit attribution of the21 suffix failures or a genuinely new state-coupled certificate on wholly fresh evidence; never reuse275/276 scores reduce/reorder/reserve time away from an accepted prefix move the same suffix earlier add a fixture dispatcher or weaken certificates."
SCORE-SPARSE-CANONICAL-MASTER-SUPPLY-275,2026-08-31,"canonical accepted production258 commit ab3d699; branch HEAD233a93c","default-off same-binary candidate source085C82DE94181F519AE54D405BF822DDC5422D35967C97ED9B4FD3CC34C6443F binary2406AF7D707B889689F27950B21A13FBFE3C7546376799417C9E96756A89DFE0 runnerD5CE98DCD07574FF71855EFBFDB1CDB26E55D68DF661F0B56920B2E9B03606F2 summarizer4BFDFFCAAFD7A194678A7DC8CCC2F5D5D9627FF8D2EAC277B4312F95F38D2914; scoped source/harness reverted exactly after gate failure","274 proves6/6 strict sparse gains across both material losses and all time strata are absent before master even in a deadline-free canonical portfolio superset; selector already chooses best immediate available candidate.","Preserve complete ordinary portfolio and initial master candidates; only when dense exact unsupported enumerate existing sparse frontier50000 states32 routes per Patrol under same main deadline; append exact columns to portfolio copy without pruning parent; run same RouteMaster cap20000; merge candidates then use unchanged ALNS F0/profile simulator validator and certificate; no direct takeover.","No designed functionality removed disabled deferred or reduced; nothing deleted; canonical5000; parent columns/candidates preserved; official score; exact sparse graph simulator validator and existing downstream selection; no fixture dispatcher threshold tuning or weakened transition proof.","Frozen manifest51AC32FC032F10122FB4F0C98997CA5A892DEB845AC653AA192B0F568720A021;30 fresh dev pairs seeds9920000..9925101 and54 sealed holdout pairs9930000..9935103; players8/9/10 roles fixed/deadline all fuels maps8..32 spots8/12/16/18/20/24/30; dev gate no tier1/2 loss >=6 wins broad <=2 losses worst>=-5 gain/loss>=4 zero safety; exact-supported controls zero sparse work.","Development gate failed; causal attribution inconclusive:30/30 atomic W/T/L18/11/1 all tier3 aggregate0/0/+1962 gain+2010 max+279 loss-48; wins both roles players8/9/10 all fuels maps16/24/32; zero safety; dense controls inert. Loss multiteam-12 seed9921100 parent6/24/192 candidate6/24/144 occurred with zero sparse work and is independent timed-arm no-op variance, but violates frozen worst-loss>=-5 gate. It is not evidence that the sparse mechanism regressed. LogE4AB588C42574DF5C753320395AE0F904109012D8931391C04015D1113FCC652 summary20E3AD96990DFA93D68BC4898E204A59B223398C5D0C2F3A241FCDFE6A65EBAF.",51AC32FC032F10122FB4F0C98997CA5A892DEB845AC653AA192B0F568720A021,sealed-unopened,not-run,closed-development-gate-failed-causal-inconclusive,"Reopen only from a causal same-invocation design that proves the ordinary result is preserved independently of timing and uses wholly fresh development plus unopened holdout evidence; never waive the -48 loss route around the consumed fixture force sparse whole plans repeat248/250/251 or weaken certificates."
ATTR-SPARSE-CANONICAL-STAGE-MEMBERSHIP-274,2026-08-31,"canonical accepted production258 commit ab3d699; branch HEAD233a93c; consumed replays m-6134 and m-6213","research-only probe source13D12C134E095D5284CD5C5E9BE5A71EAD72E5DB6055E6A16ABA723372604D54 binaryDF182A9D4366E7D01175FA1B126E9367A09708E84532CA6C216C2DA5C94E370F runnerCBCA63D525B8F6788D60A80B6AD6430530CB8F9AE2B2FEACB56DB0AD679FDEE4; no production source candidate","Both material losses select the best immediate-score candidate available but exact orienteering supports zero agents while fixed sparse enumeration yields strict gains at every nonterminal root; earliest missing canonical stage remains unknown.","For each of six fixed roots obtain best fixed-cap sparse one-agent mutation; build deadline-free reservation-free superset of canonical mode7 portfolio with recorded seed; test exact changed-route membership and then exact full-plan membership in deadline-free canonical master; never apply probe plan.","No designed functionality removed disabled deferred or reduced; nothing deleted; observation only; official score; exact simulator plus independent validator; canonical5000; no threshold tuning fixture dispatcher post-master takeover or weakened certificate.","Six consumed roots fixed before source change: m-6134 days1/4/8 and m-6213 days1/5/8; sparse cap50000 states32 routes; portfolio paths4 columns16 targets12 escorts16 seeds2 exact/harvest/uncached sources4 depth4 no deadline/reservations; master40000 combinations32 candidates; successor only from >=3 roots both replays >=2 strata on fresh seeds.","Closed6/6 atomic: every root strict sparse gain +3/+3/+2/+7/+8/+8; route absent6/6 and full plan absent6/6 from deadline-free superset; exact supported0 bundles0 throughout; zero partial/failure; logC922F0312C3DDCF53F94C7988BD8F91674F22AFB0CE3FB2DD94EC130945EFECD report6ED92A9C20DEB85B185D11FFCF949CCB6F84C8BC37E70C1D761B52C8A178CA55.",none,not-applicable,"m-6134 rank4 7/63/351 and m-6213 rank4 8/80/647; both exact-valid lifecycle evidence.",positive-attribution-score-successor-qualified,"Earliest boundary is route supply. Fresh SCORE may add sparse columns through existing canonical master while preserving complete ordinary candidates; never force winners reuse consumed roots or weaken transition proof."
ATTR-TRAFFIC-DOMINATING-AGENT-PERMUTATION-273,2026-08-31,"canonical accepted production258 commit ab3d699; branch HEAD233a93c; consumed replays m-6134 and m-6213","research-only probe source5AD4C7DF2AD6196B8B152138D644BB0709E5D61783BEA727B842D4CB3DD1EC26 binaryA5A64B8361C2D6DF4EE02019388834DE85606EF5C9145665532E9D55DA1E301B runnerD2939308D54B53DE23D61733A0430A2A34500C417FC3C69F1D5E5FBB8EF8E528; no production source candidate","271 found0 exact-road matches among98749 valid crossed plans. Exact equality is stronger than official traffic monotonicity: componentwise lower own road dwell cannot worsen future road state for fixed opponent traffic and smoother roads can emulate shadow timing with pre-move waits.","Repeat fixed50000-state32-route crossed Patrol-terminal enumeration; require nonidentity role/terminal mapping fuel>=shadow strict current official gain and own-road footprint componentwise<=shadow with at least one strict reduction; exact-simulate and independently validate; never apply probe plan.","No designed functionality removed disabled deferred or reduced; nothing deleted; componentwise non-increasing own-road history strict somewhere; persistent role/terminal mapping and fuel dominance; official score; exact simulator plus independent validator; canonical5000; no opponent prediction or fixture dispatcher.","Six consumed roots fixed before source change: m-6134 days1/4/8 and m-6213 days1/5/8; caps50000 states32 routes; successor requires >=3 yielding roots both replays >=2 time strata zero mutation invalid mismatch ambiguity; fresh SCORE must persist mapping shadow ledger/two-day traffic and compile smoother-road timing.","Closed6/6 atomic:186 tasks 5697 routes 98749 exact-valid pairs;20 strict componentwise traffic-dominating,12 mapped terminal/role/fuel-dominating, strict official gain0; zero mutation invalid mismatch failure; logA6B458B46F62A15C4A9486F88172A9F7A69C1963AE9ACD7660C95A4F150DBD3A.",none,not-applicable,"m-6134 rank4 7/63/351 and m-6213 rank4 8/80/647; both clean exact-valid lifecycle evidence.",rejected-no-source-candidate,"Traffic dominance was reachable only on early roots and supplied no strict score gain. Reopen only from another mathematically sound public-state partial order or canonical planner stage; never widen caps predict opponent traffic weaken state/fuel relations or tune consumed roots."
ATTR-OFFROAD-SEGMENT-SUBSTITUTION-272,2026-08-31,"canonical accepted production258 commit ab3d699; branch HEAD233a93c; consumed replays m-6134 and m-6213","research-only probe source8158F5517102DACF5F45608B6659118218AAFCFF974A2F9C8D17DF304D3EE7EC binaryC4AAD641DDB102C39FB002862F212CA91277300AD9159BA81A0EF975AC72093B runner224EEE82BDD5FD9357A7C42D49BEF49D41F756E4A72291F30AF980BD8D2866BF; no production source candidate","269/270 find unrestricted gains at every root and271 proves arbitrary sparse replacement fails first at road-footprint identity; existing wait detour only replaces one same-cell WAIT and cannot use slack distributed through a short move/wait segment.","Replace an incumbent Patrol span of <=8 actions containing WAIT by off-road Pareto paths through one spot between the exact same boundary cells; preserve exact duration with terminal WAIT; require replacement fuel<=original; exact-simulate validate and accept only strict protected gain; never apply probe plan.","No designed functionality removed disabled deferred or reduced; nothing deleted; exact boundary cell and duration; original/replacement occupancy off-road; no-greater fuel; exact whole-plan road footprint and same-agent state dominance; official score; exact simulator plus independent validator; canonical5000; no fixture dispatcher.","Six consumed roots fixed before source change: m-6134 days1/4/8 and m-6213 days1/5/8; frozen caps span8 actions wait>=1 paths4 labels64; successor requires >=3 yielding roots both replays >=2 time strata and zero mutation invalid mismatch certificate failure.","Closed 6/6 atomic:16672 spans 260 eligible 352 path pairs 136 generated/valid/road-equal 135 state-dominating strict0; zero mutation invalid mismatch failure; log1A1A476774600D286944A9F68F8A2669A9DFEFA71839170AB1C9DA25D53D7520.",none,not-applicable,"m-6134 rank4 7/63/351 and m-6213 rank4 8/80/647; both clean exact-valid lifecycle evidence.",rejected-no-source-candidate,"Safe family was reachable but supplied no strict score gain. Reopen only with a new traffic-safe partial order or canonical-stage mechanism; never tune spans paths or consumed roots."
ATTR-FUEL-DOMINATING-AGENT-PERMUTATION-271,2026-08-31,"canonical accepted production258 commit ab3d699; branch HEAD233a93c; consumed replays m-6134 and m-6213","research-only recorded-root attribution probe source606E01A810551B73A86212491BB002F480CBC5B5953B39660A28F3DDE2CA8561 binary9C4503A090B32B05C2B69404F4B61AC1803AB93FFDC891E6FDC85BBE36F5CC0C; no production source candidate","269/270 expose unrestricted changed-state gains at every nonterminal root while exact identity terminal/fuel/road protection accepts zero;252-254 proved persistent role permutation but required exact mapped fuel.","On frozen roots m-6134 days1/4/8 and m-6213 days1/5/8, enumerate crossed Patrol routes to counterpart terminals at50000 states/32 routes; certify exact road footprint, strict official nonregression, nonidentity role/terminal bijection and mapped candidate Patrol fuel componentwise >= shadow with at least one strict fuel surplus.","No designed functionality removed disabled deferred or reduced; nothing deleted; attribution never applies a plan; exact road footprint and mapped roles/terminals; componentwise fuel dominance; official score; exact simulator plus independent validator; canonical5000; no fixture dispatcher.","Six consumed replay roots fixed before probe source change; runner857FAA2FE7D5673EE7A3A64DE5E358E7F131DED4D4BCABEF1CCDD11642579754; qualify successor only from >=3 yielding roots spanning both replays and >=2 time strata with zero mutation invalid mismatch ambiguity or failure.","Closed 6/6 atomic:186 tasks;5697 routes;98749 crossed pairs all exact-valid and validator-valid; road_equal0 mapped_dominating0 exact_fuel0 strict_fuel0; zero mutation invalid mismatch failure; logDA59B8235D1E6ECFC5D8A2CACD0CDC2488D85FEF40C8F3E356F5FC4EF508DB71.",none,not-applicable,"m-6134 rank4 7/63/351 and m-6213 rank4 8/80/647; both clean exact-valid lifecycle evidence.",rejected-no-source-candidate,"Earliest blocker is exact aggregate road footprint. Reopen only from a genuinely new sound public-state relation or candidate generator preserving the certificate by construction; never weaken it or retune consumed254/269/270 evidence."
ATTR-MULTITEAM-HIGH-FUEL-LONG-HORIZON-THROUGHPUT-270,2026-08-31,"canonical accepted production258 commit ab3d699; branch HEAD233a93c; Windows BTC binary0653B59DB009E3797C850EFFA3865BC21DF377120404FCBB751BD227F462F607","read-only replay attribution; no source candidate","BTC row20 m-6213 is a clean material tier3 loss: canonical8/80/647 versus bots867/847/846 on ten-day24x24 144-step eight-agent eight-brand high-fuel public10000ms; replayFC3D31AC086D2F7ABE8FCBB00802648EAB9675C8C7F86891AC45A35C7AF0F5DA.","Closed-loop live mask32 versus all-patrol mask0 forward/reverse at canonical5000; role negative then unchanged fixed-operation sparse probe across days1-9 and patrol agents0,1,2,3,4,6,7 at fixed50000/cap64, separating unrestricted from protected same-terminal/fuel/road gains.","No designed functionality removed disabled deferred or reduced; nothing deleted; no source change holdout or promotion; official score; exact simulator plus independent validator; canonical5000; no fixture fuel or role-mask dispatcher; protected certificate is not weakened.","Role runner92B988C7FDF30AB05FB30ED7E05F8C6A8DC4ED9574F9C4AD7A18D214E965B9A0 4 cases then sparse runner4E9585B8DD65C334E03B5DF1C53B34A5961200355E7EDCC48DFDDCB10EAA228D 63 cases; consumed replay attribution only.","Role4/4: all-patrol8/73/415 loses tier2; live mask328/80/634. Sparse63/63: every root unrestricted positive; daily maxima+7/+4/+5/+6/+8/+6/+4/+8/+6; protected0/63;5357 valid routes;1521 protected masks; no failure. Logs D02C3E865C5FAA593401C01F8E2AFEE9E9E04ED04F672CBA062BD54F10EBC8E8 and A1B2A7AB3205150C6E37E445548B4039EBAA86E6C1D12CB5EC1C71D3148AD605; report4099EFA0CE1BC815E6ED2B9854DC2E53D428FAE22A54E81C7EF8EEAF8A367827.",none,not-applicable,"m-6213 rank4 8/80/647; all10 HTTP200 exact-valid;9/9 transitions; max response8014ms; zero safety failure.",rejected-no-source-candidate,"Closed as second independent material state-coupled certificate-boundary instance. Reopen only for a genuinely new public-state partial order or full remaining-horizon certificate on fresh evidence; never weaken certificate or repeat229-232/268."
ATTR-MULTITEAM-LONG-HORIZON-MEDIUM-SERVING-DEFICIT-269,2026-08-31,"canonical accepted production258 commit ab3d699; branch HEAD233a93c; Windows BTC binary0653B59DB009E3797C850EFFA3865BC21DF377120404FCBB751BD227F462F607","read-only replay attribution; no source candidate","BTC row19 m-6134 is a clean material tier3 loss: canonical7/63/351 versus bots413/403/398 on nine-day16x16 96-step six-agent seven-brand medium-fuel public10000ms; replay9A0AADF8A2DCA35C3C3E6B77FD337A3352085D9880A81BE72010DDE9B26D6BB5.","Closed-loop all-patrol and every one-tanker identity forward/reverse at canonical5000; unchanged fixed-operation accepted258 sparse probe on40 patrol/day roots; preregistered early/middle/late closed-loop roots1/4/8.","No designed functionality removed disabled deferred or reduced; nothing deleted; no source change holdout or promotion; official score; exact simulator plus independent validator; canonical5000; no fixture or role-mask dispatcher.","Role runner5E9FF409FE22B82837442594BDBBF889EEA96D2604641D5BE176046B0822F31D log08310195EC368CAAAB0C7F76F0DE6F44260A69244A07146DFBA96E27EBC556F3; sparse runner293D2E1A3C53A77951ECA5E07B301B1859DFBFC0CDA0CABF07596B6FD4A817F3 log90124A982B60B1E92314F9DF1D653DCAE88567B526CBA13A598CFE4D694FD3A2; closed-loop runner7575835C6678DE144A7916432BAA1CDBF5E9C4DFA1CE608C4B08ABE139D34B80 logC23D05BC35ACE2666618BCB73B4FB2FD7522E1A1D11308EF0901A28417154DBB.","Role14/14: live mask8 stable323; best identity327 insufficient and some masks order-unstable. Sparse40/40: unrestricted +1..4 every root, per-day max +3/+3/+4/+3/+4/+4/+4/+2; protected0/40. Closed-loop roots1/4/8 retain +4/+14/+3 but use recorded traffic.",none,not-applicable,"m-6134 rank4 7/63/351; all9 HTTP200 exact-valid;8/8 transitions; max response6836ms; zero safety failure.",closed-attribution-known-material-certificate-blocked,"Reopen only with a new sound public-state full-remaining-horizon certificate inside deadline or an operation-equivalent capability improvement producing it on fresh unopened evidence; never tune on consumed replay or retry229-232/268."
SCORE-MIDDAY-PREFERRED-BRAND-SPARSE-FLOOR-268,2026-08-31,"canonical accepted production258 commit ab3d699; branch HEAD233a93c; Windows BTC binary3A7BA477398454F0F0FB9DF2D6D56012B52C678A7C6E0E924772CE2093EBE7F7","rejected default-off same-binary candidate CCF728E9206141DE7A14D054E0F7E0F71A670DA972C5D91632B75E9B8A380CBC; scoped runtime source reverted","267 found a dual-valid protected same-terminal day1 route gain8/8/36 to8/8/37 whose six-spot mask is excluded by production minimumSpots=brand_count-1=7 while preferred lifetime brands remain outstanding.","After unchanged accepted210/215 target-terminal fixed point run bounded same-enumerator suffix only when preferredBrands nonempty: floor1 cap50000 states64 routes per patrol; same rank exact dual validation ascent and strict transition certificate; deadline/failure rollback to prefix.","No canonical functionality removed disabled deferred or reduced; no canonical implementation deleted; default-off research switch; canonical5000 equivalence; official score; exact dual validation; future-state dominance; no fixture dispatcher direct takeover or new solver.","Frozen manifest30F98957323E74AE66E6BCF158482E9E9629C7B4133E8496E052221A40295316;30 fresh dev and54 sealed holdout; runner32F1574CDBBB464E61CE486064BE53675355B71AF33FC1CA575239D99FCDD3CB summarizer5313521A19A9C4B5E58A5C994D4B3351890247C41C3F2F1367F231A4F8CB81F7.","Rejected:30/30 atomic; preferred routes6716 plans2604 valid2604 acceptances0 takeovers0 candidate-specific0/0/0; exact5000; zero safety/deadline/failure; log29FA0829647E7846B3649379A0C305ADD17D567E744A6F864C5AAEF0B7E39840 summaryA1070E4E4E297ECB3E7F5A8904BF72ADFD2C4C1ABBA087E0116EE97DFE055251.",30F98957323E74AE66E6BCF158482E9E9629C7B4133E8496E052221A40295316,"sealed-unopened; never opened because development failed",not-run,rejected-development-no-certified-takeover,"Reopen only from a fresh protected same-state witness absent from the post-prefix pool through a mechanism other than lowering this cardinality floor; role-objective residual remains separately bounded by237-239 and259."
ATTR-MULTITEAM-SHORT-HORIZON-LARGE-MAP-DEFICIT-267,2026-08-31,"canonical accepted production258 commit ab3d699; Windows BTC binary3A7BA477398454F0F0FB9DF2D6D56012B52C678A7C6E0E924772CE2093EBE7F7","read-only replay attribution; no source candidate","BTC row16 m-5846 is a clean true gameplay loss at tier3: canonical8/32/161 versus bots190/186/173 on four-day32x32 80-step eight-agent eight-brand default-fuel public10000ms; replayD0FC728FA84271885074911D24477A192008E6BDFEDA059A0E8B27249146414F.","Closed-loop role masks forward/reverse plus accepted258 fixed50000-state64-route sparse probe for every patrol/day.","No designed functionality removed disabled deferred or reduced; nothing deleted; no source change holdout or promotion; official score; exact simulator plus independent validator; canonical5000; no fixture dispatcher.","Role runner2CED64EDCC3489EA3E6FF54D66F9D865A6FE68CF5A148811F2F6FF9AEBF0568A log4D6C8920C2DAD8B5D32105DCBDD3BDEF7082D22B48B4A542CCEF813375218600; sparse runner530435940DE888AEDCCFA954B06AD11F8EBD210F62501FA88A89BA4895CE87F9 log733A96CF1E8B3D3946E1BF8CCC9C65F6D6FB8835267FF5C74CE9A5F51F38090E.","Qualified: all-patrol163 both orders vs live-mask146; 21/28 unrestricted changed-state gains sum47; one protected same-terminal gain day1 agent6 +1 exposes preferred-brand cardinality floor.",none,not-applicable,"m-5846 rank4 8/32/161; all4 HTTP200 valid;3/3 transitions; max response7078ms; max main3376ms; zero safety failure.",positive-attribution-score-successor-qualified,"SCORE268 registered from the protected preferred-brand floor invariant. Preserve short-horizon role objective as a separate later axis; never route by consumed replay."
SCORE-TERMINAL-RENDEZVOUS-PAIR-RESERVOIR-266,2026-08-31,"canonical production ab3d699; branch HEAD233a93c; accepted terminal continuation through258; final signed Windows BTC binary4250FD0283D0869DDA5B15AB64DDB127AFB872937C6DF77635AAC01CC9D1508B","rejected frozen source FEE5B88FE48C743281B861FA727153550172E3B9EE04340D66B398144C6ECFAF; Windows candidate D2165C65507078A6C11F6A68366D96329569DA115FB63597E6542DFA9A1DB392; Linux holdout binary 5DAE0697E5F89A8017D60192FEE02B42A64116D8C83348C995DBCB41B65E2479; runtime source reverted","265 failed causal isolation but retained a consumed exact terminal +1 patrol-tanker rendezvous anchor. 207 exchanges two patrols and258 replaces one patrol; neither constructs an atomic synchronized patrol-tanker refuel/departure pair. Nonterminal form changes future state and is forbidden.","After the unchanged checkpoint and accepted terminal continuation fixed point use remaining public time for a bounded terminal-only patrol-tanker rendezvous pair reservoir; no generator/master/main rerun; atomically replace two plans; exact dual-valid strict official gain only; any deadline/failure/no-gain returns frozen incumbent.","No designed functionality removed disabled deferred or reduced; nothing deleted; terminal day only; same-run protected checkpoint; exact5000 score plan state ledger equivalence; official score; simulator-validator independence; authoritative deadline; no fixture dispatcher or nonterminal state relaxation.","Frozen manifest6B00471EF05DD3611FA34A90B6C923067ECD64C266E5B6BA07C325E2DDF66A82; 30 dev and54 holdout; local runner59779123F11DC890DD3D2FB1C18AA3FDAFE2AA2A7C44F3C644A8FFBA230477BF; VM runner2E27285E6EF5A399535B15BC4592D5DACB57ECD50D6CB995E76D557653E27D49; summarizer33CAD0D34372E83CCE3F238E51A97ED6239A412D386489FDFE2A17B60DDF17B6.","Passed 30/30: W/T/L3/27/0 aggregate0/0/+6 exact5000 no loss zero safety; log61D56870035577CADA259E2E1A8D0C34E7A020EA7C2A00ED3D549A4104C133D6 summaryEED0BABBD4761A421E59690593FFF6FCAE118B11872EB11B6F1245882F786E48.",6B00471EF05DD3611FA34A90B6C923067ECD64C266E5B6BA07C325E2DDF66A82,"Rejected: 54/54 atomic W/T/L1/53/0 aggregate0/0/+1 exact5000 no loss zero safety; only one10000ms 8-player deadline-role 24x24 gain; no15000 gain fewer than two takeovers and no breadth; logB6A68913B40E1A160AC24F5ECAAF4B00144E07BF6B68EAAE0231EFF1412BDCE4 summary2B5C21BBA8A74A55E4AA7C5A403846237E6BE9B9B19168F8184635DC29D68F20.",not-run,rejected-holdout-insufficient-breadth,"Reopen only from a fresh counterexample proving broader synchronized terminal-pair opportunity or a stronger general invariant; never tune to consumed holdout or repeat this bounded reservoir."
SCORE-ORPHAN-RENDEZVOUS-PAIR-SIDECAR-265,2026-08-31,"canonical production ab3d699; branch HEAD 233a93c; final Windows BTC binary 4250FD0283D0869DDA5B15AB64DDB127AFB872937C6DF77635AAC01CC9D1508B","rejected frozen source B0A537DF53AABD062F33D5E5C1C925DDCE96D9C47B72F3AC50E13AFA5A7B4B22; Windows candidate 9FBD17AF9B3B4675BC493CA80C1AB7D4817C20C1BFEE94F7EAB88071159FF008; runtime source reverted","264 proves cap12 independent per-agent pruning erases every complete patrol-tanker group while unchanged cap64 retains exact groups giving +1 serving on each of two days. Rejected005 explicitly permits a separate portfolio-integrity reopen; rejected206 forbids blind pool growth.","Snapshot bounded complete escort groups before ordinary prune outside columnsByAgent; finish unchanged parent search; atomically substitute orphan groups into parent candidates; exact dual-validate strict official gains only; retain parent and use unchanged future certification.","No designed functionality removed disabled deferred or reduced; nothing deleted; ordinary pool caps master ordering deadlines comparator and certificate unchanged; official score; simulator-validator independence; default-off inert; canonical5000ms cap; no fixture dispatcher; consumed264 replay attribution only.","Frozen manifest SHA256 6C97DD8B0EEC4C53C078D9916E2C3AE1C05ABC86CDB09BACAD83ACE14A979DA1; 30 fresh dev cases; runner 7C22B6FE0E42150E4088C6B50B3D30A535FE2D5264C04961EEE0A0F49B893C89; summarizer 0C996D09356EEB205A3D7110C93A383EA580FD2D68F97BD76DC8C11CE011B304.","Rejected: W/T/L3/24/3 all tier3 aggregate0/0/-10 gains+13 max+9 losses-23 worst-12; zero safety/deadline failure; groups2977 bases1272 plans23816 valid23729 strict14 candidates6 selections2. Four of six changed pairs had zero candidate/selection proving separate timed off/on checkpoint jitter; log 7E723DE832927A4B90714D6605EA644AE48BF0A2F3BE527C153E4BFB0A8CEDE7; summary 8219F7484732C4C673954C589FE8C0279389B43E04B4580BE8379C1A22660C0D.",6C97DD8B0EEC4C53C078D9916E2C3AE1C05ABC86CDB09BACAD83ACE14A979DA1,"sealed-unopened; never opened because development failed",not-run,rejected-development-causal-isolation-failed,"Reopen only as a fresh terminal-only same-run protected-checkpoint continuation: no pre-checkpoint capture or main rerun; exact simulation independent validation and strict official terminal gain before replacement. Nonterminal requires a new state-coupled certificate; never repeat blind pool growth or 206/229-232."
ATTR-MULTITEAM-HIGH-FUEL-TIER3-DEFICIT-264,2026-08-31,"canonical production ab3d699; final Windows BTC binary 4250FD0283D0869DDA5B15AB64DDB127AFB872937C6DF77635AAC01CC9D1508B","no-source-change read-only attribution","Fresh hard three-bot m-5502 is 8d32x32 64step six-agent twenty-four-spot eight-brand high-fuel under public daySeconds10; production ranks second 8/64/195 behind 8/64/197. Days7/8 each stop at21 servings with tanker0 idle and patrol1 fuel2 waiting after its start spot.","Compare unchanged generator at production cap12 versus research cap64 and atomically substitute complete escort groups into the exact recorded plan.","Attribution only; no source change or holdout; official score; simulator-validator independence; canonical5000ms cap and authoritative public window; no replay/map/seed/fuel/bot/opponent/match/mask/threshold dispatcher; consumed evidence cannot tune; no designed functionality removed disabled deferred or reduced; nothing deleted.","Consumed replay A0099166241F92DB6360D8974E56286B4A7F5968F5FB0B6AEAF42ABA86879055; cap12 zero complete pairs; cap64 groups16-18 refuel107at36 and dual-valid +1 on days7/8; exact evidence ATTR-MULTITEAM-HIGH-FUEL-TIER3-DEFICIT-264.md.","Accepted attribution: independent per-agent pruning creates a real portfolio-integrity gap. SCORE-ROLE-005 separate reopen condition is satisfied; SCORE-REFUEL-NOWAIT-206 forbids blind pool growth.",not-applicable,not-applicable,"m-5502 rank2 8/64/195 versus 8/64/197; 8/8 valid ACK; 7/7 transitions reconcile; stderr empty",accepted-attribution-score-successor-opened,"Only SCORE-ORPHAN-RENDEZVOUS-PAIR-SIDECAR-265 on fresh evidence; never tune or promote from consumed m-5502 and never widen the deadline-sampled pool."
ATTR-MULTITEAM-SPARSE-ONE-SERVING-DEFICIT-263,2026-08-31,"canonical production ab3d699; final Windows BTC binary 4250FD0283D0869DDA5B15AB64DDB127AFB872937C6DF77635AAC01CC9D1508B","no-source-change read-only attribution","Fresh hard three-bot m-5501 is5d24x24 96step four-agent eighteen-spot six-brand high-fuel under public daySeconds10; production ranks fourth6/30/127 while all three bots tie6/30/128. Five actions exact-valid and four transitions reconcile.","Inspect live checkpoint/continuation and accepted258 terminal reservoir; run unchanged no-deadline terminal and day4 recorded sparse closed-loop/protected probes.","Attribution only; no source change or holdout; official score; simulator-validator independence; canonical5000ms cap and authoritative public window; no replay/map/seed/fuel/bot/opponent/match/role-mask/threshold dispatcher; consumed evidence cannot tune; no designed functionality removed disabled deferred or reduced; nothing deleted.","Consumed m-5501 replay SHA256 6E1CC450CC80D87CAFA5756BD1B495CBDBB0FE2B3D3F9DA91347CBCBDBF7F92C; terminal live29to30 with one marginal acceptance; no-deadline3264 routes3069 valid96 marginal30 valid0 further gain; day4 sparse+2 retained through local suffix but protected best unchanged.","Closed attribution: terminal258 is live and at fixed point; only known changed-state sparse residual remains. One-serving tier3 bot difference with tier1/2 tied is normal bounded opponent variance; no SCORE successor.",not-applicable,not-applicable,"m-5501 rank4 6/30/127 versus three bots6/30/128; 5/5 valid ACK; 4/4 transitions reconcile; stderr empty","normal-bounded-tier3-variance-known-state-coupled-residual","Reopen only from a fresh protected same-state gain or genuinely new executable whole-remaining-horizon certificate on unopened evidence; never tune or repeat216-232 from consumed m-5501."
ATTR-MULTITEAM-TIER3-TWO-SERVING-DEFICIT-262,2026-08-31,"canonical production ab3d699; final Windows BTC binary 4250FD0283D0869DDA5B15AB64DDB127AFB872937C6DF77635AAC01CC9D1508B","no-source-change read-only attribution","Fresh hard three-bot m-5477 is9d24x24 72step six-agent twenty-spot seven-brand medium-fuel under public daySeconds10; production ranks second7/63/268 only two servings behind7/63/270 with lifetime/daily tied. Nine actions exact-valid and eight transitions reconcile.","Trace live checkpoint/continuation and terminal marginal work; inspect fresh main-only replay and unchanged protected sparse attribution on the lowest-serving nonterminal day.","Attribution only; no source change or holdout; official score; simulator-validator independence; canonical5000ms cap and authoritative public window; no replay/map/seed/fuel/bot/opponent/match/role-mask/threshold dispatcher; consumed evidence cannot tune; no designed functionality removed disabled deferred or reduced; nothing deleted.","Consumed m-5477 replay SHA256 0AF34AB081E7A512376BD9798493085DC9C5BED4AE48B1F613C8D88EB45D8705; checkpoint total263 and continuation submits268; terminal no-deadline probe10560 routes9874 valid160 marginal109 valid0 strict; day8 sparse global+3 but protected best unchanged.","Closed attribution: no correctness/runtime failure; terminal258 fixed point; fresh main weaker than live; only known changed-state sparse residual remains. Two-serving tier3 bot difference with tier1/2 tied is normal bounded opponent variance; no SCORE successor.",not-applicable,not-applicable,"m-5477 rank2 7/63/268 versus7/63/270; 9/9 valid ACK; 8/8 transitions reconcile; stderr empty","normal-bounded-tier3-variance-known-state-coupled-residual","Reopen only from a fresh protected same-state gain or genuinely new executable whole-remaining-horizon certificate on unopened evidence; never tune or repeat216-232 from consumed m-5477."
ATTR-MULTITEAM-LOW-FUEL-DAILY-DEFICIT-261,2026-08-31,"canonical production ab3d699; final Windows BTC binary 4250FD0283D0869DDA5B15AB64DDB127AFB872937C6DF77635AAC01CC9D1508B","no-source-change read-only attribution","Fresh hard three-bot m-5422 is10d32x32 96step eight-agent thirty-two-spot eight-brand low-fuel under public daySeconds10; production ranks second8/78/247 behind8/80/327. Days7 and9 miss one brand. Replay-check reconciles only8/9 transitions: after day2 agent3 expected cell702 fuel21 but authoritative day3 is cell702 fuel77.","Trace the fuel-only-richer transition against accepted refuel semantics; inspect live virtual candidate to physical checkpoint replay on days7/9; run unchanged fresh-solve and recorded sparse closed-loop/protected controls.","Attribution only; no source change or holdout; official score; simulator and validator independence; canonical5000ms cap and authoritative public window; no replay/map/seed/fuel/bot/opponent/match/mask dispatcher; consumed evidence cannot tune; no designed functionality removed disabled deferred or reduced; nothing deleted.","Consumed m-5422 replay SHA256 1D8FDF6BF3BDB871471CF18AE65DB29D1D3953649A55FFCCDA4929ED7325C794; mismatch matches205 fuel-only-richer cross-team hypothesis; fresh solve8 brands both days; live virtual candidate8 but physical checkpoint7; continuation72/73 plans; sparse day7 root +1 daily later lost and day9 root +1 daily retained; protected best unchanged both days.","Closed attribution: no correctness defect; exact gains require changed terminal/fuel/own-road state. This reproduces known216/223 state-coupled sparse residual; 229-232 already reject available proof/ACK/protected consumers. No source change or holdout.",not-applicable,not-applicable,"m-5422 rank2 8/78/247; 10/10 valid ACK; 8/9 transitions reconcile; stderr empty","closed-known-state-coupled-sparse-residual-no-safe-successor","Reopen only from a genuinely new executable whole-remaining-horizon dominance certificate or operation-equivalent capability improvement on fresh unopened evidence; never tune or repeat229-232 from consumed m-5422."
ATTR-MULTITEAM-DAILY-COVERAGE-DEFICIT-260,2026-08-31,"canonical production ab3d699; final Windows BTC binary 4250FD0283D0869DDA5B15AB64DDB127AFB872937C6DF77635AAC01CC9D1508B","no-source-change read-only attribution","Fresh hard three-bot m-5415 is 8d 32x32 96step seven-agent twenty-four-spot eight-brand default-fuel under public daySeconds10; canonical production ranks third 8/63/296 despite highest servings because two bots reach8/64. Day4 alone is7/30 and misses brand0; 8/8 actions exact-valid and7/7 transitions reconcile.","Trace live checkpoint and continuation; run fresh-engine and persistent-session controls; apply unchanged recorded sparse closed-loop and protected same-terminal probes; compare only against already-closed scheduling mechanisms.","Attribution only; no production source change or holdout; official lexicographic score; canonical5000ms checkpoint and authoritative public window; exact simulator and independent validator; no replay/map/seed/fuel/bot/opponent/match/role-mask/cap/route dispatcher; consumed evidence cannot tune; no designed functionality removed disabled deferred or reduced; nothing deleted.","Consumed m-5415 replay SHA256 A0189CA5017F1B2252A754D4A38E3EE9DE96414674AA4C4B6EC7538CC2C2A939; live day4 checkpoint7/27 then continuation7/30; five fresh solves8/35; persistent mask32 dump 2CA5B85AB4EC042B03D1CF2E9AA6418EED8BCDDC23C3E18D12253B33C746B302; unchanged sparse root8/32/145 versus recorded8/31/140 but protected best unchanged.","Accepted attribution: live column generation reached deadline and left only two valid master combinations; continuation generated158 valid plans but no eighth brand. Exact sparse route yields +1 daily and retains it in local closed loop, but changes terminal/fuel/road state and has no protected witness. Fresh replay solves are not live-session equivalent. 179 legacy checkpoint and 240/241 quality order already falsify direct scheduling repeats.",not-applicable,not-applicable,"m-5415 rank3 8/63/296 versus rank1 8/64/271 and rank2 8/64/251; exact-valid reconciled stderr empty","closed-known-state-coupled-sparse-residual-no-safe-successor","Reopen only from a genuinely new executable whole-future state-dominance proof or an operation-equivalent capability improvement preserving complete parent and exact paths; never relax certificate or tune from m-5415."
ATTR-MULTITEAM-MEDIUM-ONE-SERVING-DEFICIT-259,2026-08-31,"canonical production ab3d699; final Windows BTC binary 4250FD0283D0869DDA5B15AB64DDB127AFB872937C6DF77635AAC01CC9D1508B","no-source-change read-only attribution","Fresh hard three-bot m-5413 is 6d 16x16 48step five-agent fourteen-spot six-brand medium-fuel under public daySeconds10; canonical production ranks second 6/36/126 behind 6/36/127 despite 6/6 exact-valid days and 5/5 reconciled transitions. Terminal marginal reservoir reports zero routes/plans/acceptances.","Replay every structurally valid role mask in forward and reverse order at the canonical 5000ms checkpoint; compare complete mask1/mask2 decision trajectories and test whether the witness carries a new state-coupled dominance certificate.","Attribution only; no production source change or holdout; official lexicographic score; canonical 5000ms checkpoint; authoritative public window; no replay/map/seed/fuel/bot/opponent/match/role-mask dispatcher; no tuning on consumed evidence; no designed functionality removed disabled deferred or reduced; nothing deleted.","Consumed m-5413 replay SHA256 C496ECDD163EE3A38AA412352AA0F6A8AF86F580C7699DE0113558F94CE09344; all valid masks forward/reverse; mask1/mask2 complete decision dumps B4E132C0D75A9DD347EF02BA9A1B76C61E7A0F86BCC577CE6DF374FB368A2FE0 and 3B2CE80FD593E024E5ED2540201CC194FE5D2848D8F6595D56AC0EE08055ED6E.","Mask1 TPPPP is order-stable 6/36/131 versus live mask2 PTPPP 6/36/125 and masks4/16 at125/126. Both decisive identities tie day1 at6/6/24 but differ in complete terminal state plan and own-road footprint. Counterfactual retains recorded road status and cannot prove alternate multi-team traffic. This reproduces the known 237-239 residual; trajectory beam238 had a -29 identity tail and equal-depth coarse evaluation was already falsified.",not-applicable,not-applicable,"m-5413 rank2 6/36/126 versus 6/36/127; replay-check exact-valid and reconciled; no deadline/failure/rollback; terminal marginal reservoir zero work","closed-known-role-identity-residual-no-safe-successor","Reopen only from a fresh public-state state-coupled discriminator that bounds same-count identity downside before assignment; never choose a mask or tune from consumed m-5413."
SCORE-TERMINAL-STOCK-MARGINAL-RESERVOIR-258,2026-08-31,"18ecdd3 behavior plus official-domain parser/generator correctness integration on branch HEAD f7c017884fe50afaa3b033ea552d8cda4a505569","canonical production commit ab3d699; Windows candidate 19F9A528DB330BEF93A801CA381D01C9E506AF704AE1EED5D1A7CD51792BE9E9; local runner B1049FE6594CBBBAE8D7EFC3A71487E8D1A52F9D6E2BFA32ABCF388CACF90544; summarizer 32D886448D5ADFDA49EAD81561C928826611981138DAC0678CADD4F883413AD3; source archive 0DB3AF350A7666C6FA08ED91E06AC1E018D525AF3F1CF52142628B87051A0715; Linux candidate 1744BC2BC7E2899BB8622A3297C27BF3E32A64ACB9146F2452962C38E9D7A6B7; VM runner 2D8D8E8ED5677C78B6D3508B7D8B4F12DE3244EBABED9AC4B995554027B03A6E; final Windows BTC binary 4250FD0283D0869DDA5B15AB64DDB127AFB872937C6DF77635AAC01CC9D1508B","257 proves the unchanged production-depth sparse search reconstructs an exact-valid terminal +1 route but final heuristic top32 evicts every strict gain; reducing cap or reranking the canonical pool is forbidden.","Add a bounded 32-route terminal stock-aware marginal reservoir over the existing discovered stream. Preserve canonical maximal/supplemental pools and complete parent ascent/pair fixed point first; only remaining public time evaluates reservoir routes and strict exact dual-valid official terminal gains may replace the canonical result.","Final day and promoted public-continuation copy only; 5000ms checkpoint exact-equivalent; canonical queue Pareto cap route pools ascent pair search and fallback unchanged; no second solver; official score; exact simulator and independent validator; no fixture dispatcher; deadline failure invalid or no gain returns canonical parent; no designed functionality removed disabled deferred or reduced.","Frozen research/holdouts/SCORE-TERMINAL-STOCK-MARGINAL-RESERVOIR-258.csv SHA256 0408971890500E70D4ABD2E909345C6F212A4DB946EB9555C35D11FBEC7D372A; 30 fresh development cases seeds9800000..9805101 and 54 sealed holdout cases seeds9810000..9815103 across windows5000/10000/15000 players8/9/10 all public map fuel role strata.","Passed: 30/30 atomic; causal W/T/L5/25/0 all tier3 aggregate0/0/+13 tail+5; windows5000=0 10000=+8 15000=+5; exact5000 score/plan/state/ledger equivalence; strict gains across both roles both longer windows players9/10 and maps16/24/32; zero safety failure or deadline rollback; log 61F52590CBCDDEBD2A357A3E72A4CDB18F12536AABE21412A41338F3E8AE7106; summary 5E32457B4C861A04C4A2226148105C1F5FA103FFB9991DCA1893482B8267652D.",0408971890500E70D4ABD2E909345C6F212A4DB946EB9555C35D11FBEC7D372A,"Accepted: 54/54 atomic; causal W/T/L11/43/0 all tier3 aggregate0/0/+33 tail+8; windows5000=0 exact score/plan/state/ledger equivalence 10000=+15 15000=+18; both roles players8/9 maps16/24/32; no component loss invalid emergency checkpoint reservoir failure or marginal deadline rollback; log 894BD3923E545455706308A08AE6B1A637EE841EE388B71D0802F4B74035392D; summary ECA738C6DD084AB1A0A49F8220A1F104B9B77B6B3D9733CDC0C1D1C3A03DA245","Final BTC binary 4250FD0283D0869DDA5B15AB64DDB127AFB872937C6DF77635AAC01CC9D1508B. m-5299 hard3bot 7d24x24 low fuel: 7/7 valid ACK 6/6 reconciled max response4703ms max decision3377ms zero failure; replay DDE69CF2D690174F7827AC6EBC2E6B389C38C0CC12E1A1A2D1CFB8B4904BFA08. m-5300 hard3bot 10d32x32 8agent24spot default fuel: 10/10 valid ACK 9/9 reconciled max response7395ms max decision3376ms; terminal reservoir routes384 plans291 valid291 accepts1; zero rollback failure fallback safety; replay 6D6B1CCB51D661506640E61E96109C1F576DD5492737579D3433315D9EBD0251",accepted-production-integrated-btc-passed,"Accepted into public continuation only; canonical main role and checkpoint remain hard-capped at5000ms. Sealed holdout consumed forever. Reopen only for a fresh authoritative counterexample or safety/deadline regression on unopened evidence; never retune the consumed development holdout or BTC fixtures."
ATTR-MULTITEAM-MEDIUM-ROLE-DEFICIT-257,2026-08-30,"canonical 18ecdd3 behavior; consumed m-5155 runtime artifact","no-source-change; frozen sparse probe 05E2FEE7EB8777B41D208002D17AC98C8E17939E265E10C05785B50FC1752E87; full-frontier probe 6BBAE931F2C40A9BE52C1FE08937E245F3EF62789050A354B415D2A2217041B8","Fresh hard three-bot row11 m-5155 is 7d 16x16 60step six-agent sixteen-spot six-brand medium-fuel under daySeconds10; live PPPPPT ranks fourth 6/42/192 behind 226/204/204 despite 7/7 dual-valid days and 6/6 reconciled transitions. Incomplete role diagnostics give all patrols 6/42/120 versus PPPPPT 6/42/107.","First replay masks32 and0 closed-loop in forward and reverse order at canonical 5000ms. After role closes negative, apply frozen sparse50000 to every patrol/day. The only new safe gap is terminal day7 agent1 mask0xF230 +1; reuse the already-frozen 245 cap ladder 50k..1.25m; finally audit every mask discovered at the unchanged production cap before defining any successor.","Attribution only; no production source change holdout or promotion; official lexicographic score; exact simulator and validator; canonical 5000ms checkpoint and authoritative outer deadline; no replay match map fuel bot opponent mask cap or settled-state dispatcher; consumed replay cannot tune a successor; changed-terminal gains cannot bypass 249-254 certificate closures; canonical pool and queue remain unchanged.","Consumed m-5155 replay SHA256 03A494B4616CCA911C63E76CEEEC6751D6056C5BAE19470F3B4EA8B64389C7C3; masks32/0 forward and reverse; cap50000 patrols0-4 days1-7; day7 agent1 fixed caps50000/100000/250000/500000/750000/1000000/1250000; final full-discovered-frontier audit only on consumed day7 agent1.","Accepted positive attribution: role closed negative; nonterminal gains all fail existing same-terminal proof; terminal day7 mask0xF230 improves192 to193. Fixed ladder loses every gain only at1.25m, but the full unchanged-cap frontier reconstructed and dual-validated2993 routes and still contains exact-valid F230=193. The gap is final heuristic retention, not search depth or time.",not-applicable,not-applicable,"m-5155 rank4 6/42/192; all actions valid and transitions reconciled",accepted-attribution-score-successor-opened,"Closed into independently frozen SCORE-TERMINAL-STOCK-MARGINAL-RESERVOIR-258; never reuse consumed replay for tuning or promotion, reduce cap or reorder the canonical pool."
ATTR-MULTITEAM-SPARSE-ROUTE-SUPPLY-256,2026-08-30,"canonical 18ecdd3 behavior; consumed m-4980 runtime artifact","unchanged research-only sparse probe SHA256 05E2FEE7EB8777B41D208002D17AC98C8E17939E265E10C05785B50FC1752E87","255 rules out role count and identity; the selected master pool is within at most two servings of its upper bound while m-4980 remains 30 servings behind the strongest bot.","Run the frozen 50000-state sparse enumerator independently for every recorded patrol/day; exact-evaluate each one-agent exchange against the recorded root and report unrestricted and protected-same-terminal best; force only day1 sparse root in a causal closed-loop arm.","Attribution only; no production behavior change; frozen cap and rank; official lexicographic score; exact simulator and independent validator; no changed-terminal promotion; no replay map role bot or match dispatcher; consumed replay cannot tune a candidate.","Consumed m-4980 SHA256 7FBE47F316E89E5D6D75DF4999F94FB60423FA3F5DD3ADF6D7CC7B987498A236; days1-10; recorded patrol agents only; fixed cap50000 plus day1 closed loop.","Every nonterminal day has changed-terminal gain +4..+6 and zero protected same-terminal gain; day10 no gain. Forced sparse day1 root raises closed-loop control 6/60/154 to 6/60/158 (+4). This is real route supply but the same certificate-blocked residual generalized by 249 and rejected for unsafe takeover by 250/251; 252-254 exhausted current state-equivalence certificates.",not-applicable,not-applicable,"m-4980 rank4 6/60/168; replay-check exact-valid and reconciled",closed-known-certificate-blocked,"Reopen only from a genuinely new executable whole-future state-dominance invariant; do not repeat current-day takeover one-shot bounds role permutation or fixture routing."
ATTR-MULTITEAM-LOW-AGENT-DEFICIT-255,2026-08-30,"canonical 18ecdd3 behavior; m-4980 runtime artifact","no-source-change read-only replay attribution","Qualifying row10 m-4980 is hard three-bot 10d 32x32 100step three-agent 32spot six-brand medium-fuel with server daySeconds10; canonical behavior ranks fourth 6/60/168 behind 198/196/189 despite 10/10 dual-valid days and 9/9 reconciled transitions.","Replay every structurally valid three-agent role mask closed-loop in forward and reverse order at the canonical 5000-ms checkpoint; summarize per-day selected score master upper/deadline and already-promoted public-continuation yield.","No production change; consumed replay is attribution only; official lexicographic score; exact simulator and independent validator; canonical 5000-ms main cap; authoritative outer window; no replay mask map bot opponent or match-ID dispatcher; no holdout or promotion; wall-clock-varying arms have no causal authority.","Consumed m-4980 replay SHA256 7FBE47F316E89E5D6D75DF4999F94FB60423FA3F5DD3ADF6D7CC7B987498A236; seven valid masks forward and reverse; mask7 structurally invalid.","Closed negative: one-tanker masks remain 6/60/150..156 in both orders; all-patrol collapses to 6/43/100..102; two-tanker masks to 6/55..60/75..88. Live one-tanker checkpoint156 and certified continuation168. Role identity variation is small and timing-sensitive; composition cannot explain 30-serving deficit. Master-pool upper is at most +2/day and continuation finds no strict gain before terminal lift.",not-applicable,not-applicable,"m-4980 rank4 6/60/168; replay-check exact-valid and reconciled",closed-negative-role,"Reopen role only from a new order-stable public-state role invariant on a fresh counterexample; do not dispatch by replay mask map bot or match."
SCORE-CAUSAL-PERSISTENT-AGENT-PERMUTATION-254,2026-08-30,"18ecdd3 behavior plus official-domain parser/generator correctness integration on branch HEAD f7c017884fe50afaa3b033ea552d8cda4a505569","Windows candidate 3260C73B94D088089760B425B386AAFA0F8A38B8F1B28DEF20D6F44C3CC16299; local runner 800A76FAE54E900F5ED88777449B022A24B6F36B9210D274D876E29D262ABB37; summarizer 04AF980AE2ECEB2D56EB8FADE9B7CFD56D67A4A2228D4C02B474E8D3A3031277; source archive 323851DA4D84CD3A40C11BB491795DA297A1B3B262806FE09FE6ECD3D1CEA22F; Linux candidate 1A40F68D143C950DBE5853A3224CA956369608A71ACD52988F395D4AA3609A65; VM runner 0E635E0B59D3DDD9A72A6DDF01FC9E76E6BA4A8C8F8A05F56853281A761B9B45","253 failed only in independently timed zero-takeover arms: every loss and every 5000-ms mismatch had zero takeover while all four certified takeovers were positive and non-losing. Independent arms cannot establish causal equivalence for an internal no-op/gain.","Run one authoritative solver path. Preserve its complete public-continuation plan state and ledger as an in-process causal shadow. Apply a persistent role-preserving physical-agent permutation only after the same exact state traffic and strict official-gain certificate as 253; compare actual match score against that same invocation's shadow rather than a separately timed parent arm.","No designed function removed disabled deferred or reduced; one canonical solver; 5000-ms main/checkpoint unchanged; exact internal 5000 score plan-hash state and ledger equivalence; exact simulator plus independent validator; identical own-road footprint; complete state equality under a non-identity role-preserving bijection; strict official gain; mapping/ACK/checkpoint/replay continuity; fail closed; no fixture dispatcher.","Frozen manifest research/holdouts/SCORE-CAUSAL-PERSISTENT-AGENT-PERMUTATION-254.csv SHA256 68B09332375155D3719543B0D4DB1D8604D18C8475E3D70A67A799ED4AD934A3; 30 fresh single-run causal development cases and 54 sealed holdout cases across windows5000/10000/15000 players8/9/10 all declared strata.","Passed: 30/30 causal cases; W/T/L 3/27/0; aggregate 0/0/+5; windows 5000=0 10000=+3 15000=+2; exact 5000 score/plan/state/ledger equivalence; three certified takeovers spanning both longer windows both roles players8/9/10 and map16/24; zero safety/certificate failure; log 288415688CC22A2B5EE208DFB08E8378982EBA68E9E19D6408D8D14025D62693; summary BCE4D30A33C426EAD4879E11ECE9E5F808612A2B0C612EF557A4DEE422B202DF",68B09332375155D3719543B0D4DB1D8604D18C8475E3D70A67A799ED4AD934A3,"Rejected: 54/54 atomic cases; causal W/T/L 3/51/0; aggregate 0/0/+6; windows 5000=0 10000=+1 15000=+5; exact 5000 equivalence and zero safety/certificate failure; all three takeovers only in deadline role and fixed stratum 0/27/0, so frozen both-role breadth gate failed; log 08EEB621C45070077E17DF26B7015C4268D1D95A9A18B93AA3DC1748F8D8F007; summary E83E2D290FEC9B02808A5EDA1ED3411F302051AAA4B323A2B5CB3694E31D7A38",not-run,rejected-holdout-breadth,"Reopen only from a fresh role-independent invariant and wholly fresh unopened evidence; never reuse 254 holdout, tune to fixed-role inertness or add a role dispatcher after observing it."
SCORE-PERSISTENT-AGENT-PERMUTATION-253,2026-08-30,"18ecdd3 behavior plus official-domain parser/generator correctness integration on branch HEAD f7c017884fe50afaa3b033ea552d8cda4a505569","frozen candidate binary 89EC2323D18396E81AB824658476B6555C8B7404424C33B5893E0598E0CC399A; runner 0E05EFC3DE9A63C437404EB947C41123CBB122B79EEF2607B1898BD82B8BF13D; summarizer AA579E1575010DCB35E1745B8769D66A8886BDAEF5066EE50276DD610F9BD5A3","252-v2 found 434 strict gains whose complete end-of-day physical state and own-road footprint equal the accepted public-continuation parent up to a non-identity role-preserving agent permutation; five matches span every official player count both role modes three map sizes and three fuel classes.","After the complete 5000-ms checkpoint and all accepted public continuation work retain the parent. Only within remaining authoritative public time enumerate the frozen capped crossed-terminal pair neighborhood. Accept a strict dual-valid candidate only when road footprint and complete role/position/fuel multiset equal the parent. Persist a logical-to-physical bijection: solver/refiners and shadow ledger continue from the exact parent logical trajectory while actions map to physical wire indices and actual ledger retains certified gains.","No canonical solver/refiner/certificate/validator/checkpoint/replay/fallback removed disabled deferred or reduced; 5000-ms lane exact parent equivalence; one main solve; candidate only in public continuation; exact bijection and role match; exact simulator plus independent validator on physical authoritative state; componentwise current-day non-regression plus strict official gain; identical own-road footprint; shadow trajectory/ledger exact; mapping persisted through ACK reconciliation checkpoint and cold replay; fail closed on deadline error ambiguity mismatch or no gain; no map seed fuel role player opponent match dispatcher.","Frozen manifest research/holdouts/SCORE-PERSISTENT-AGENT-PERMUTATION-253.csv SHA256 ABFBB07922280A76F06D4D0BFDA490268F5F10E4C81C8FA356E25ED7095340BC; development completed 30 pairs/60 results; windows5000/10000/15000; players8/9/10; all declared strata.","Rejected: W/T/L 8/19/3 all tier3; aggregate -40; window deltas -62/+46/-24; three 5000-ms equivalence mismatches; only one player count with takeovers; zero all safety/certificate counters. All losses and 5000 mismatches had zero takeover, so independent wall-clock arms confounded causal attribution. Log F9F821E705E1DDBE345FF5DEA18ED2531B6DB098B3477D3E0B060F6BBE4F21C7; summary B74100260C534E4F5F7DEBD1AB440AC0A8848C0E983119F905CDEB49DD8E42BE.",ABFBB07922280A76F06D4D0BFDA490268F5F10E4C81C8FA356E25ED7095340BC,sealed-unopened-retired,not-run,rejected-development,"Reopen the mechanism only as a new experiment with wholly fresh seeds and holdout plus same-parent in-process causal counterfactual evidence; never reuse 253 development or holdout, and do not alter its failed gate."
ATTR-PERMUTED-TERMINAL-PAIR-YIELD-252-v2,2026-08-30,"18ecdd3 behavior plus official-domain parser/generator correctness integration on branch HEAD f7c017884fe50afaa3b033ea552d8cda4a505569","observational binary C888319A69F4AE16A832CC69E3844407162F002C9AFAD4C073B55D9B1633FBF0; runner 88F88BBADB57A7E11A228658DCC321C058873BCFDFB7CF304AD91E1E47F21939; summarizer 9BF98175CE36AE3B58C58F92ED89B4681E508BBFDD17026C71D81031683A22DD with frozen delegate 75B595B06EFD243A3CA3FAA720DA1527DB2317E2DDAFF249184039DD200C6ECB","V1 was stopped after six uninspected atomic rows because static audit found its permutation predicate also admitted identity mapping, which could recount same-agent-terminal evidence from 211 instead of proving a freed terminal.","Require at least one agent index to differ in terminal or fuel while the complete final state multiset remains exactly equal by role/position/fuel; retain the identical capped target-terminal crossed-pair enumeration and never apply the probe plan.","No production behavior change; non-identity permutation mandatory; exact state multiset and road footprint; internal incumbent plan hash exact; exact simulator and independent validator; official componentwise non-regression plus strict gain; no fixture dispatcher; <=5000ms canonical checkpoint unchanged; corrected official domain; players8/9/10.","Replacement manifest research/holdouts/ATTR-PERMUTED-TERMINAL-PAIR-YIELD-252-v2.csv SHA256 015FFC8F3B0A2FE82A862160FD29CBAB422484FD01C456083288FF83488A9E20; 24 fresh cases seeds9730000..9735101. Completed 24 result and 24 matching case_complete rows with one run_complete and empty stderr.","Qualified: 5/24 yielded matches and 7 yielded days, spanning players8/9/10, fixed/deadline, multiteam16/24/32 and low/default/high fuel; 3730 tasks, 102701 routes, 1621286 cross pairs, 1111368 dual-valid plans, 434 certified plans, +29 servings, zero safety and mutation failure; log SHA256 AA440C683DCEC37F6A14DF296A587379FC32CD9A19CCB1CEBA7B546146221218; summary SHA256 829D000611E355FD836086CC48CE738D6F06C4D4BCB86E586ECF9E159AAF29EC",015FFC8F3B0A2FE82A862160FD29CBAB422484FD01C456083288FF83488A9E20,not-applicable,not-applicable,accepted-attribution-score-successor-qualified,"Closed into SCORE-PERSISTENT-AGENT-PERMUTATION-253. Any implementation must use fresh seeds and one canonical persistent logical-to-physical remap across planning actions ACK reconciliation checkpoint and replay resume; never canonicalize agent order globally or duplicate the solver."
ATTR-PERMUTED-TERMINAL-PAIR-YIELD-252,2026-08-30,"18ecdd3 behavior plus official-domain parser/generator correctness integration on branch HEAD f7c017884fe50afaa3b033ea552d8cda4a505569","observational harness binary SHA256 A98E228D390EFA8D3359052B31EC482B1A4E2136DFCB33A9E3433BA81B589804; runner 25FD0802A6E8D00FE01A89B9AD6529DC85C96100284B0950B00B911EBC5B17BD; summarizer 75B595B06EFD243A3CA3FAA720DA1527DB2317E2DDAFF249184039DD200C6ECB","250 and 251 prove that even one current-day strict gain can regress through a changed terminal state; 211 was inert under same-agent terminals but explicitly allowed reopening with a sound certificate that frees at least one terminal.","V1 attempted the capped target-terminal crossed-pair observation but its state predicate accidentally allowed identity permutations; it was stopped before telemetry inspection.","No production behavior change; six atomic result/completion pairs preserved but invalid for attribution; never resume or aggregate them.","Manifest SHA256 865C0A45DAE080E96EB2397634FF7714E3FABA70480AA033D89B955755CE19D9; stopped after six atomic rows; log SHA256 DADB7DBBBD6669FFDF3FE8A0A6D12EE05155B9E990D22B7BA409315ED2C96845; no partial telemetry inspected.",invalid-operational-pre-attribution,865C0A45DAE080E96EB2397634FF7714E3FABA70480AA033D89B955755CE19D9,not-applicable,not-applicable,invalid-operational,"Superseded only by 252-v2 with a mandatory non-identity guard and fresh manifest; never resume or mix v1."
SCORE-ONE-SHOT-SPARSE-SIDECAR-251,2026-08-30,"18ecdd3 behavior plus official-domain parser/generator correctness integration on branch HEAD f7c017884fe50afaa3b033ea552d8cda4a505569","frozen default-off same-binary candidate SHA256 5EEAE0F67770FC9AC3311E79801465DAE0EE927143A4ADE1599D546CBB613B7B; runner 41298441CDBD8223942510839DE21E884DABE20701ED03A885E13C9E96CCC485; summarizer 015ABF2185F3AF923CEAF7BFCFDF6A9C59226267F4FDFD0E5BD58E4798C3F140","250 is broadly positive at 20/9/1 and +401 but fails its frozen tail gate because nine changed-state takeovers on one 10-day fixture finish -13; m-4959 needs only one causal changed-state root.","Keep the complete incumbent; run the unchanged capped sparse one-agent exact sidecar until the first strict dual-valid gain; after one accepted changed-state transition disable it for the rest of the match. No gain threshold or public-axis dispatcher.","Complete parent prefix and fallback; same-binary default-off control; at most one takeover per match; no-takeover result byte-identical to its own incumbent; official lexicographic score; exact simulator and independent validator; authoritative applied transition; no future-certificate claim; no suite/map/fuel/horizon/role/player/seed/opponent dispatcher; checkpoint <=5000ms; corrected official domain; players8/9/10.","Frozen manifest research/holdouts/SCORE-ONE-SHOT-SPARSE-SIDECAR-251.csv SHA256 8A00B64171CB529ADF04AC230C348132F5849E07472DEF99CFBA375C0AF66811; fresh development 30 pairs /60 results seeds9680000..9685101; sealed holdout 54 pairs /108 results seeds9690000..9695103; all public players map fuel horizon role axes.","60/60 complete; official W/T/L 16/10/4; first differences tie10 tier2-loss1 tier3-19; aggregate 0/-1/+95; gain tail +134 max+25; loss tail -49 min-39; zero safety; <=1 takeover; zero causal mismatch; log SHA256 18751968221AF6225C5A464A221C15FCE77EB33CB0B879DF840DAF97B120FCCD; summary SHA256 F8DD24F76BEBB4FFA8984ADEF568C3EDF8266FE53FEE6D908D433DACEE994E82",8A00B64171CB529ADF04AC230C348132F5849E07472DEF99CFBA375C0AF66811,not-opened,not-applicable,rejected,"Reopen only with a state-coupled future certificate or additive canonical candidate/master enrichment that preserves ordinary selection and transition proof; do not repeat unprotected current-day takeover, tune a gain threshold or dispatch on fixture axes."
SCORE-CURRENT-DAY-SPARSE-SIDECAR-250,2026-08-30,"18ecdd3 behavior plus official-domain parser/generator correctness integration on branch HEAD f7c017884fe50afaa3b033ea552d8cda4a505569","frozen default-off same-binary historical candidate SHA256 81A041C14A2EC73591C521BC2481E8C55608E022E825B76DD23FE3822B8A421C; corrected runner BE5A058BEF6BABFAF739A2BDA5ED6E1A73F81836129ECCE4C9520C50A99C98C7; summarizer 7E98E9A9A66A114B6B5EA4F845B09DC985D2018E1CD94C75D374ACABA995AB1A","Fresh official-domain 249 proves the capped sparse current-day exchange is broad at 19/3/2 with aggregate 0/+1/+556 and only two -1 serving losses, while 248 post-master pool injection retained a -74 tail.","Protect the complete unchanged solver/checkpoint incumbent, then inside the same absolute 5000-ms boundary enumerate at most 50000 sparse states and 64 routes per distinct patrol(position fuel), exact-evaluate one-agent replacements once, and retain only the best strict current-day official improvement. Never feed routes into master or rerun solver.","Complete parent prefix and fallback; default-off same-binary control; official lexicographic score; exact simulator and independent validator; applied transition becomes authoritative next parent; no static future certificate claim; no seed/map/fuel/family/opponent dispatcher; checkpoint <=5000ms; zero safety failure; corrected official-domain fixtures; players8/9/10.","Frozen manifest research/holdouts/SCORE-CURRENT-DAY-SPARSE-SIDECAR-250.csv SHA256 7FFEAD5590F017B79C0DDC87DFB4F03EE2420CA2DBD8FA90C79C08A193054D58; fresh development 30 pairs / 60 results seeds9660000..9665101; sealed holdout 54 pairs / 108 results seeds9670000..9675103; all public players map fuel horizon role axes.","Completed 30 pairs / 60 atomic results: W/T/L 20/9/1; all differences tier3; aggregate 0/0/+401; gain sum +414 max +39; one -13 loss on players10 low-fuel fixed-role 10-day multiteam32 seed9664000 after nine takeovers; zero safety failure; three no-takeover equal-score pairs failed required plan-hash equivalence; log E5BE8FF938CE7A4086FFBAEA3A1AB2A399B7897D476519F0744AE345772EA524; summary 72F918DE5DA88315861B98B5F5CA2F1998224539DB39298B93B6A13CB13FFC93",7FFEAD5590F017B79C0DDC87DFB4F03EE2420CA2DBD8FA90C79C08A193054D58,not-opened,not-applicable,rejected-development-gate,"Only a wholly fresh successor with a new state-drift invariant; at most one accepted changed-state sidecar transition per match is allowed to be tested. Never reuse 250 cases or holdout, weaken the -10 tail/hash gate, or dispatch by suite map fuel horizon role player seed or opponent."
ATTR-SPARSE-ROUTE-PREVALENCE-249,2026-08-30,"18ecdd3 behavior plus official-domain parser/generator correctness integration on branch HEAD f7c017884fe50afaa3b033ea552d8cda4a505569","research-only historical binary SHA256 07F9E0CE5AC63F01F23E0B6990B276B32CD65B4632C9AD1813969B42416CAF79; production library behavior unchanged","m-4959 is a real sparse route-supply counterexample, but 247 and 248 cannot establish generality because their frozen generators emitted stock above agents/team in 10/24 and 15/30 pairs respectively.","Repeat the unchanged sparse50000 current-day exact attribution on wholly fresh official-domain fixtures: one stable representative per patrol(position fuel), at most64 routes, exact one-agent exchange and apply only strict current-day official improvement.","Attribution only; no production behavior change; stock<=agents enforced by generator and parser; official lexicographic score; exact simulator and independent validator; canonical 5000-ms cap unchanged; fixed operation count has no local performance authority; no seed/map/fuel/family/opponent dispatcher; synthetic players8/9/10; no promotion holdout.","Manifest research/holdouts/ATTR-SPARSE-ROUTE-PREVALENCE-249.csv SHA256 2E4F5289871D1A76611CD5CB1C367C4E5A7B5F56CC7B034E661CFE07587D3939; 24 pairs / 48 atomic results; fresh seeds9650000..9655101; 8/12/16/24/32 maps; 4/5/7/10 days; all fuel profiles; fixed/deadline roles; runner SHA256 769BD1C682FB4FC437116D937EF33E179B839F5283B4B872BD7761151D569A10; summarizer SHA256 FCC4CC58BE8F590577A59014AF4ED28EAE829B983B48D8FE0F304B83A51721D0.","Completed 24 pairs / 48 atomic results: W/T/L 19/3/2; first tiers tie3 tier2gain1 tier3diff20; aggregate delta 0/+1/+556; gain sum +545 max +68; two losses both -1 serving; zero invalid emergency and all registered failures; log SHA256 A28DDF3CFA010A934D7CBC6D21BC558E207B2671ADC7A3C8BC0F56137303B119; summary SHA256 56B22F02019E83A35FFFF6622649BBBFCB1E0C657E00B5ABBF3C463B48280996.",2E4F5289871D1A76611CD5CB1C367C4E5A7B5F56CC7B034E661CFE07587D3939,not-opened,not-applicable,positive-attribution-score-successor-qualified,"A separate SCORE successor may open only from wholly fresh development and sealed-holdout seeds with a new integration invariant. Do not reuse 249 cases, repeat 248 post-master whole-plan injection, or force current-day sparse winners."
SCORE-SPARSE-ROUTE-CANDIDATE-SUPPLY-248,2026-08-29,"18ecdd3 (branch HEAD f7c017884fe50afaa3b033ea552d8cda4a505569)","frozen candidate historical binary SHA256 F6ECBD84A76DB366C5512F4EC3A26E30B8A9E28E03FCD4E9696C008F6D3845E3; scoped default-off production branch removed after closure","247 exposed a route-supply class, but the old generator later proved to emit stock above agents/team in both 247 and 248.","Add exact-evaluated sparse routes without removing canonical candidates; existing F0/profile/certificate selection remains authoritative.","Default-off byte-inertness; official lexicographic score; exact simulator and independent validator; canonical checkpoint <=5000ms; public players8/9/10; zero safety failure; holdout frozen and never opened unless development evidence is authoritative.","Frozen manifest SHA256 329A7FA1FDF7CE94C3F6DFCBEC9DE50A582D6B9710615A2BD0F856911A9C6E2E; 30 pairs / 60 results; log SHA256 D49A000B4DB1E651B327A4660F966D6A24C7F7543F0DA71655F75D1137885DBF; summary SHA256 260AB5BD87AA0FC511EEA55272248BBFBF6B7CA8E145489676DE6A4AEECFA5D3.","Raw W/T/L 19/10/1, all differences tier3, aggregate +277, one loss -74, zero safety failure. Deterministic domain audit found 15/30 pairs invalid. The 15 guaranteed-valid pairs are post-hoc 8/6/1, aggregate tier3 +125 with the same -74 tail; neither view has promotion authority.",329A7FA1FDF7CE94C3F6DFCBEC9DE50A582D6B9710615A2BD0F856911A9C6E2E,not-opened,not-applicable,inconclusive-domain-contaminated-before-holdout,"Only a new successor after parser/generator correctness integration, with wholly fresh development seeds, frozen manifest and holdout, and independently justified mechanism. Never reuse consumed 248 development cases or open the old sealed holdout."
ATTR-SPARSE-ROUTE-PREVALENCE-247,2026-08-29,"18ecdd3 (branch HEAD f7c017884fe50afaa3b033ea552d8cda4a505569)","isolated research harness SHA256 55F09C751AEA2557FFB7F2BD0B66DD1EC918E778C4D223A8ADC7933F0D6A76F8; production library unchanged","246-v1/v2 were incomplete after parser bugs; 247 attempted a fresh multi-team prevalence measurement but still used the old uncapped stock generator.","Run the frozen sparse50000 current-day oracle on a fresh 24-pair manifest and compare unchanged parent versus exact-applied attribution.","Attribution only; production unchanged; official lexicographic score; exact simulator and independent validator; 5000-ms cap; public players; no promotion holdout.","Frozen manifest SHA256 EE08FDF1A997C21C11F84E19FD0AF23172B19F0B3C838647E153AEECC3FD0116. Complete 24 pairs / 48 results. Log SHA256 346CC953E2ED702C7035323D76A4FE3363C217899976418BA2AF2A67A1790425; summary SHA256 A0E71E722515CA52315D083DF96CE914CA2C8ED499FB8BA45E017363BC3BCDAF.","Raw W/T/L 18/4/2, delta0/-1/+510, zero safety failure. Domain audit found 10/24 pairs invalid. The 14 guaranteed-valid pairs are post-hoc 9/3/2, delta0/-1/+306, retaining the tier2 loss and -54 tail; this supports mechanism existence but cannot clear the preregistered gate.",EE08FDF1A997C21C11F84E19FD0AF23172B19F0B3C838647E153AEECC3FD0116,not-opened,not-applicable,inconclusive-domain-contaminated,"Only a wholly fresh official-domain attribution successor after parser/generator integration; never reuse 247 cases."
ATTR-SPARSE-ROUTE-PREVALENCE-246-v2,2026-08-29,"18ecdd3 (branch HEAD f7c017884fe50afaa3b033ea552d8cda4a505569)","replacement isolated research harness SHA256 55F09C751AEA2557FFB7F2BD0B66DD1EC918E778C4D223A8ADC7933F0D6A76F8; production library unchanged","246-v1 stopped after eight atomic results because the product parser wrongly rejected official-valid daySteps100. No partial score was aggregated; v1 cannot be resumed or mixed and the prevalence question remained unanswered.","Use the identical frozen sparse50000 current-day oracle on a fresh manifest. The fixture clamp was an operational workaround for a parser bug, not an official map-dependent limit.","Attribution only; production library unchanged; no deletion disablement deferment or reduction; official lexicographic score exact simulator independent validator; 5000-ms canonical day cap unchanged; fixed operation count has no local performance authority; no seed family bot opponent match or result dispatcher; public players only; fresh replacement manifest; no sealed promotion holdout.","Frozen manifest research/holdouts/ATTR-SPARSE-ROUTE-PREVALENCE-246-v2.csv SHA256 96A94FB56EF84D2EB766034CF2FF11238A73353CBD45E3DD0CA125244357E16D. It completed 44 atomic result/case_complete rows with zero invalid/emergency, then failed before result45 because the product parser wrongly rejected official-valid 18 spots on 16x16. Evidence B91891F6BE7029EC725D5A53E5B5325F6B42E54EDAB4B299CB2CE1D57FEBE948; no aggregation, resume or mixing.","incomplete-operational-parser-bug: 44/48 atomic results only; zero invalid/emergency; no partial aggregation",96A94FB56EF84D2EB766034CF2FF11238A73353CBD45E3DD0CA125244357E16D,not-opened,not-applicable,incomplete-operational-parser-bug,"Superseded by completed fresh experiment 247; never resume or mix v2 evidence."
ATTR-SPARSE-ROUTE-PREVALENCE-246,2026-08-29,"18ecdd3 (branch HEAD f7c017884fe50afaa3b033ea552d8cda4a505569)","research-harness sparse current-day oracle binary SHA256 AC5E95026414890FD9DEBB1C2056542A8AD34235A1475A86523A1028D6779403; production library unchanged","244 proves a causal route-supply gap on consumed three-bot m-4959 and 245 proves its route appears by 50000 settled states for one patrol. It was unknown whether the same route class repeatedly benefits fresh official-scale multi-team traffic.","For each fresh fixture run unchanged parent and a causal attribution arm; enumerate at most64 sparse routes with cap50000 per stable public patrol class, exact-evaluate one-agent exchanges and apply only strict official current-day improvements.","Attribution only; production unchanged; official lexicographic score exact simulator independent validator; 5000-ms canonical cap; no dispatcher; public players; no promotion holdout.","Frozen manifest SHA256 D486136E7BA0AA06A5300A3E431A46FBB0143CE7D941BAE0E9B53E014AA85963. V1 produced eight atomic pairs then failed before the ninth because the product parser wrongly rejected official-valid daySteps100. Preserved incomplete operational evidence; no aggregation or resume.","incomplete-operational-parser-bug: 8/48 atomic results only; no partial aggregation",D486136E7BA0AA06A5300A3E431A46FBB0143CE7D941BAE0E9B53E014AA85963,not-opened,not-applicable,incomplete-operational-parser-bug,"Superseded by completed fresh experiment 247; never resume or mix v1 evidence."
ATTR-SPARSE-ROUTE-DISCOVERY-BUDGET-245,2026-08-29,"18ecdd3 (branch HEAD f7c017884fe50afaa3b033ea552d8cda4a505569)","research-only settled-state budget sweep SHA256 05E2FEE7EB8777B41D208002D17AC98C8E17939E265E10C05785B50FC1752E87; no production behavior change","244 proves the unchanged sparse day1 root raises consumed m-4959 closed-loop from 8/32/211 to 8/32/215 and that the route is absent before audit/F0. Its minimum deterministic discovery work is unknown, so source integration could repeat the blind-cap and shared-pipeline failures of 176/179.","On consumed m-4959 day1 and stable patrol0 run the unchanged sparse route enumerator independently at preregistered caps 50000 100000 250000 500000 750000 1000000 1250000. Keep maximum64 routes and the same rank; exact-simulate every returned one-agent exchange against the recorded root and report the first cap reaching 8/8/48.","Attribution only; production source and behavior unchanged; no deletion disablement deferment or reduction; official lexicographic score exact simulator independent validator fixed agent and fixed cap ladder declared before execution; no cap tuning after observation; local elapsed has no performance authority; no holdout or promotion; consumed replay cannot tune a candidate.","Consumed m-4959 replay SHA256 336CB23D6444668C85EFE4663F209FA5DD8561BD1EB57FD01904B93D1A6AD532; day1 patrol0; seven fixed operation caps; no fresh seeds.","The first fixed cap 50000 already returns mask0xFFF and exact-valid 8/8/48 versus 8/8/44; identical best at every cap through1250000. Emitted masks 66/85/165/260/387/500/611; 64 exact-valid retained at every cap; protected same-terminal remains 8/8/44.",not-applicable,not-opened,not-applicable,accepted-positive-attribution,"Open only a fresh no-source-change synthetic 8/9/10-team prevalence sweep with the fixed 50000-state lane. Do not infer source promotion from consumed m-4959 or increase the production cap."
ATTR-MULTITEAM-ROOT-CAUSAL-244,2026-08-29,"18ecdd3 (branch HEAD f7c017884fe50afaa3b033ea552d8cda4a505569)","research-only forced-root harness SHA256 1D41A69ED38D5C3AEFDD400DE5B4D6AD429A20F97DEFD7A6BE174847ADCE85F2; no production behavior change","Fresh hard three-bot m-4959 is dual-valid on 4/4 days with 3/3 reconciled transitions but ranks fourth at 8/32/211 behind 234/224/220. Roles are not causal: live mask128 checkpoint counterfactual is 8/32/210 while all-patrol regresses tier2 to 8/30/118. Unchanged sparse attribution produces exact-valid +4 changed-terminal roots on days1-3 and zero protected same-terminal root; canonical master is deadline-bound with an unwitnessed +6 serving upper and about 5000 skipped duplicate plan IDs per nonterminal day.","On consumed m-4959 force only the unchanged exact-valid sparse root on day1, record its exact applied transition, then return days2-4 to the unchanged canonical engine against recorded external states. Compare full-match official score to the unchanged mask128 closed-loop counterfactual. Inspect whether the root is present in canonical audit/F0 before considering any successor.","No production behavior change; no deletion disablement deferment or reduction; official lexicographic score exact simulator independent validator traffic safety role mask128 and 5000-ms main cap preserved; applied-transition harness is attribution only; no seed map fuel family bot opponent match-ID or deadline dispatcher; no weakening of nonterminal transition certificate; consumed m-4959 cannot promote or tune a candidate.","Consumed m-4959 replay SHA256 336CB23D6444668C85EFE4663F209FA5DD8561BD1EB57FD01904B93D1A6AD532; sparse full plan and changed agent route absent from all 16 audit candidates; no fresh seeds or holdout.","Recorded-root control 8/32/211; forced sparse day1 root 8/32/215; official delta 0/0/+4. Both suffixes contribute exactly 50/50/67 on days2-4, proving the root benefit persists closed-loop. Exact simulator and independent validator agree.",not-applicable,not-opened,"m-4959 rank4 at 8/32/211 versus 234/224/220; 4/4 dual-valid and 3/3 reconciled",accepted-attribution-route-supply-gap,"A SCORE successor is allowed only if it additively supplies this route class before F0 without removing parent candidates, is derived from public state, and is frozen before fresh development with a sealed holdout including synthetic 8/9/10-team traffic lanes. Do not repeat broad nonterminal exact takeover or post-ACK 216-232; do not tune from m-4959."
ATTR-MULTITEAM-SERVING-DEFICIT-243,2026-08-29,"18ecdd3 (branch HEAD f7c017884fe50afaa3b033ea552d8cda4a505569)","no-source-change attribution","Fresh hard three-bot m-4955 tied all four teams on tiers 1/2 at 8/80 but UDON-SHIELD ranked fourth with 449 servings behind 500/475/453. Ten of ten days were dual-valid and all nine transitions reconciled. Official tournament format has 8-10 teams; three bots is only the maximum BTC proxy.","On consumed m-4955 rule out role identity and rerun the unchanged 216/223 sparse attribution probe on all nonterminal days; compare unconstrained changed-terminal gains with the strict protected transition domain.","No production behavior change; no deletion disablement deferment or reduction; preserve official comparator exact simulator independent validator traffic safety terminal state closed-loop capability and 5000-ms main cap; no fixture or role-identity dispatcher; m-4955 consumed attribution only.","Consumed m-4955 replay SHA256 63D361462D000C21F62EF72442084D1F08443AE871B9667A97F4C7C48919EBBD; unchanged claim probe binary 98E9D60D31E7D4C0AF2D4E4CA2A4AF8944923C6D2701404FD986F2325655FCC2; compact sparse log BC1FF2FDAA11E485C92A70D5EDEE7401CF289B5620C29DAB7082EF4221054EB0.","Role identity changes closed-loop 441 to 445 only. All nine nonterminal days have an unconstrained sparse gain (+3/+3/+3/+4/+3/+3/+3/+3/+3; naive +28) and zero protected transition-dominating gain. This exactly reproduces the post-219 certificate-blocked residual from 223; 229-232 already reject available W0/proof/ACK consumers. Terminal day correctly improves 45 to 54 because no future state remains.",not-applicable,not-opened,"m-4955 rank4 at 8/80/449 versus 500/475/453; valid opponent counterexample but no new safe mechanism",closed-known-certificate-blocked,"Reopen only from a new executable state-coupled whole-remaining-horizon certificate or a fresh 8/9/10-team traffic-specific causal mismatch. Do not repeat 216-232 or tune from consumed m-4955."
ATTR-MASTER-EQUALITY-DFS-242,2026-08-29,"18ecdd3 (branch HEAD f7c017884fe50afaa3b033ea552d8cda4a505569)","no-source-change attribution; instrumentation reverted","Fresh hard BTC m-4952 tied its bot on lifetime/daily/servings at 4/20/90 but lost the official response-time tiebreak 11899ms to 2493ms. All 5 days were dual-valid and all 4 transitions reconciled. The user subsequently made three opponents mandatory; m-4952 used one opponent and is out of target scope.","Research-only no-prune counters measured complete future-relevant master-child equality over actions bundle synchronization/refuel first visits selected claims/brands stock-bound state and footprint.","No production behavior change; no deletion disablement deferment or reduction; official comparator exact simulator independent validator terminal slack traffic safety stable ID diversity and 5000-ms main cap preserved; no early stop or fixture dispatcher.","Consumed m-4952 replay and source-frozen day-1 replay-solve only; replay SHA256 7EC89340983C01D8A7F49BB03E631D4127F2E67A4690EDF0F0EC21A59BC03C07; baseline day-1 SHA256 6917E4002372B31F29CE66E0B30D178098BEF101612D54F0D4E6FDE83DE17BCF.","No-prune MSVC probe: columns 29/31/31/32; unique actions 28/30/30/32; conservative unique complete master children 29/31/31/32. No exact child redundancy; instrumentation reverted.",not-applicable,not-opened,"m-4952 preserved as consumed one-opponent attribution only; not a three-opponent blocker",closed-negative-out-of-scope,"Reopen only from a fresh three-opponent counterexample with a new invariant. Do not repeat action-only or complete-child transposition from consumed m-4952."
ATTR-F0-WINDOW-DIFFICULTY-CROSS-241,2026-08-29,"18ecdd3 (branch head f7c017884fe50afaa3b033ea552d8cda4a505569); frozen 240 parent/candidate Linux binaries","no-source-change attribution","The rejected 240 result is not identifiable by public window because its manifest assigned every easy/medium fixture to 5000 ms and every hard/very-hard fixture to 15000 ms. Negative 5000/easy/medium and positive 15000/hard/very-hard evidence may be caused by window, scale or their interaction.","Run each fresh fixture at both 5000 and 15000 ms with the frozen rejected-240 parent and quality-order binaries. Cross four tiers, fixed/deadline roles and generated fuel; reverse pair execution order between windows for the same seed.","No production source change; no deletion disablement deferral or reduction; official lexicographic score; exact simulator and independent validator; canonical main budget unchanged; attribution only; no suite/seed/fuel/opponent dispatcher; no consumed 240 holdout case; no holdout or promotion authority.","Frozen research/holdouts/ATTR-F0-WINDOW-DIFFICULTY-CROSS-241.csv SHA256 A03FBB63C6221A151F274E1811B25B5F3D0AA8ED56E8D84D0B7EA95206CA67A8. 64 fresh fixtures each at both public windows = 128 pairs/256 side results. Frozen runner 9EB220D0DB13B894ADDCD7B0BD9724A1F11F247DB64AA14B25618BF320E318B9; summarizer 47B32FD37F168EDF0D2DB9CAA49DB1194A1C7AE698EF8D18CC4E20B2470FCD2E.","Completed 128 crossed pairs: rejected-240 quality order 16/91/21; all 37 differences tier 3; aggregate 0/0/-187; gain/loss tails +92/-279 with maxima +18/-41; zero safety failure. 5000 ms was 10/43/11 net -67 and 15000 ms was 6/48/10 net -120. Both execution orders and both role modes were negative in both windows; 15000 ms was negative in every fuel regime. Summary FF24B444A7675F007DB8E5C48DB4D37E0296C571A217AA4BFC48176E1B40CE1E; VM archive B251F945648FA7BF1347728EDC649CA072B410B2AED757208B0DF78F29095160.",not-applicable,not-opened,not-applicable,closed-negative-attribution,"Reopen only from a new causal mechanism that is not another deadline/scale quality-order dispatcher and a genuinely fresh counterexample. Never reuse consumed 240 or 241 fixtures for promotion."
SCORE-F0-QUALITY-ORDER-240,2026-08-29,"18ecdd3 (branch head f7c017884fe50afaa3b033ea552d8cda4a505569)",working-tree-candidate,"ATTR-TIMED-PLANNER-BIFURCATION-239 proves the same retained 4/4/18 plan can be selected and finish 131-134 or be denied W1 repair and finish 74-97. After deterministic score/slack/traffic/stable-ID ranking selects the 16 F0 candidates, production re-sorts them by stable ID alone and evaluates provisional profiles sequentially under one absolute deadline. A 3/3/4 representation-first candidate can consume the window before 4/4/18 candidates.","Preserve the already-computed deterministic quality order through provisional evaluation by removing only the second stable-ID-only sort of the selected F0 vector. Candidate membership, limit, route/master/ALNS generation, F0 cap/deadline, provisional/repair implementation, certified comparator, current floor and final stable-ID tie break remain unchanged.","No designed functionality removed disabled deferred or reduced; no candidate/cap/window/solver/comparator/role change; official lexicographic current score is evaluated before terminal slack traffic safety and stable ID; exact simulator and independent validator; canonical 5000-ms main/role cap; no seed map fuel family role opponent match or wall-clock routing; parent and lane champion protected; one frozen sealed holdout.","Frozen research/holdouts/SCORE-F0-QUALITY-ORDER-240.csv SHA256 1144BFC69B7C9582686D24FCB86800CE460281B0324B54604DBE555145BF415A. Consumed m-4789 is causal attribution only. Fresh development: 60 pairs across four tiers fixed/deadline roles generated fuel families and 5000/15000-ms public windows; sealed holdout 108 fresh pairs.","Development completed 60 pairs: candidate 14/36/10, all tier 3, aggregate +95, gain/loss tails +251/-156 with maxima +132/-105, zero safety failure. The 5000-ms lane was 2/26/4 net -10; 15000 ms was 12/10/6 net +105. Log 7266CF715870931E103587A33820B9B716F3B6E06B1EC0A667788FD28554F960; summary 18F58CD6AA57839A2BC0FF92CEC0EABA482D7A0B77E36EEF60A9AE9667B41840.",1144BFC69B7C9582686D24FCB86800CE460281B0324B54604DBE555145BF415A,"One-time VM holdout completed 108 pairs: 20/76/12, all tier 3, aggregate +57, gain/loss tails +231/-174 and maxima +68/-42, zero safety failure. Canonical 5000-ms lane repeated systematic downside at 2/47/7; easy 2/21/5, medium 0/26/2 and low fuel 3/26/4. The 15000-ms lane was 18/29/5. Candidate-first 9/37/6 net +6; parent-first 11/39/6 net +51, so aggregate magnitude was order-sensitive. Log B3546971ABD6ABBD1F3CB7E517E1E2981E2AC62BFA8A4A6A588EE6CA7F386EC1; summary 830B8E61D636BF91D55207F816753C09704E7BFB01C54E57727A98400786AF19; VM archive 90D3F8465E9B011A8B293AB53BA1F033CB326F721B074975CD57BF59D40C8786.",not-run,rejected,"Reopen only from the pre-holdout development invariant that quality order helps with an authoritative public continuation window but harms the 5000-ms-only lane: a successor must keep the 5000-ms path parent-equivalent, use only an authoritative public deadline signal, freeze a fresh manifest and never use or tune from consumed 240 holdout cases."
ATTR-TIMED-PLANNER-BIFURCATION-239,2026-08-29,"18ecdd3 (branch head f7c017884fe50afaa3b033ea552d8cda4a505569)",no-source-change,"The closed-loop values used by ATTR-ROLE-IDENTITY-237 are not temporally stable. The frozen production binary initially reproduced mask1/mask4 at 131/102, but later same-replay runs returned mask1 at 74, 134 and 97 while mask4 remained near 102-106. Current-floor protection is active.","Compare same-binary same-role complete decision dumps across observed cutoff basins and locate the first candidate/frontier difference without source change.","No designed functionality removed disabled deferred or reduced; production source unchanged; official lexicographic score; exact simulator and independent validator; current-floor enabled; canonical 5000-ms main cap; no fixture routing; consumed replay only; no holdout.","Consumed m-4789 only; original mask1/mask4 dumps plus new mask1 high/low and mask4 controls.","All mask1 day1 pools shared 13/16 candidates. The same high 4/4/18 candidate was present in both basins. In the high basin it was stable-ID index0, reached provisional4/11/36, certified4/20/67 and selected. In the low basin a 3/3/4 stable-ID index0 consumed provisional work, the high candidate at index1 stayed4/4/18 and was not shortlisted, while a different 4/4/18 candidate certified4/17/60 and selected. Evidence C706A19F8684505292CE5793D74E7F7854D48BA93C572BA7183734ADBCDD9D4E.",not-applicable,not-opened,not-run,accepted-attribution,"Closed into SCORE-F0-QUALITY-ORDER-240 under the explicit reopen condition of SCORE-TRAFFIC-F0-UPPER-126. Do not tune slots caps subwindows or role identity."
ATTR-ROLE-TRAJECTORY-BEAM-238,2026-08-28,"18ecdd3 (branch head f7c017884fe50afaa3b033ea552d8cda4a505569)","research-only candidate SHA256 99EB8A977A641FE2A402874A6B290AB148FC86D7A2EACE009BD189CA58E2ABEF; fully reverted","ATTR-ROLE-IDENTITY-237 and SCORE-ROLE-030 both show same-tier day-1/coarse role evidence selecting mask4 while stable closed-loop counterfactuals prefer mask1. Earlier width, time, fixed-operation, centrality, all-patrol marginal, terminal-fuel and parallel evaluators all preserve a single greedy state trajectory and fail to recover the later divergence.","Attribution-only bounded multi-trajectory role evaluator: for each role keep a small exact beam of distinct day-end state/ledger/own-traffic trajectories; expand it with multiple candidates already produced by the existing independent planner and exact master; divide the existing maximum-combination allowance across states so total work does not grow; retain the lexicographic incumbent plus state-diverse nondominated alternatives. No production activation or promotion authority.","No designed functionality removed, disabled, deferred or reduced; parent single-trajectory result remains in every beam; official lexicographic score; exact simulator and independent validator for every transition; same route/master capabilities and total work/deadline; no seed/map/fuel/tanker-ID routing; canonical role cap 5000ms; research switch default off.","Frozen attribution manifest research/holdouts/ATTR-ROLE-TRAJECTORY-BEAM-238.csv SHA256 9E2C38CD24AA6F34889242A114B9B6F517C537B037093B34FC81AA9D146F47CD: m-4789 positive, recorded archive controls and 30 fresh generated development fixtures. No sealed promotion holdout.","m-4789 ranked exact-better mask1 above production mask4 and selected mask2, whose existing closed-loop score is +16. Available archive controls had no tier1/tier2 contradiction. Fresh 30-fixture raw W/T/L 5/20/5 net +51; changed-mask causal 4/23/3, gains +85, losses -43. Two-tanker low-fuel gains +24/+45/+10, but same-count identity losses -7/-7/-29; high-fuel controls unchanged; zero invalid/emergency.",9E2C38CD24AA6F34889242A114B9B6F517C537B037093B34FC81AA9D146F47CD,"not-applicable; no sealed holdout created",not-run,rejected,"Do not tune beam width/work/fuel/tanker-count gates from consumed cases or duplicate SCORE-ROLE-023. Reopen only with a new state-coupled certificate that bounds same-count identity downside before switching."
ATTR-ROLE-IDENTITY-237,2026-08-28,"18ecdd3 (branch head f7c017884fe50afaa3b033ea552d8cda4a505569)",no-source-change,"Fresh hard BTC m-4789 selected one-tanker mask4 and finished rank4 at 4/28/110. The incomplete role evaluator ranked mask4 at 4/28/85 above mask1 at 4/28/81, but same-binary closed-loop counterfactuals ranked mask1 4/28/131 above mask4 4/28/102, with both decisive results reproduced in reversed order.","Attribution only: separate role identity from protocol, deadline, day-planner validity and known changed-terminal residual; do not propose or promote a source mechanism from one opened replay.","No designed functionality removed, disabled, deferred or reduced; production source and 5000ms role/main checkpoint unchanged; official lexicographic score; exact simulator and independent validator; no seed/map/match routing; no holdout opened.","30-match hard BTC operational screen at public response 10000ms, preregistered to stop at first loss; m-4788 then m-4789. Role masks1/2/4/8 replayed closed-loop; decisive masks1/4 repeated in reversed order.","m-4788 rank1 8/80/531. m-4789 rank4 4/28/110 with 7/7 valid HTTP200 actions and 6/6 reconciled transitions. Closed-loop role scores mask1 131, mask2 118, mask8 116, mask4 102 at equal 4/28; repeat mask1/mask4 remained 131/102. Timed role rollout misranked mask4 first; every rollout was incomplete.",not-applicable,not-opened,"m-4789 replay SHA256 7AE05FC74B426B1E7802F392AB4783D6DAC576ACD69AEA360B84FEDCD68CC301; binary SHA256 43ED5815DA0880652819BF589787C11CAFDC92F4D7D313899C3256E37D570389",accepted-attribution,"Open a score experiment only with a new planner-coupled equal-depth tanker-identity discriminator, a fresh unopened manifest and protected archive lanes; do not retry centrality, all-patrol marginal contribution, wider/longer coarse rollout, wall-clock parallelism, unequal-depth evidence or fixture routing."
PERF-DIVERSITY-SPARSE-SIGNATURE-236,2026-08-28,"81c28a13b0e199cdbb8aaaf130488640e0e0a472 (canonical production source 18ecdd3)","reverted working-tree candidate; parent historical 7438B2FA9171B2492E9C6DBE38C73584F3C10AD41A1F18F06A53F4932BB37739; candidate historical EBF649E6E45B902936F80B31D5E125B804BC078D0486DBBA0E2DA829E6AC619C; candidate BTC 021731138FB61C09EC04E17BEA4101E889FA0889F5F28D3E6E0A3E8B65A7BEFE","Experiment 234 measured population maintenance at 78.102% of DFS time overall and 73.499-84.645% in every tier. Exact roadFootprint L1 distance scans the full map-sized vector for every candidate pair even though only visited road entries are nonzero.","Within each retain_alns_population call precompute every candidate's sorted nonzero roadFootprint signature. Use exact sparse merge only when combined nonzeros are fewer than the common dense length; otherwise retain the exact dense loop. Keep terminal/fuel/plan distance and every selection rule unchanged; do not cache pair results.","No designed functionality removed, disabled, deferred or reduced; nothing deleted; signatures are local and observationally transparent; sparse and dense paths compute identical L1 distance; candidate set/order/comparator/distance tuple/deadline/caps unchanged; complete oracle/action-score-state-validator equivalence required; canonical main cap 5000 ms; holdout once on VM; BTC target-host required before promotion.","Frozen manifest research/holdouts/PERF-DIVERSITY-SPARSE-SIGNATURE-236.csv SHA256 70A338D104DCF70AB8F5D857BDC80AAB5BB7363F83B9CE9DA635C4B85708BA4E: 60 development and 108 sealed holdout pairs across four tiers, fixed/deadline roles, generated low/default/high families and 5000/15000-ms windows. Development gate unchanged from 235. Population oracle byte-identical over 1000 seeds/16000 candidates (SHA256 12B1889394F6654AE69ED73195B7235FD43196E839825026C5C1E2B802695E4F); tests and 5000-seed master oracle pass. Frozen runner/resume/summarizer SHA256: 1E5A6800F7F87372A37C237A89321B7E1238DC6915CC05BDB5D8D8285F0BFF53 / 4AA9705B192173EED5DDAAB47712CD6C870CAE11750AEE9912F386C479DDD65E / 81350D6BDD32933AAEBBF91C2F6BFE28DADCF7DD855DAE5C280DCC21F217E7D8. Development may run local; sealed holdout once on VM.","Development completed 60 pairs: sparse signatures 19/31/10, all tier 3, aggregate +49, gain/loss tails +139/-90, zero safety failure. Low fuel was 2/9/3 and easy was 1/13/2, each violating the preregistered no-negative-stratum gate; role and window strata were nonnegative. Log 58D3FAC48DF1639882568BF55028660C2E1BC032060002C19227BAA2948F2885; summary 63B29F3DF61649B8DA13D04EAAA080A39DEA95765D799F15D6C75AB9FF887B15.",70A338D104DCF70AB8F5D857BDC80AAB5BB7363F83B9CE9DA635C4B85708BA4E,"sealed-unopened; never inspected",not-run,rejected,"Reopen performance only from a fresh target-host counterexample or newly attributed mechanism outside pair caching, sparse footprint signatures, IPO/PGO and compiler-flag tuning, with a fresh unopened manifest; never inspect the sealed 236 holdout or tune from consumed development cases."
PERF-DIVERSITY-DISTANCE-CACHE-235,2026-08-28,"81c28a13b0e199cdbb8aaaf130488640e0e0a472 (canonical production source 18ecdd3)","reverted working-tree candidate; parent historical 7438B2FA9171B2492E9C6DBE38C73584F3C10AD41A1F18F06A53F4932BB37739; candidate historical D7515E214FEBAD287DE4997D87BC500CA5613A9A876AB7A1F21E78DF9FEB75BB","Experiment 234 measured candidate population maintenance at 78.102% of DFS time overall and 73.499-84.645% in every difficulty tier. retain_alns_population repeatedly recomputes the same exact pairwise terminal/fuel/road-footprint/plan distances for surviving candidates.","Within each retain_alns_population call, use the already sorted population index as a collision-free local identity and memoize the existing CandidateDiversityDistance in a reset dense matrix. Keep better_candidate, sorting, diversity slot selection and every distance component unchanged.","No designed functionality removed, disabled, deferred or reduced; nothing deleted; cache resets before selection and cannot survive sort/move/invocation/day; candidate set/order/comparator/distance/deadline/caps unchanged; complete oracle/action-score-state-validator equivalence required; canonical main cap 5000 ms; holdout once on VM; BTC target-host required before promotion.","Frozen manifest research/holdouts/PERF-DIVERSITY-DISTANCE-CACHE-235.csv SHA256 2B5EB995C029D0960D36DDDE13765E1E40D951A30828CEEAD88C71FC2D5617E1: 60 development and 108 sealed holdout pairs across four tiers, fixed/deadline roles, generated low/default/high families and 5000/15000-ms windows. Population oracle was byte-exact over 1000 seeds/16000 candidates (SHA256 12B1889394F6654AE69ED73195B7235FD43196E839825026C5C1E2B802695E4F); tests and 5000-seed master oracle passed. Development gate required zero safety failure, no aggregate tier1/2 regression, wins > losses, positive tier3 aggregate if tier1/2 tied, and no negative difficulty/fuel/role/window W/L stratum.","Development completed 60 pairs: cache 24/19/17, all tier 3, aggregate +106, gain/loss tails +311/-205, zero safety failure. Fixed role was 8/10/12, violating the preregistered no-negative-stratum gate; deadline role was 16/9/5. Log 8B4E752E880FF9CF691718AD9AC3E6B5AA809AECEE85D8A5AE83D709B6F23A99; summary A3FC204DE941D803A5EEC86896183AF9840304464D9D6BA6353BD3BC9FD79C2F.",2B5EB995C029D0960D36DDDE13765E1E40D951A30828CEEAD88C71FC2D5617E1,"sealed-unopened; never inspected",not-run,rejected,"Reopen population maintenance only from a different exact data-structure mechanism and a fresh unopened manifest; never tune from 235 development or inspect the sealed holdout."
ATTR-MASTER-LEAF-COST-234,2026-08-28,"81c28a13b0e199cdbb8aaaf130488640e0e0a472 (canonical production source 18ecdd3)",reverted-research-only-instrumentation,"BTC m-4476 attributes 6542553 us over seven days to aggregate DFS but did not expose its leaf costs.","Measure every existing DFS leaf phase without changing selection, then revert all telemetry and use only the completed attribution to register a separate optimization.","No designed functionality removed, disabled, deferred or reduced; nothing deleted; no candidate or policy change; no holdout or promotion authority.","Frozen 16-case attribution manifest SHA256 240E75931C297A5A22AFC40B1201BCDE115A1A40CC7FF75568B93BB2C0F13A9B across four tiers, role modes and 5000/15000-ms windows. Initial shell failed before evidence; corrected runner completed 15 atomic cases, then exact resume completed only registered seed 9423101.","16/16 cases, 120 days, zero invalid/emergency and stderr empty. DFS total 157851198 us; measured phases 98.893%. Population maintenance 123285073 us (78.102%), simulator 6.929%, validator 6.883%, canonicalization 2.718%; population remained 73.499-84.645% across all four tiers. Log 2B6DF317177D090EC38F0A43DE7E512C824D08187B6D0D736FB3122402E61EBE; summary CB793B9558AA2D39E5E3C9974A7E7C7F1E3BA0B28CDBD4370780BB12B4A7E600.",240E75931C297A5A22AFC40B1201BCDE115A1A40CC7FF75568B93BB2C0F13A9B,not-applicable,not-run,accepted-attribution,"Closed completely; reopen attribution only if a later profiler exposes a different unresolved aggregate hotspot."
PERF-WHOLE-PROGRAM-IPO-233,2026-08-28,"81c28a13b0e199cdbb8aaaf130488640e0e0a472 (canonical production source 18ecdd3)","build-only IPO candidate historical binary 4813D9695C4EE3C002464DEF5920F663B5E7E1F89EB808C763830231EB33560F; parent historical binary A255EAC43555AFA7D64A42BD4A232C9B75DCEC8FE7116E27D3B9A2869F47BF75","Release uses MSVC /O2 /Ob2 without whole-program IPO; determine whether portable IPO yields general extra completed work without changing source semantics.","Build identical source with and without IPO; require exact operation-equivalence off deadline, then paired score evidence because wall-clock cutoff can change completed search.","No designed functionality removed, disabled, deferred or reduced; nothing deleted; official lexicographic score; exact simulator and independent validator; canonical 5000-ms checkpoint and public-window certificate unchanged; no fixture routing; sealed holdout once.","Frozen manifest research/holdouts/PERF-WHOLE-PROGRAM-IPO-233.csv SHA256 13B63A618EF483F6A448EE644BA55289090DEB76709DCAB57340BA9AFF0288B7: 60 development and 108 sealed holdout pairs across four tiers, role modes, low/default/high fuel and 5000/15000-ms windows.","Development completed 60 pairs: IPO 16/39/5, all tier 3, aggregate +133, gain/loss tails +178/-45, zero safety failure; complete 5000-seed oracle was exact. Development log D3BB83B4AE624C1D79F9E27C8F8877747D933C817BC11F13D8688070456F9214; summary 905A743569D18CA6396929EE8A617AEF50DCC0E82E47488C401CF989A55F1FF7.",13B63A618EF483F6A448EE644BA55289090DEB76709DCAB57340BA9AFF0288B7,"Holdout completed 108 pairs: IPO 20/62/26, all tier 3, aggregate -71, gain/loss tails +280/-351, zero safety failure. The run was later found host-load confounded: parent-first half was +1 while IPO-first half was -72, with only about 1.1 GiB RAM available during a contemporaneous check. This cannot promote IPO or unconsume/reopen the holdout; it limits causal interpretation of the compiler axis. Log E085909A9507970C4947E0E79DBD124C14F954C194D8FE50C4047C5631F94B54; summary ECBFF178CCCCCE32FA063791B02A62185BC9DDFBC8BF2A018491E5CFD86A02B9.",not-run,rejected,"Do not retry IPO, PGO or compiler-flag tuning on consumed 233 evidence. Reopen performance only from a different profiler-identified source mechanism, fresh manifest and VM holdout."
SCORE-PROOF-PROTECTED-CONTINUATION-232-v2,2026-08-27,1f30e69,rejected-working-tree,"The 232 invariant-derived proof consumer remained untested because v1 source audit found stale final-day transition/componentwise checks in the historical closed-loop harness before any partial score was inspected.","Keep the 232 proof consumer unchanged; correct every historical public-continuation final-day gate to the production rule: dual-engine exact validity plus official lexicographic non-regression/strict gain, with transition and componentwise ledger dominance retained on every nonterminal day.","No designed functionality removed or reduced; canonical main/role/5000ms checkpoint unchanged; proof generation identical on both sides; exact simulator and independent validator; final-day certificate matches production; fresh seeds; no v1 score inspected or reused; sealed holdout once only.","Fresh replacement manifest completed 24 paired 5000ms controls plus 60 paired 15000ms development cases across four tiers, low/default/high fuel, fixed/native roles and six families. Manifest 6EF6FFA72F5CADA334D5A0C22C845DED03C1522FC743AFCD416F44B404C40513; source B4985EE90EF5D0B6CE2F6919C7D60DACB29EF871E0452D3BEC5D2A461D68F1CF; Linux binary 705B524677D2A639AE7FD7776F00607410BF307AE345DA1961AD93B5A3B23701; runner 28354D9FBE2CFD82B95E2C5A9A70E87828F25478FCF26640B8DD41523165D46B; summarizer C535F66D605D410AD4ED72DB2D6708B948F2AF0F8B07961CBE00F90B4212EA2F.","Control 2/22/0 net +6 servings with zero activation, violating exact equivalence. Public15 development 4/50/6 net -23; enabled side had 51 eligible and 15 exact-valid witnesses but zero acceptances, so every score difference was noncausal cutoff variance. Zero safety failures. Logs: control off 3B132CB3C711C6D673A4297F64C03224F28288FD88641800F1D2CAD2AA2F704A, control on 8F2D8887F09B6045FBB46A475BDE7FDB73673C287E7FBDE8FECE812D6DEBB652, development off 156AA37DFA6DF4857C35145086B8694A67AFAA828F5986E0E36A32B7671556B4, development on 2F9B2A1FA84132E327AD25CE3E3AA0D38FD166D794380C7700F8ED90605E8CD4.",6EF6FFA72F5CADA334D5A0C22C845DED03C1522FC743AFCD416F44B404C40513,sealed-unopened,not-run,rejected,"Reopen only from a new current-authoritative certificate domain or proof construction that can produce a protected acceptance on fresh unopened seeds; never retry or tune the retained frozen-scenario argmax consumer from consumed 232 development evidence."
SCORE-PROOF-PROTECTED-CONTINUATION-232,2026-08-27,1f30e69,invalid-preaudit-working-tree,"Strong proof is completed, serialized and restored but has no sound decision consumer. Direct W0 injection in 230 produced only causal losses, while 231 ACK rebasing lost proof coverage and had high-fuel downside. The still-unexplored safe boundary is using the already-computed argmax only after the complete protected public-window prefix and only under the same transition-dominance certificate as accepted 219/210.","Retain the complete proof argmax path on both causal sides. Do not feed it to W0 or any canonical search. After the existing public continuation reaches fixed point, exact-simulate and independently validate current-day proof witnesses. Accept a nonterminal witness only with equal road footprint, identical terminal cells, patrol fuel >=, brand monotonicity and strict official day gain; terminal day requires exact validity and strict official lexicographic gain. Fail closed to the frozen incumbent.","No designed function removed or reduced; canonical main/role/complete checkpoint hard cap 5000ms and byte path unchanged; existing public continuation is a protected prefix and never loses time to this suffix; proof generation/search space identical between causal sides; exact simulator plus independent validator; no W0 seed or candidate-pool perturbation; no fixture routing; authoritative public window only; holdout once only.","V1 stopped after 15 control-off cases. No partial score was inspected. Audit found two later closed-loop checks and the older non-propagating probe still imposed terminal transition/componentwise dominance on the final day, contradicting the authoritative terminal certificate.","Invalid operational evidence; never score, resume or mix with v2.",42CC8EEEF031C27C85BA7168C2187AEA7A60AED3E60061213743D0497763F670,sealed-unopened,not-run,invalid-preaudit,"Superseded only by corrected revision v2 on fresh seeds. V1 root and partial logs are permanently non-evidence."
SCORE-ACTUAL-ACK-TRANSITION-ANCHOR-231-v2,2026-08-27,"231-v1 invalid working tree over e8bf766 plus accepted 227/228","rejected-working-tree-revision-v2","231-v1 mixed a certified virtual state/ledger with an authoritative applied state/ledger, compared raw DayScore across those domains, retained pending virtual state in MatchSession background work and incorrectly required transition equality on the final day.","Pass certified and applied domains separately. Exact-evaluate and dual-validate in the applied domain; require nonterminal transition plus post-day ledger dominance or final-day official lexicographic non-regression; retain the applied state/ledger and exact anchor for background work while preserving the certified response ledger; downgrade suffix certificates when the anchored transition or ledger differs.","No designed capability removed; response certificate remains the frozen checkpoint; exact simulator and independent validator; nonterminal protected transition and ledger dominance; terminal official non-regression; flag-off parent-equivalent; 5000ms main/checkpoint unchanged; no fixture routing; holdout remains sealed.","Fresh VM development completed 60+60 under one frozen v2 binary. Manifest F7E6DB5791C2FBEB7D9F60B29525004712CB77F9C6E64D5CB8A42D975A644B04; runner 5F982006F410D3AE888C74633BB5A7F0BDBD7D4ACB59B1E44120E8453E79894F; summarizer 92DAD659DB1818C260B4E942CD128F85AC78AECCCA726D12702DD90CD57CEDC7; source 8C207E1CE5CE30A5B63B8E6B18F1B2FBD69BA5D8F7EDC9B80A1EE04981510CA6; Linux binary 4E1865493CE996CC5C52797F585680D4984C17F2C211E05061AB542A98464815; launcher 98A0B32E175B3E2FEB63F22FCB7A0E374588B9CAA2CD5B9DD0D67A81439A3F0C.","Candidate vs parent 7/47/6, all 13 differences tier3, aggregate 0/0/+1. Safety counters were zero and 56/60 cases rebased, but high fuel was 2/11/3 net -13 with a -15 tail; proof coverage fell by one completed proof and one strong-proof record. Only 12/13 score differences activated the mechanism. Logs off SHA256 6B1A833698CA929215600F3D36358C314FEEB0FF7DCF60FCEE23AB39AADA6826 and on SHA256 8DE0CDE21721C47192943CE77338A03D9C790A4C1EAC09AF6707A1A95E90A557.",F7E6DB5791C2FBEB7D9F60B29525004712CB77F9C6E64D5CB8A42D975A644B04,sealed-unopened,not-run,rejected,"Reopen only from a new invariant-derived consumer with fresh unopened seeds that preserves proof coverage and prevents systematic fuel-regime downside; do not reactivate the rejected ACK anchor directly or reopen 230 automatically."
SCORE-ACTUAL-ACK-TRANSITION-ANCHOR-231,2026-08-27,"e8bf766 plus accepted 227/228 production-source diff SHA256 c7c173d456d905dfe7c09564a7eeb3aba50f88cc",invalid-working-tree-v1,"HTTP may send an exact-validated protected refinement/public continuation but acknowledge_submitted records the original pendingDecision, so background precompute/proof starts from the poorer checkpoint score/fuel rather than the richer transition actually accepted. This is not the direct cause of 230 witness invalidation because the protected transition preserves footprint/terminal cells and cannot reduce fuel; it is an opportunity-cost gap.","V1 attempted a separate exact acknowledged-transition anchor but compared raw DayScore and transition equality across mismatched virtual and authoritative domains.","No designed function removed; holdout stayed sealed; v1 result prefix has no score authority.","Frozen v1 60+60 development. Manifest F7E6DB5791C2FBEB7D9F60B29525004712CB77F9C6E64D5CB8A42D975A644B04; source CC5237AC45F11748E7691A173215A842B0F9B8D39B6E5FCAB0123438026A3E15; Linux binary 27C72E463DFBA48E12212C4964805182A59D73AE5B8AD875415790423B41D4D5.","Off completed60/60; on stopped9/60 at seed5341001 with acknowledged transition does not dominate the certified checkpoint. Logs off DD05F483504063AE0464A173AC9EA15F552C85247DE5C161CF42B58A69540866 and partial-on FE8637D86727571873B4E21791B9EAFB5A07145E397FA37545A1327AC87356B4.",F7E6DB5791C2FBEB7D9F60B29525004712CB77F9C6E64D5CB8A42D975A644B04,sealed-unopened,not-run,invalid-operational,"Superseded only by registered revision v2 using explicit certified and applied domains; never resume or mix v1 logs."
SCORE-POSTACK-PROOF-WITNESS-230,2026-08-26,"e8bf766 plus accepted 227/228 working source diff SHA256 97B9D096B1BFFA10432EB4EE476C651531D0BA389FE441DFDE2658C7D34720CD",rejected-working-tree,"prove_remaining_horizon fully enumerates a persistent frozen-scenario route portfolio and persists bestScore/upperBound but discards the exact argmax path, leaving completed designed proof work without a next-day decision effect. Rejected 229 showed undirected broad cache volume alone is not causal.","Under a default-off flag carry the exact plan path through the existing proof DFS. Only when a proof is complete and feasible, deduplicate its first plan into the existing next-day contingency cache under the proof scenario. Retain a complete certified suffix only on no-road maps; traffic maps retain only the first plan. W0 exact-revalidates it on the next authoritative state and the normal comparator decides adoption.","No designed function removed; no main solve role checkpoint deadline comparator simulator validator or submission change; proof starts and search space unchanged; incomplete proof cannot emit a proof witness; proof score and upper bound remain frozen-portfolio scoped and never prune global actions; every adopted first plan exact-validates on authoritative state; no fixture routing; canonical main/checkpoint hard cap 5000 ms.","Frozen 60-pair VM development across four map tiers, low/default/high fuel and fixed/native roles; sealed 108-case holdout remained unopened.","Frozen VM development completed 60+60 with unchanged hashes and empty stderr. Candidate vs parent 5/45/10, all differences tier3, aggregate 0/0/-17; zero safety failures; equal aggregate proof coverage at 49 completed and 465 records. Candidate produced 47 proof witnesses in 20 cases, 21 were reused and 26 rejected. Fourteen cases reused a witness. The only two score differences with witness production/reuse were both losses: -2 servings on seed 5321000 and -22 on seed 5323023; no causal gain. Logs off SHA256 3C6A66B0E8C1B155F2FCA87A1DFBCC612D204D123C2B4F8933F169978F3F1C17 and on SHA256 1B9A2416DF9BF436FDAB0FB782DBDA630C72251E6A0F34B719E3C11FD10FBE2A.",741944ED1C48FFF5BEBB3E3EF7D33BA82E77959136CC25D5592F97639544D8B3,unopened,not-run,rejected,"Reopen only with a new sound certificate consumer and fresh unopened seeds. Direct canonical W0 injection is closed; first attribute authoritative-state/ACK anchor drift and preserve strong proof as designed capability."
SCORE-POSTACK-CONTINGENCY-DIVERSIFICATION-229,2026-08-26,"e8bf766 plus frozen 227/228 working source diff d56b9d3c4cd8894137a328ee42765902792cc2b6",rejected-working-tree,"ATTR-228 restored response-artifact survival but its sole 8/37/117 tail had no valid full-daily cached plan; repeated narrow slice work could prevent broader next-day candidates from being generated.","Preserve the parent narrow phase, retain scenario progress across slices, and use only residual plus one parent-equivalent confirmation slice for a nested production-width diversified portfolio before mandatory strong-proof search.","No parent cache removal; proof starts no later than parent; no main-solve, checkpoint, comparator, simulator, validator, deadline or submission change; exact next-day revalidation; no fixture routing; zero safety failures.","Frozen 60-pair development across four map tiers, low/default/high fuel and fixed/native roles; canonical solve 3375 ms plus at most 1600 ms post-ACK in 100 ms slices. Frozen manifest SHA256 9D28F7FE1088AC6D46CB11C075D26663A7387C4497E408A6E816946C7C65CE33 and summarizer SHA256 35C79E33D26527252BAFDE54EB047022BBADC799B3092CFE2FD59BB4B04ABA59.","Corrected VM development completed 60+60 with empty stderr and unchanged hashes. Candidate versus parent 5/49/6, all differences tier3, aggregate 0/0/-68; low fuel 1/20/4 net -73, native 2/16/3 net -64; zero invalid/emergency/checkpoint/midday/terminal failures; proof coverage exactly equal at 38 completed and 458 records. Candidate generated 3021 diversified contingencies in 22 activated cases, but every activated pair tied and all 11 score differences occurred without activation, so no score effect was causal. Logs off SHA256 B7369E35B51CCC722DAA896D7337B3F26A7F62F9680845D30396A997461A22CB and on SHA256 0D2DC5A58045F77040C9D41D072518805A8300BF21C2BA193B182B58E55B26E5.",9D28F7FE1088AC6D46CB11C075D26663A7387C4497E408A6E816946C7C65CE33,unopened,not-run,rejected,"Reopen only with a new invariant-derived consumer or generator that demonstrates next-day adoption causally on fresh development seeds while preserving proof coverage; do not reuse the unopened 229 split automatically."
ATTR-CONTINGENCY-HARNESS-PARITY-228,2026-08-26,working-tree-227-frozen-F99E9FD08DA43E370964203D98C343A71EECE0EE,working-tree-replay-counterfactual-cache-parity,"Audit of accepted attribution226 found that replay-counterfactual calls record_submitted then precompute_next_day_contingencies and immediately calls record_applied_transition. record_applied_transition clears cachedContingencies and strongProofs, so every generated post-ACK contingency is deleted before the next replay day. The recorded 33% to 12% tail reduction therefore cannot be attributed to the live contingency net, and the registered 222 reopen condition remains unresolved.","Fix only replay-counterfactual post-ACK lifecycle order: an accepted decision uses record_submitted as the authoritative transition recorder, then precomputes response artifacts which remain active for the next replay day exactly like HTTP acknowledge_submitted. Remove the redundant record_applied_transition call only from postAckMs>0 counterfactual mode. Preserve postAckMs=0 byte behavior. Print existing cached_contingency previews before the next solve as the structural parity witness.","No HTTP sandbox engine planner comparator simulator validator deadline or production path change; record_submitted already owns belief footprint expectedNextAgents and acknowledged response artifacts for an accepted submission; record_applied_transition remains active for external/fallback transitions and is removed only from the duplicate accepted-counterfactual call; exact replay fixture and fixed role mask; local elapsed is not performance authority; consumed replay is attribution only and cannot promote a score candidate.","Frozen manifest ATTR-CONTINGENCY-HARNESS-PARITY-228.csv SHA256 A914D1C9674EA839667EBAAE4826E255C43393D1C41AB0B963726959FAE3C425. On one quiet VM run round-robin no-ACK control 12 reps buggy226 12 reps and cache-faithful candidate 24 reps on frozen m-4195 SHA256 3204E239... mask4 response5000 postAck2000. Structural gate: buggy lane emits zero next-day cached previews; candidate emits valid previews whenever prior post-ACK added a contingency. Causal classification on clustered day3 states: valid full-daily cache adopted/no drop closes 222; valid cache present but drop opens adoption gap; no cache plus drop opens retry/generation gap.","Complete 48/48 on quiet VM with empty stderr and frozen hashes intact. Control 12/12 and buggy226 12/12 both scored 8/40/130 and emitted zero previews. Cache-faithful emitted 596 previews and scored 8/40/130 in 23/24 plus one 8/37/117 tail. The tail had eight day4 previews but six invalid and valid plans only 1/3 and 7/11; no valid full-daily cache. Raw archive SHA256 069DCE99186433C2C05A999311F3840CBDF9081CD9C60EF9539FDC1D2DB512B6.",not-applicable,not-applicable,not-run,accepted-harness-correctness-generation-gap,"Closed: lifecycle parity restored and 226 superseded. Register a fresh-seed SCORE successor for post-ACK-only generation/diversification; preserve the canonical solve and exact next-day validation. Never reuse m-4195 for promotion or tuning."
PERF-ROLE-DIAGNOSTIC-ISOLATION-227,2026-08-26,e8bf766,working-tree-diagnostic-result-isolation,"ATTR-224 added rolloutDailyTrace directly to RoleAssignment and writes it inside every timed rollout. No decision reads the field, but the larger copied object plus per-day vector clear/push are on HTTP/sandbox role-selection paths. Because role selection is deadline-bounded and known bistable near cutoff, dead-to-comparator instrumentation is still score-affecting and prevents a clean direct-parent claim for accepted 225.","Restore RoleAssignment to the baebad8 layout. Preserve the complete 224 diagnostic through a separate RoleSelectionDiagnostics result and compile-time-specialized select/rollout implementation: production select_roles_until instantiates trace capture false, while replay-roles and historical harness --role-details instantiate trace capture true and receive traces aligned to the final ranked assignments. No runtime flag or branch enters the production hot loop.","No designed functionality removed, disabled, deferred or reduced: every intended diagnostic caller still obtains the same per-day values from the same rollout; HTTP/sandbox/main callers retain the original RoleAssignment responsibility and have no trace allocation/write; 225 fallback logic unchanged; official comparator/simulator/validator/deadlines unchanged; direct-parent layout restored; exact replay gates required; local elapsed has no authority; BTC target-host required before final promotion.","Frozen development: 32 fresh cases across short low-fuel/live-like and medium/general controls, including canonical 5000ms role windows. Frozen replacement holdout PERF-ROLE-DIAGNOSTIC-ISOLATION-227-v2.csv runs 40 fresh cases per side sequentially on one quiet Spot VM after the original local candidate-only holdout was consumed without score inspection.","Development candidate vs e8bf766 9/18/5 net +40; candidate vs clean 225 parent baebad8 11/12/9 net +85; zero tier loss; exact replay and diagnostic trace gates passed.",D526D86C5A9D9762B1FE873A2421BD5A51146EDC627F3B30E775128ABDDF1A8B,"Authoritative VM holdout complete 120/120 with empty stderr and zero invalid/emergency. Candidate vs e8bf766 1/36/3 net -4, all first differences tier3 (+1,-1,-1,-3), zero tier1/tier2 loss. Candidate vs baebad8 6/33/1 net +229: five tier2 wins totaling +22 daily, one tier3 +2, one tier3 -1. Evidence archive SHA256 E1007CF6055D27D3C6B8338A7CA94433F6658EBA54793EF198F24C0809ED6FF9.","Stable-network advanced m-4290 on the current integrated Windows binary used 24x24, seven days, 100 steps, four agents, 18 spots, six brands and low fuel. It selected PTPP (3 Patrol + 1 Tanker), completed 7/7 exact-valid ACKed days with zero retry/deadline skip/recovery wait, max end-to-end response 3340ms, mean 2995.6ms and max decision solve 2683ms. Exact replay 6/42/159 with six reconciled transitions; replay SHA256 47BC89693F014D8FD2ABF83F5E4599C3619DB9A4FBC3426B22374AD76A61C9D6. Rank 1 is operational context only.",accepted,"Reopen or revert on lost diagnostic capability, semantic mismatch, reproducible tier1/tier2 regression, systematic tier3 downside, or BTC target-host lifecycle/composition/latency failure."
ATTR-CONTINGENCY-FAITHFUL-TAIL-226,2026-08-26,e5d476c,replay-counterfactual --post-ack-ms instrument,"222 reopen condition (b): the m-4195 PPTP 117-tail (4/12 offline runs lose 3 tier-2 daily via day-3 terminal clustering) was measured with an instrument that lacks the live post-ACK safety net - run_replay_counterfactual never calls precompute_next_day_contingencies or record_applied_transition while the live loop arms 2-5 cached contingencies per day and showed zero occurrences (m-4208/m-4209 full daily every day). Unknown: does the contingency net actually absorb the clustered-start day-4 search failures or was live just lucky in two matches?","Instrument-only change to btc_main replay-counterfactual: new --post-ack-ms N flag (default 0 = byte-identical current behavior); when N>0 after each day the loop calls engine.record_applied_transition and engine.precompute_next_day_contingencies with an N-ms deadline mirroring the live post-ACK path. Measurement pre-declared: 12 runs m-4195 mask4 --post-ack-ms 2000 vs the closed 222 baseline {117 x4 130 x8}. Decision rule: tail eliminated (12/12 full tier-2 daily) -> close 222 axis fully with live-faithful evidence; tail persists materially -> reopen 222 as SCORE per its registered condition.","No engine or production-path change (btc_main replay-counterfactual mode only; engine methods already public); default 0 byte-identical; binary gates: udonshield_tests pass and replay-check m-4043/44/45 exact; 12-run count pre-declared; baseline frozen in 222 evidence",research/evidence/ATTR-CONTINGENCY-FAITHFUL-TAIL-226-runs.log,"The recorded distribution was factual but not causal evidence for the live cache: 228 proved that the generated artifacts were immediately cleared before the next replay day. The apparent 33 percent to 12 percent reduction was unpaired sampling variance. Original log hashes remain consumed evidence.",-,-,"Not proven; 228 supersedes the live-protection claim.",superseded-invalid-attribution,"Closed by 228. Reopen only through a fresh-seed post-ACK generation/diversification SCORE experiment; never reuse m-4195 for promotion or tuning."
SCORE-ROLE-LOWFUEL-FLOOR-225,2026-08-26,baebad8,extend shortHorizonRoleFallback to low-fuel all-patrol fronts,"Accepted attribution224: on short low-fuel fixtures production coin-flips into an all-patrol composition that is structurally immobile after ~day1 (match fuel <= one day of steps) losing tier-2 daily (7300017 26/30 -46 servings vs floor; 8340005 27/40; 8400006 26/30; 7300008 28/30) while every healthy all-patrol case sits strictly above the existing fuelLimit > maximumDaySteps boundary. The truncated rollout cannot see this in aggregate or per-day form (224) so only the structural boundary separates the classes - 10/10 on all observed cases.","Single-variable extension of the accepted 221 mechanism inside apply_incomplete_long_horizon_role_fallback behind the SAME shortHorizonRoleFallback flag: for day_count()<=5 with incomplete comparison the early guard keeps all-patrol and single-tanker fronts UNLESS the front is all-patrol AND config.fuelLimit <= maximumDaySteps (the existing role_comparison_beam_width boundary; maximumDaySteps = max element of daySteps) in which case the single-tanker floor applies exactly as for tanker-heavy fronts. Single-tanker fronts always kept; >5-day path byte-identical; no new numeric constant.","Flag-off byte-inertness (existing tests); >5-day byte-identical; frozen-replay gates: ALL archived replays must select identically to the accepted v3 behavior (no archived live replay is short+low-fuel: m-4149 60>30 m-4195/96 180>60 m-3810 40>20-complete m-4209 300>100); activation only measurable on synthetic low-fuel fixtures where the collapse is realized-score-based not instrument noise. Kill conditions: (a) any frozen-replay gate selection change -> reject; (b) any flag-attributable tier-1/tier-2 loss on dev per interleaved off/on standard -> reject; (c) the four known collapse fixtures must realize full tier-2 daily under flag-on at dev budget 1200ms or attribution required; (d) fresh sealed holdout with zero flag-attributable regression.","dev split as registered: fresh seeds easy 7400001+24 brand8 7440001+16 medium control 7400001+6 plus the four consumed collapse fixtures as verification gates","Dev complete: stratified-easy 6/16/1 net+132 with ALL four tier-2 differences WINS (+2..+7 daily +39..+43 servings on low-fuel seeds all via all-patrol->single-tanker floor); brand8 0/13/2 net-4 single-tanker-jitter only; medium control class-invariant; collapse gates flag-on realize full tier-2 daily on all four fixtures (7300017 6/30/128; 8340005 8/40/115; 8400006 6/30/98 mask-same; 7300008 6/30/126); the single easy loss is same-mask (structurally not flag-attributable). Frozen-replay gates: replay-check exact m-4043/44/45 and beam[0] identical to accepted v3 on all eight replays.",967509C68A76DE68FF4EA31BCFDA25FE4FF807E0873CE0F74BA8B7E697E80603,"Sealed holdout opened once: easy 4/10/1 net+131 with all four tier-2 differences WINS on fresh low-fuel seeds (+2..+8 daily); brand8 2/5/0 net+35 (the one mask change is a +23 WIN the floor cannot cause); general 0/7/0 exact ties; zero flag-attributable tier or servings regression","debt: fresh short practice matches; if a short low-fuel config (fuel <= daySteps) is creatable expect >=1 tanker in the assignment frame",accepted-production,"Revert only on a reproducible flag-attributable regression (interleaved standard) or a live short low-fuel composition failure. The fuel middle ground (fuelLimit in (1x 2x] daySteps) deliberately keeps parent behavior - extend only with a new structural argument plus fresh evidence; never tune the boundary."
ATTR-ROLE-COLLAPSE-DISCRIMINATOR-224,2026-08-26,baebad8,diagnostic-only rolloutDailyTrace + --role-details,"221 registered a real production hazard it deliberately did not touch: on low-fuel short fixtures the raw role sort coin-flips into an all-patrol tier-2 collapse under BOTH flag values (7300017 all-patrol 6/26/83 vs single-tanker 6/30/129; 8340005 8/27/69 vs 8/40/114; 8400006 6/26/67 vs 6/30/113 - collapse landed in 2/3 interleaved flag0 runs on 8340005). No runtime discriminator is known: in every observed collapse the all-patrol row TOPPED the lex sort so its aggregate rollout daily was >= the single-tanker rows - the final-score aggregate is blind. Unknown: does the truncated rollout carry a reliable COMPARATIVE per-day signal (late-day daily decline from multi-day fuel exhaustion) that the aggregate discards?","(a) Diagnostic-only instrumentation: RoleAssignment gains rolloutDailyTrace (per-day dailyDistinct recorded inside rollout_role_assignment); harness --role-details and replay-roles print the full comparison beam with traces; no decision path reads the new field. (b) Measure beams x8 repeats per fixture on the three collapse fixtures and on healthy all-patrol fixtures (7300012 7340002 7340003 plus replay-roles m-4149/m-4155/m-4209) comparing the all-patrol trace against the best single-tanker trace day by day. (c) Pre-registered decision rule: a usable threshold-free signal exists iff in collapse fixtures the all-patrol trace has some day strictly below the single-tanker same-day value while healthy fixtures show no such day (comparative dominance only - no numeric thresholds); signal -> register SCORE-225 with per-day trace dominance; no signal -> close rejected-no-discriminator and the residual risk stays documented.","Instrumentation is additive and dead to decisions: new field written only inside rollout_role_assignment and printed by diagnostics; byte-inertness gates before measurement - full udonshield_tests pass and replay-check m-4043/44/45 exact (6/42/127 6/60/364 6/60/144) on the instrumented binary; no production enable; no thresholds; fixtures are the already-consumed 221 dev/holdout seeds used ONLY to characterize the signal shape - any SCORE successor must run on fresh seeds",research/evidence/ATTR-ROLE-COLLAPSE-DISCRIMINATOR-224-notes.md,"Complete (beams log SHA256 60F02FA4536B3ED6557065765DBD5A60D2E28C55AE50DCD23739D216A349E522): per-day rollout traces carry NO discriminator per the pre-registered rule - collapse fixtures show +-1 dips on BOTH the all-patrol and single-tanker rows (7300017 ST trace worse than AP; 8400006 AP trace often perfect while realized loses -4; 8340005 realized -13 appears as a single -2 day) so the truncated rollout is blind to multi-day fuel exhaustion in per-day form too. Instrument shift found the STRUCTURAL separator instead: every observed collapse has fuelLimit <= maximumDaySteps (7300017 100<=100; 8340005 60<=60; 8400006 100<=100; 7300008 100<=100) and every healthy all-patrol case has fuelLimit > maximumDaySteps (7300012 200>100; 7340002/3 180>60; m-4195/96 180>60; m-4149 60>30; m-4209 300>100) - 10/10 correct - and the boundary fuelLimit > maximumDaySteps already exists in the codebase (decision.cpp role_comparison_beam_width from 08771f1) so no new numeric constant is introduced",-,-,-,accepted-attribution,"Trace-based SCORE is dead - do not revisit rollout traces for this class. Successor SCORE-ROLE-LOWFUEL-FLOOR-225 registered: extend the v3 short-horizon floor to all-patrol fronts when fuelLimit <= maximumDaySteps (existing boundary constant reused; middle ground fuel in (1x 2x] daySteps keeps parent behavior). Reopen this attribution only if 225 gates surface a low-fuel all-patrol case the structural boundary misclassifies."
ATTR-SHARED-WINDOW-RESIDUAL-223,2026-08-26,baebad8,read-only,"The 217 reopen invites a shared-retention successor gated solely by the authoritative public window but 219 (accepted after 216 measured its 11/45 net+17 protected residual on PRE-219 replays) now grants the 215 target lane real continuation time whenever the public window exceeds 5000ms - the 216 scheduling gap may already be closed there. Unknown: the residual protected one-agent sparse-exchange gap on the CURRENT champion binary and its distribution across window classes (m-4209 continuation-active ~6.7s/day vs m-4208 solver-early ~2.7s/day vs long post-219 lives m-4153/m-4154).","Read-only: run the unchanged 216 instrument (claim_probe --recorded-sparse-exchange same binary same 1250000-state/64-retained caps) on every nonterminal day of the four post-219 live replays m-4208 m-4209 m-4153 m-4154; report unconstrained best and protected transition-dominating best per day; compare rates against the 216 baseline (11/45 net+17 pre-219). Decision rule pre-registered: residual ~0 everywhere -> close no-successor (216 gap closed by 219 continuation; 217 rejection stands for the 5000ms class); residual concentrated where continuation is active -> the shared-retention successor is NOT the right mechanism (time is not the binding constraint) and a generation attribution follows; residual only in solver-early matches -> generation-blocked follow-up not scheduling.","No source or binary change; probe binary SHA256 9DE6E41B98A65049B8C5161BB566C2404DC066FE472F7963627A19008815A541 (unchanged 216-era instrument); replays frozen: m-4208 28D465C57EF4941ED7F44FE746CEADD4D5524D243CEE9527C12846D6768543E6 m-4209 DDAAFE46EA0C3877F283C3C986296ECB0A3C1916D3C9F5F044A1516945E36E69 m-4153 C85C40FC4E8BBE6A8AB2FA257AF2F661A2ABB01E53FC08847D9953BF69F54B56 m-4154 3CAB1BDF7F60ABC51F7347DE7144E6A7CED047D325FC51BE0EDF538A83E7F7C6; no successor tuning on these consumed replays",research/evidence/ATTR-SHARED-WINDOW-RESIDUAL-223-manifest-sha256.txt,"Complete: 23 nonterminal days across m-4208/m-4209/m-4153/m-4154 with the unchanged 216 instrument. PROTECTED transition-dominating residual is ZERO on every day (216 baseline was 11/45 net+17 including 9/9 on m-4108) - the 216 scheduling gap is closed on the current champion by the accepted 215+219 stack. Global (future-domain-crossing) residual persists at 19/23 days net+56 all tier-3 (+2..+6/day) including 4/4 days on continuation-active m-4209 - time is not the binding constraint for it; it is certificate-blocked. Probe log SHA256 9EF7DC31C5F487DCAF662D9A7708D449AB169E676F36FEC5E4708148F08558FB",-,-,"post-219 live replays only; no BTC action required",accepted-attribution,"The 217-invited shared-retention successor is MOOT (its prize measures zero); do not register it. The remaining global residual may only be pursued with a sound future-domain-crossing certificate (whole-remaining-horizon exact revalidation from the exchanged state or equivalent) - never by relaxing the protected certificate. Reopen this measurement only after a mechanism changes protected-lane scheduling or a new live counterexample shows a starved protected suffix."
ATTR-TERMINAL-SUFFIX-POISON-222,2026-08-26,f596bb9,read-only,"221 addendum localized a pre-existing day-solve hazard that survives the composition fix: on m-4195 with the production-picked PPTP composition 4 of 9 counterfactual runs end day3 with ALL FOUR agents parked on cell 2 at full fuel (day3 itself unharmed at 8/26) and day4 from that start reaches only 5 brands (daily=5/13 -3 tier-2 final 117 vs 130 rank4 vs rank1). The decision profile is blind - it reports q50 8/40/130 immediately after the poisoned day. Non-poisoned runs prove an equal-day-score day3 plan with spread terminals exists (5/9 runs score the same 8/26 with spread terminals and deliver 130). The hazard class matches the accepted 209 position-then-sweep and 216 scheduling findings and the fuel-tight all-patrol collapse family (7300017/8340005/8400006) registered under 221.","Read-only attribution on the frozen manifest with the unchanged production binary: (a) instrument audit - read the profile/viability code path to establish exactly why next-day brand reachability from realized terminal positions is not part of plan selection or certification; (b) occurrence measurement - pre-declared 12 counterfactual runs per case on m-4195 PPTP plus signature scan (full daily day t then daily below brand count day t+1 with terminal clustering) across the frozen replays and both new debt replays; (c) repair witness - compare poisoned vs non-poisoned runs same-day plans to establish the equal-day-score spread-terminal alternative exists in-pool or is generation-blocked; (d) output the certificate shape for a SCORE successor (equal-or-better exact day score AND next-day reachability-bound dominance over the incumbent terminal set) with its soundness argument. No source change; no tuning; all runs logged.","Read-only; binary SHA256 4EB926039A50D28F2202BFBE840866D770FD1928119183441C0034377BAA2FE4 unchanged; replays frozen by SHA256 (m-4195 3204E239020EB17FDC0995A4ED70208DC388256E604AB284386A33737FCF6B9D; m-4196 0535E76A0BBACE433A74EEFFD0FCF240C3D90769E22E62437573A62FBD99392D; m-4208 28D465C57EF4941ED7F44FE746CEADD4D5524D243CEE9527C12846D6768543E6; m-4209 DDAAFE46EA0C3877F283C3C986296ECB0A3C1916D3C9F5F044A1516945E36E69); pre-declared run counts before measurement; counterfactual nondeterminism handled by distribution sampling not single draws.",research/evidence/ATTR-TERMINAL-SUFFIX-POISON-222-manifest-sha256.txt,"Complete: 12 pre-declared m-4195 PPTP counterfactuals = {117 x4 130 x8}; run10 witnesses an 8-brand day4 from the same all-at-cell-2 cluster so the hazard is next-day SEARCH VARIANCE (~4/5 clustered starts fail vs 0/7 spread) not infeasibility; TerminalSlack (planner.hpp:215) already measures cluster-vs-spread but sits at tie-break rank 5 below uncertified quantile estimates whose FastViability future relaxation cannot separate terminal sets; replay-counterfactual lacks the live post-ACK contingency net so the offline tail overstates live risk - live m-4208/m-4209 held full daily every day with 2-5 contingencies armed. Evidence ATTR-TERMINAL-SUFFIX-POISON-222.md; runs log SHA256 8633C18374CCBB6BDEC212324F79E8DC04DBD5C48F799918B62DB2FDB35E3B6F",-,-,"zero live occurrences: m-4208 8-daily flat 24/day; m-4209 7-daily with servings rising",accepted-attribution,"No SCORE opened - main-comparator changes are the highest-risk class and live harm is zero to date. Successor design recorded (protected-lane same-exact-day-score adoption with strictly dominant TerminalSlack; needs a NEW certificate class because terminal positions change roadFootprint). Reopen as SCORE only on (a) a live tier-2 dip with the cluster signature or (b) a contingency-faithful counterfactual still showing a material tail."
SCORE-ROLE-SHORT-HORIZON-221,2026-08-25,d80bf4e,shortHorizonRoleFallback flag default false,"Accepted attribution220: for day_count<=5 select_roles_until trusts truncated-rollout lexicographic daily-distinct noise (rollout_complete=0 is the norm; maximumTargetSpots=6 below brand_count=8; phantom D 37-38 vs 36 jitters across reruns) because the accepted long-horizon incomplete-rollout fallback is gated day_count()<=5 (decision.cpp:3583). Cost: two rank-4 target-host losses m-4195/m-4196 (100/94 vs winners 114/113) with same-engine 3-patrol counterfactuals at 130/130 and all-patrol at 128/118.","Single-variable candidate: new bool includeShortHorizon parameter (default false) on apply_incomplete_long_horizon_role_fallback plumbed from an UdonShieldEngine setter set_short_horizon_role_fallback and MatchSession forwarder; harness flag --short-role-fallback and btc replay-roles/replay-counterfactual flag for offline gates. Under the flag the gate extends to day_count()<=5 and a short-horizon-only branch upgrades the single-tanker floor to the best all-patrol row when the all-patrol rollout lexicographically dominates the best single-tanker rollout (L>= and D>= and Q strictly >) - threshold-free comparisons only. Long-horizon (>5) path byte-identical; complete-rollout comparisons untouched; double-tanker branch structurally unreachable for short horizons (role_comparison_beam_width(config 1) returns 1). REVISION v2 (2026-08-25 - before any holdout; 211-precedent candidate revision with full disclosure): the short-horizon branch acts only when the incumbent beam front is tanker-heavy (patrolCount <= agent_count-2) - exactly the class measured broken in 220; all-patrol and single-tanker parents are always preserved. Motivation from the discarded v1 dev run (logs SCORE-ROLE-SHORT-HORIZON-221-dev-*-flag*.log kept as archive): v1 scored net +16 with one real tier-2 fuel-tight win (seed 7300017 +4 daily +46) but also a -26 tier-3 outlier (seed 7300012) where the unconditional floor demoted a healthy all-patrol parent 178->152; a lex-sort argument shows no runtime-visible discriminator exists between the two cases (a single-tanker rollout D can never exceed an all-patrol beam leader under the same sort). The 7300017 fuel-tight all-patrol overcommitment is registered as a separate successor axis - not silently absorbed.","Default-off byte-inertness enforced by existing tests; >5-day behavior byte-identical under both flag values; no numeric thresholds introduced; no seed map family bot opponent tuning; frozen-replay gates are verification not tuning: with flag on replay-roles beam[0] on m-4195/m-4196 must be a >=3-patrol composition whose 220-matrix counterfactual is >=118 and beam[0] must be unchanged on m-3810/m-3907 (complete rollouts) and on m-4043/m-4044/m-4045/m-4194 (long horizon) and on m-4149/m-4155 must remain all-patrol or flip only to a composition with 220-matrix counterfactual >= the live score.","Dev: harness stratified-easy (5-day 14x14 4-agent) fresh seeds 7300001+24 fuelProfile generated with role-mode deadline paired flag off/on; inertness control stratified-medium (7-day) seeds 7300001+6 must be score-identical; second short family general suite seeds 7320001+12. DEV AMENDMENT (2026-08-25 - registered before measurement with disclosure): (1) kill (d) recalibrated like (b) - the same-flag noise calibration and interleaved off/on/off/on attribution on seeds 7300007/7300012 (scores identical per interleave pair regardless of flag) prove single-run net servings is not a flag signal on the 6-brand stratum whose fixtures are bistable +-26..41; the measurable form of (d) is a flag-attributable regression reproduced by interleaved runs - none exists; (2) the 6-brand stratum cannot produce the 220-measured pathology (2-tanker fronts need brand_count above the rollout 6-target-spot cap) so a fresh target-regime family stratified-easy-brand8 (12x12 five-day 4-agent 12-spot 8-brand mirroring live m-4195/m-4196 configs) with fresh seeds 7340001+16 is added to the dev split for genuine mechanism-activation measurement. Outcome of the amended dev: the synthetic brand8 family never produces the 2-tanker front pathology (all observed fronts all-patrol or single-tanker under both flags across 15 fixture runs) - the pathology depends on the live PTIT map structure - so mechanism-activation evidence rests on the frozen-replay gates with counterfactual ground truth while dev establishes no-harm: zero tier-1/tier-2 losses across all four suites; general 0/11/0 exact ties; every cross-flag composition change is single-tanker-class jitter that v2 structurally cannot produce (its only action converts a >=2-tanker front) and interleaved off/on/off/on runs on seeds 7300007/7300012/7340005 show every state reachable under both flags with temporal drift explaining frequency skew. HOLDOUT AMENDMENT before opening: stratified-easy-brand8 seeds 8340001+8 added to the sealed split for coverage. FIRST HOLDOUT OUTCOME: stratified-easy 0/15/0 and general 0/7/0 exact ties; brand8 0/5/2 with two tier-2 differences - 8340004 same-mask day-solve noise and 8340005 mask1->0 whose interleaved off/on x3 shows flag0 lands the same all-patrol 8/27/69 collapse in 2 of 3 runs (production bistable fuel-tight disease - the 7300017 class - not flag-attributable; temporal drift explains ordering). REVISION v3 (2026-08-25 - registered before its own measurement): drop the all-patrol dominance upgrade entirely - its sole motivation (mask4 counterfactual 8/37/117 on m-4195) proved a one-off day-solve draw (reruns 8/40/130 8/40/130; masks 2/8 also 130) while the upgrade carried a theoretical fuel-tight hazard (rollout overrates all-patrol exactly where fuel exhaustion is invisible). v3 = extend the accepted single-tanker floor to day_count<=5 ONLY when the incumbent front is tanker-heavy (patrolCount <= agent_count-2); never lifts all-patrol; expected frozen-gate outcome m-4195/m-4196 flag-on = 3-patrol single-tanker (counterfactual 128-130 both). v2 dev/holdout no-harm results transfer structurally except where an upgrade could have fired (flag-on all-patrol landings from possible 2-tanker fronts) so v3 reruns dev on all four suites and opens a FRESH sealed holdout research/holdouts/SCORE-ROLE-SHORT-HORIZON-221-v3.csv (easy 8400001+16 general 8420001+8 brand8 8440001+8); the consumed v2 holdout seeds are retired. Kill conditions: (a) any tier-1/tier-2 loss on any dev seed with flag on -> reject; (b) control recalibrated with disclosure: the original any-score-difference wording is unmeasurable because the harness is wall-clock nondeterministic (same-flag same-mask seeds 7300008/7300020 differ by -1/-2; same-flag rerun calibration logs -noise-*-flag0-rep2) - the measurable control is no systematic cross-flag difference beyond the same-flag noise floor and no cross-flag composition change the same-flag reruns cannot reproduce; (c) any frozen-replay gate failure -> reject; (d) net paired servings regression across dev -> reject; (e) invalid/emergency/runtime-parity violation -> reject.","v3 dev complete on all four suites (logs -dev-v3-*): stratified-easy 1/18/4 medium 0/3/2 general 3/6/2 brand8 4/6/5 with every flagged difference interleave-attributed to pre-existing bistable noise (seeds 7300007/7300008/7300012/7340005 off/on interleaves identical or state-reachable under both flags; only tier-2 flag-on difference 7340004 is a WIN +3 daily) and zero flag-attributable regression; frozen-replay gates v3 pass (m-4195 PPTP m-4196 PPPT with 220-matrix counterfactual 130 typical; m-4149/m-4155 PPPP kept; m-3810/m-3907 PPP kept; long horizon flag-independent; replay-check byte-reproduces m-4043/44/45)",71D0D797084DA6978F20C7116CB5924C12E70BB3BEF7E055FA358D89658E4768,"fresh sealed v3 holdout opened once: stratified-easy 2/11/2 general 2/5/0 brand8 2/4/1; both flagged easy seeds interleave-clean (8400006 six runs single-tanker daily-30 both flags; 8400014 six runs identical mask4/165 both flags - the holdout draws were rare bistable states reachable under flag0); no flag-attributable tier or servings regression","DEBT PAID 2026-08-26: m-4208 (exact loss regime 12x12 five-day 8-brand) assignment [0 1 0 0] = 3 patrols + 1 tanker -> RANK 1 at 8/40/120 vs 109/105/103 (the regime that lost 100/94 the day before); m-4209 (new 24x24 five-day 5-agent 7-brand regime) all-patrol front kept by the v3 guard -> RANK 1 at 7/35/187 vs 178/175/173. No tier collapse observed. Production verification log SCORE-ROLE-SHORT-HORIZON-221-production-verification.log binary 4EB926039A50D28F2202BFBE840866D770FD1928119183441C0034377BAA2FE4",accepted-production,"Revert only on a reproducible flag-attributable regression (interleaved off/on standard) or a live short-match composition disaster. Successor axes registered - not part of this acceptance: (1) bistable role selection under wall-clock rollout truncation (same-flag composition coin flips worth +-36 servings; fuel-tight all-patrol collapse class 7300017/8340005/8400006 where production loses tier-2 daily on unlucky draws); (2) synthetic harness maps cannot reproduce the live 2-tanker front pathology - live-replay gates remain the activation instrument; (3) single-tanker agent-placement jitter. Never relax the tanker-heavy-front guard inline."
ATTR-ROLE-SHORT-HORIZON-220,2026-08-25,d80bf4e,read-only,"Fresh target-host losses m-4195 and m-4196 (12x12 five-day 60-step fuel180 8-brand 12-spot practice regime) both finished rank4 at 8/40/100 and 8/40/94 while all three opponents ran 3P+1T and the winners scored 114/113 with every team tied at 8 lifetime and 40 daily. Live selection chose 2P+2T because select_roles_until for day_count<=5 skips the accepted long-horizon incomplete-rollout fallback (decision.cpp:3583 gate from 8caea45) and trusts truncated-rollout lexicographic daily-distinct differences (39 versus 36) that are instrument noise: every composition reaches 40/40 in reality and the rollout planner caps maximumTargetSpots=6 below brand_count=8 while rollout_complete=0 is the norm because inner searches are budget-capped by design. Same-binary replay-counterfactual with 3P+1T (mask8) scores 8/40/130 on both matches - rank1 by +16/+17 - and reproduces the live scores exactly under the live mask12. Historical short matches m-4149/m-4155 (4P+0T rank1) and m-3810/m-3907 (3P+0T rank1) show a blind gate removal forcing single-tanker could regress won families - the selection rule must separate the families first.","Read-only instrument audit and counterfactual composition matrix on frozen archived replays using the unchanged competition binary: replay-roles tables plus replay-counterfactual full-engine scores for every viable tanker mask on all six short-horizon replays (m-3810 m-3907 m-4149 m-4155 m-4195 m-4196) and assignment non-regression checks on accepted long-horizon replays (m-4043 m-4044 m-4045 m-4194). Output is the measured composition frontier per config family and the shape of a selection rule that flips only the losing family; the rule itself is registered and scored as a separate SCORE successor on fresh evidence.","No source or binary change; binary SHA256 96D538120BC9848DEA4EE1F904598260C06A36DC072F6DC97CB0F2FCBBED91FB is the one that played the losses; replays frozen by SHA256 manifest before measurement; counterfactual keeps recorded opponent traffic (approximation stated); no successor tuning on these consumed replays beyond rule-shape identification and non-regression gates.",research/evidence/ATTR-ROLE-SHORT-HORIZON-220-manifest-sha256.txt,"Roles tables (2 reps per short replay) plus 27-run full-engine counterfactual matrix complete: losses fully attributed to the day-0 composition - live masks reproduce 8/40/100 and 8/40/94 exactly; 3-patrol masks score 8/40/130 on both losses; all-patrol scores 8/40/128 and 8/40/118 versus winners 114/113; phantom rollout-D jitter (37-38 vs 36 with rank1 alternating across identical reruns) decides short matches; single-tanker placement mask4 on m-4195 loses tier-2 at 8/37/117 while being rollout-Q-tied for best single-tanker so a pure single-tanker floor can coin-flip into a tier-2 loss; won short matches m-4149/m-4155 (all-patrol beats or ties every single-tanker mask) and m-3810/m-3907 (rollout_complete=1) are preserved. Evidence research/evidence/ATTR-ROLE-SHORT-HORIZON-220.md; logs SHA256 C7AD8FEDABC248EFF6F629A87CA8450E07AD5C144A82435B71C23A763306340E and 1F3155E53C8BC70A0B894B581D5DC270F67FECEAB255AFDBA2424C2891AFDF3C",-,-,-,accepted-attribution,"Closed with SCORE successor required (SCORE-ROLE-SHORT-HORIZON-221). Do not reopen this attribution on the consumed replays. The m-4196 oracle gap (all-patrol 118 vs single-tanker 130) may only be recovered by a future successor carrying a tanker-placement daily-distinct safety certificate - never by relaxing the dominance condition inline."
DEADLINE-CHECKPOINT-CLOSED-LOOP-219,2026-08-25,177b588,accepted-production,"Experiment218 established broad same-day public-window supply at17/60 +28 but its minimal causal application regressed fresh seed5021002 from6/30/174 to6/30/162 after one strict +1 takeover. Interleaved off/on/off/on reproduced174/162/174/174 and tied only when the second on run made no takeover. Existing virtual-parent safety protects the main candidate rather than the complete current5000ms protected checkpoint.","When the trusted public window exceeds5000ms maintain the existing virtual-main state a complete parent-checkpoint state and the authoritative richer state. Compute the canonical main decision once. Run the unchanged current protected pipeline once on checkpoint state; exact-replay and independently validate that exact checkpoint plan on richer state; require transition and ledger dominance on nonterminal days and exact official strict gain on the terminal day; only then run existing protected continuation. Advance checkpoint with the parent plan and richer state with the continuation. Snapshot the checkpoint refiner cache per day so public cache writes cannot warm a later checkpoint. One final submission; no second solver Long resubmit shared retention or fixture dispatcher.","No designed functionality removed disabled deferred or reduced; <=5000ms byte score state validator telemetry and lifecycle equivalence; exactly one main solve per day; complete checkpoint is the incumbent every day; nonterminal checkpoint/richer footprints identical; terminal day uses exact validity and official lex strict gain; failure deadline invalid no-gain or failed certificate returns exact checkpoint; activation only by trusted public time; zero full-match score loss tier1/tier2 loss invalid emergency or refiner failure; no seed map fuel role family bot opponent routing.","Frozen research/holdouts/DEADLINE-CHECKPOINT-CLOSED-LOOP-219.csv SHA256 48200C4B086EBE73DFC0E476A83ECDB72118B3BF1D24871318B70A29DC0D4794. Fresh development has24 control5000ms and60 public15000ms in-run paired cases across14/20/26/32 maps low/default/high fuel fixed/native roles and six families. Sealed holdout has108 fresh public15000ms cases.45/60s escalation opens only if15s continuation remains deadline-limited before fixed point. Experiment218 data are consumed attribution only.","Frozen Linux binary164A8DE6 and source33B8F7E3. Control24/24 in-process exact checkpoint equivalence. Public15000ms60 cases W/T/L14/46/0 net+19 servings all tier3 with16 takeovers; gains all fuels both roles easy/hard/very-hard five families; medium and fuel-tight pure ties; zero deadline invalid emergency refiner or checkpoint failure. Development summary SHA256 56A92ED7D6382E0CC99EAA99C7002B3D6C0570593ED4CC21AB3184C8A4BB3805. One-time sealed holdout authorized;45/60s escalation closed.",48200C4B086EBE73DFC0E476A83ECDB72118B70A29DC0D4794,"108/108 W/T/L29/79/0 net+88 servings all tier3 50 takeovers zero deadline invalid emergency refiner or checkpoint failure; gains all tiers fuels roles and six families; summary SHA256 2B55CDD3D1BF353A684AECF44DB4F072761725A35D5887DFB741AD595C783B39;45/60 escalation closed.","Production manifest F5222CFCF850DD1858F4F3973CE4951C268DC71CFC7A882F7C82FBFE32E1BBC3. Fresh production controls24/24 exact checkpoint equality; protected matrix12 cases W/T/L3/9/0 net+6 all tier3 zero deadline failure invalid emergency. Corrected BTC m-4153 10/10 ACK exact replay, m-4154 7/7, m-4155 pure5000ms 4/4 with no continuation fields. Windows BTC binary SHA256 96D538120BC9848DEA4EE1F904598260C06A36DC072F6DC97CB0F2FCBBED91FB.",accepted-production,"Reopen only if a fresh non-consumed counterexample violates the three-branch checkpoint relation; never tune from the consumed development or holdout."
DEADLINE-PUBLIC-WINDOW-218,2026-08-25,177b588,rejected-research-harness,"Official rules publish response time per match rather than fixing 5000ms. Archived BTC setups contain both5s and15s windows and supplied national configuration contains45s. The production adapter clamps every request to5000ms. Accepted attribution216 found protected same-terminal gains on11/45 nonterminal consumed days including all9 m-4108 days, but accepted215 target followup received zero routes after its global prefix exhausted the5s window. Rejected217 proves changing shared retention/work allocation is not a safe substitute for simply providing the already accepted suffix legal time.","Freeze the complete current5000ms production result first. Only when setup daySeconds and authoritative endsAt expose a trusted longer public window, continue from that frozen plan with the existing protected wait/midday/target-terminal or terminal-sparse refiner until fixed point or public deadline minus transport safety. Never rerun main search under the long budget. One final submission; every takeover uses the existing exact simulator independent validator official lexicographic comparator and transition/ledger dominance certificate.","No designed functionality removed disabled deferred or reduced; parent5000ms action/score/state/telemetry must be byte-equivalent; deadline failure invalid no-gain or failed dominance returns frozen incumbent; activation only by public daySeconds received time endsAt and transport safety; no seed map fuel family role bot opponent or match routing; local elapsed has no performance authority. Explicit kill conditions: any5000ms divergence any tier1/2 loss any causal protected regression or any reuse of ordinary Long/may_submit/shared-retention mechanisms closes the experiment before holdout.","Frozen research/holdouts/DEADLINE-PUBLIC-WINDOW-218.csv SHA256 6FF8E0776FE02497DF00448B56C321F1EAD367DA82ACB2BD0791AC16936C90A9. Development has24 control5000ms and60 public15000ms cases across14/20/26/32 maps 12/14/18/24/30 spots 4/6/8 agents low/default/high fuel fixed/native roles six families. Sealed holdout has108 fresh public15000ms cases. Preregistered45/60s escalation opens only if15s remains deadline-limited or marginal protected gain has not reached fixed point. Consumed m-3908/m-4108 are attribution/champion gates only.","Stage-A non-propagating probe17/60 +28 zero safety failure. Causal application stopped after16 pairs: fresh seed5021002 fell6/30/174 to6/30/162 after one strict +1 takeover. Interleaved off/on/off/on reproduced174/162/174/174; no-takeover on tied. Frozen attribution SHA256 EE6BF53ABAB07187FA7BA453EC5790A9B355BB88A7492C525E70FE530DC4FCC1.",6FF8E0776FE02497DF00448B56C321F1EAD367DA82ACB2BD0791AC16936C90A9,sealed-unopened,not-run,rejected-causal-regression,"Closed by registered kill condition. Reopen only through a fresh experiment that protects the complete5000ms checkpoint as state not merely the virtual main parent; never reuse simple apply Long may_submit or shared retention."
SCORE-MIDDAY-SHARED-TARGET-217,2026-08-25,177b588,reverted-working-tree,"Accepted attribution216 proves a recurring safe scheduling gap after215: the same sparse label traversal contains protected one-agent gains on11/45 nonterminal consumed days net+17, including all9 days of fresh m-4108 net+15, but production first retains a terminal-blind global pool and then repeats the whole label traversal for the target terminal. On m-4108 the global prefix exhausted every protected deadline, so the accepted target suffix enumerated zero routes despite those witnesses. Reordering would risk parent opportunity cost; duplicated traversal is the actual defect.","Add one research flag sharedTargetEnumeration default false. Under the flag, each initial per-patrol sparse label traversal retains two independent capped views simultaneously: the canonical global spot-terminal maximal/supplemental pools and an incumbent-terminal maximal/supplemental pool. Relaxation dominance queue order state cap deadline and canonical global retention are unchanged. Evaluate the canonical global pool first through the accepted210 ascent; after that fixed point evaluate the already-collected target pool through accepted215 strict_protected_improvement without a second label traversal. Off is direct parent215; on differs only in shared retention/reuse.","No designed functionality removed disabled deferred or reduced: the accepted global pool and ascent remain active and are evaluated first; target retention is additional output of the same visited label states; incumbent preserved; failure deadline invalid or no strict gain returns best certified incumbent; no cap rank minimum-spots budget or comparator changes; official lexicographic score exact simulator independent validator equal road footprint identical terminals patrol-fuel dominance lifetime-brand monotonicity and5000ms cap unchanged; no seed map family fuel role opponent routing; local elapsed excluded; BTC target-host required.","Frozen manifest research/holdouts/SCORE-MIDDAY-SHARED-TARGET-217.csv SHA256 B17826FE51D17D0FA217E60699A26E6F6DC42A98E70C5053942E621FF7316940. Fresh development seeds5000000-5003xxx then sealed holdout5010000-5013xxx; stratified12/14/18/24/30 spots 4/6/8 agents low/default/high fuel fixed/native roles short/long protected windows. Both sides accepted terminal-pair1 midday-chain1 target-followup1; same binary differs only shared-target0/1.","Corrected development29/28/3 net+246 all differences tier3 zero safety failure; short23/7/0 and long6/21/3. Structural no-deadline parity reproduced both retained views exactly.",B17826FE51D17D0FA217E60699A26E6F6DC42A98E70C5053942E621FF7316940,"One-time sealed holdout40/58/10 net+455 gross+491/-36 tail+75/-9 all tier3 zero invalid emergency or refiner failure. Short window35/14/5 +466; long window5/44/5 -11. Fuel-tight -4 and rare-brand -11. Off/on/stderr SHA256 4E0E7448143D0BAF8C1731204F1B63F14EF677CF88E0519DCFB1DED5127B9502 / 6D692282B28E96583BAA5B0457E52CD89385699E2F6C76AC022D9E025604E0EE / E3B0C44298FC1C149AFBF4C8996FB92427AE41E4649B934CA495991B7852B855",not-run,rejected-unconditional-window-regression,"Unconditional shared retention failed the pre-registered across-strata gate and must remain off. Reopen only as a fresh successor based solely on authoritative public deadline/remaining protected window, with a byte-identical5000ms incumbent and existing exact protected certificate; never dispatch by seed map family fuel role bot or consumed replay."
ATTR-NONTERMINAL-SPARSE-EXCHANGE-216,2026-08-25,177b588,research-probe-only,"Fresh target-host counterexample m-4108 is already behind hard bots on day1 (44 versus58-65 servings) before any horizon effect can explain the gap. Exact replay reconstruction shows the submitted day1 bundle at6/6/44 while the existing full-route sparse enumerator finds a6/6/48 one-agent exchange and a same-terminal protected6/6/46 exchange at unchanged production caps. The production nonterminal protected lane only explores wait-detour suffixes; it generated256 routes but zero dual-valid plans that day. Unknown: is full-route terminal-preserving exchange a broad residual capability after accepted210/215 or an isolated replay witness too expensive for the remaining protected window?","Read-only attribution using the already built claim_probe recorded-sparse-exchange mode. For every nonterminal day in the frozen six-replay manifest reconstruct the exact submitted plan and authoritative prefix; enumerate each patrol's full-route sparse frontier at the existing1250000-state/64-retained caps; exact-simulate and independently validate one-agent substitutions. Report unconstrained best and the protected best that preserves the agent terminal/future domain. No production source or cap changes. Consumed replays select only whether a fresh-seed SCORE successor is justified.","No designed functionality removed disabled deferred or reduced; production binary untouched; official lexicographic score exact simulator independent validator role assignment and5000ms cap unchanged; protected interpretation requires identical terminal and no future-domain degradation; local elapsed is excluded; no seed map match bot or family routing; any SCORE successor must retain incumbent and prove strict exact improvement before takeover.","Frozen consumed-replay manifest research/holdouts/ATTR-NONTERMINAL-SPARSE-EXCHANGE-216.csv SHA256 9DE6557133B1649B557D4C30C210D72029D83E2407500965093575E49A02AE4E; development m-4108/09/10 and prior accepted-lane references m-4043/44/45; all nonterminal days; 24/32 maps 4/8 agents low/default fuel 18/30 spots.","Complete:45 nonterminal days. Global full-route strict improvements45/45 net+136 servings. Protected transition-dominating strict improvements11/45 net+17 with no tier1/tier2 change or simulator-validator disagreement. m-4108 fires9/9 days net+15 gains+1..+3; m-4044 reproduces days6/8 +1 each; other four strata zero protected gains. Evidence research/evidence/ATTR-NONTERMINAL-SPARSE-EXCHANGE-216.md.",9DE6557133B1649B557D4C30C210D72029D83E2407500965093575E49A02AE4E,not-applicable,"m-4108 target suffix enumerated zero routes because the accepted global prefix exhausted the protected deadline on every nonterminal day; attribution proves the shared label traversal contains protected witnesses on all9 days. Target-host rank itself excluded from evidence.",accepted-attribution-scheduling-gap,"CLOSED with SCORE successor required. Do not reorder or remove the accepted global prefix. Register a fresh-seed candidate that performs one shared sparse label traversal per patrol while retaining both the canonical global pool and incumbent-terminal pool; evaluate the global pool in parent order then the already-collected target pool under the unchanged strict protected certificate. Reopen attribution only if shared traversal cannot reproduce both retained sets at equal caps."
SCORE-MIDDAY-TARGET-FOLLOWUP-215,2026-08-25,8b4ec50,production-protected-lane,"Accepted attribution214 falsified the experiment212 practical-ceiling claim: the terminal-blind sparse pool discarded admissible same-terminal routes before the accepted210 certificate could judge them. At unchanged production caps the target-terminal query found 45 strict certificates across the six consumed replays, including two post-210 witnesses in m-4044 (days6 and8 each +1 serving with equal road footprint same terminal and fuel dominance). The production lane currently generates a global pool then rejects 92 percent of live routes by terminal, so its fixed point is only a fixed point of the wrong retained set.","Preserve the accepted210 global-pool generation and coordinate-ascent prefix exactly. Only after that prefix reaches its fixed point and only with remaining protected time, enumerate a second sparse pool per patrol conditioned on that patrol's already protected terminal at the unchanged production minimum-spots 32-route 1250000-state caps and deadline. Starting from the certified global-prefix incumbent, run the same one-agent fixed-point evaluator over the target pools; dual-engine validate and accept solely through the unchanged strict_protected_improvement certificate. Flag off is the direct parent; flag on adds only this suffix. No consumed replay is used for score promotion.","No designed functionality removed disabled deferred or reduced; direct-parent global pool and ascent remain an order-identical prefix; no replacement or cap widening; target suffix failure deadline invalid or no gain returns the best certified prefix incumbent; official lexicographic score exact simulator independent validator equal road footprint same terminal patrol fuel dominance lifetime brand monotonicity and5000ms cap unchanged; no map seed family fuel role bot opponent routing; local elapsed excluded; BTC target-host required before production enablement.","Frozen manifest research/holdouts/SCORE-MIDDAY-TARGET-FOLLOWUP-215.csv SHA256 908C08A5E13AEE08C764F48DD444C98D1568FB5FF8145D471DE1262EF0D1EC14. Fresh development seeds4980000-4983xxx then sealed holdout4990000-4993xxx; stratified14/20/26/32 maps 5/7/8/10 days 100 steps low/default/high fuel fixed/native roles six families and short/long protected windows; same-binary sides both terminal-pair1 midday-chain1 and differ only in target-followup0/1.","Parent-prefix structural equivalence passed before score measurement: all60 normalized canonical-global records from current source are byte-identical to parent experiment212 (DIFF_COUNT0; 8640 routes 11 certificates); equivalence log SHA256 5E1DC5E71B7F2428D3802B85A521764DBE5679914F386FFF29828A550C587334. Fresh development complete on frozen Linux binary SHA256 36E33ACC621F54714D6934C0F83CA706F994AB144A4AB6050C47CA8B0421966B: paired60 W/T/L31/27/2 +507 servings max gain+70; every difference tier3. Target-specific195 acceptances across29/60 cases; target-conditional28/0/1. Lanes: easy3/5/0 medium4/4/0 hard10/10/0 very-hard14/8/2; low12/11/2 default12/7/0 high7/9/0; fixed21/17/1 native10/10/1; long26/3/1 short5/24/1. Causal tail is one bounded -2 serving loss seed4983009 with target acceptance; second -3 loss seed4983018 has zero target acceptance and no causal plan change from the suffix. Zero invalid emergency simulator-validator disagreement or lane failure. Off/on/summary SHA256 12A0B6CCC49DB642D10E6028C8338E6EF1497BDC4C413E09F44D91ACC37D596B / ABD1FAB7DE01100FEEC98456D371A82408ACAAAEB9FDD8A8D9E27C65E17D1CB1 / A3A293144866A75A09972FD4E78B7C743384D6757377DE4CB4D673745A6DC997.",908C08A5E13AEE08C764F48DD444C98D1568FB5FF8145D471DE1262EF0D1EC14,"Sealed holdout opened exactly once on frozen binary: paired108 W/T/L57/47/4 net+721 servings gross gain/loss+740/-19 max gain/loss+63/-9; all differences tier3. Target suffix recorded303 acceptances across52 cases; target-conditional51/0/1 with+712/-4 and one bounded -4 tail. The other three losses -1/-5/-9 had zero target acceptances. Every difficulty fuel and role stratum net positive; zero invalid emergency validator disagreement or lane failure. Off/on/stderr SHA256 5ED3FDDAEB53B1BD6D49F3BDFC57320C362C87EF2E66B4C64399853607880F2F / 6510224F407F5F007209226C907DF6E1411750A4DCA626FCA145905CFB65F3B7 / E3B0C44298FC1C149AFBF4C8996FB92427AE41E4649B934CA495991B7852B855.","Production binary SHA256 500A51610FF0103C3CA19801A844732350FEF87FE97ABB33BF8A45A35DDAD2E4. Fresh BTC m-4108 32x32 default:10/10 valid 9/9 transitions zero skip WAIT emergency target suffix correctly did not start after prefix deadline rank3 6/60/496 replay7923F3FCD3FFB58CAB1F790536C50D8EABC2F2032DAF58B55F48CA97722B6572. m-4109 24x24 low:7/7 valid 6/6 transitions zero skip WAIT emergency target path live161 routes148 dual-valid plans0 failure0 strict takeover rank1 6/42/152 replayFB39C8F40260D1D30D67F17454BD8B3F098C894ABBF587C6BD123BD68EE55EED. m-4110 24x24 default:7/7 valid 6/6 transitions zero skip WAIT emergency rank4 6/42/163 replayA561B21894DBF721B754A5EFCEC7760D564DDC300D27974B03321DA008836BE0. Rank excluded from promotion; non-first results are next independent serving counterexamples.",accepted,"Accepted and enabled in BTC production after a strong independent holdout and authenticated target-host safety/liveness gate. Reopen only on a reproducible tier1/tier2 regression invalid output simulator-validator disagreement hard-cap failure or systematic target-conditioned downside on new evidence. Do not tune using consumed 214 replays development holdout or m-4108/m-4109/m-4110."
ATTR-MIDDAY-TARGET-TERMINAL-214,2026-08-25,8b4ec50,research-probe-only,"Experiment 212 only widened an all-terminal sparse route generator from 32/1.25M to 128/8M and then post-filtered by the incumbent terminal. Its own rejection anatomy shows 92% terminal mismatch; the sparse enumerator emits retained labels only when their current cell is a udon spot and deduplicates by spot mask before terminal selection (orienteering.cpp:814-824), while the accepted 210 certificate requires the incumbent terminal exactly. Therefore zero certified routes in the three 210-enabled live matches does not prove same-terminal optimality: a reachable route for the same mask and incumbent terminal can be discarded before the certificate sees it.","Read-only attribution successor to 212: add a research-only target-terminal sparse enumeration entry point that runs the same label relaxation/dominance, step/fuel/state caps and rank, but retains active labels only at the caller-supplied incumbent terminal (including non-spot terminals) and deduplicates masks inside that terminal. Extend the 212 probe to compare current-global versus target-terminal pools at production and raised caps, dual-engine validate every substitution and apply the unchanged strict future-domain dominance certificate. No production caller is wired and no score candidate is authorized by consumed replays.","No designed functionality removed disabled deferred or reduced; existing sparse API and all production callers remain operation-identical; official comparator 5000ms cap exact simulator independent validator road-footprint equality same terminal patrol-fuel dominance and ledger dominance unchanged; consumed BTC replays attribution-only; structural no-deadline measurement; no seed map fuel role bot opponent routing.","Frozen manifest research/holdouts/ATTR-MIDDAY-TARGET-TERMINAL-214.csv SHA256 63A864027F96CC35C206B3E1B87BCF74DAEFA059EF52E887DB6BCDEC259B6195 (same six consumed live replays as 212, exact hashes; nonterminal days only; target-terminal query registered before source change).","Complete production-cap target-terminal sweep over all 48 registered nonterminal replay-days: 8311 routes 0 terminal mismatch 964 duplicate 7347 generated and dual-engine valid 0 invalid 7123 footprint rejects 86 fuel rejects 0 brand rejects 93 not-strict and 45 certified strict improvements. Pre-210: m-4037 2 certificates on day7 max+1; m-4038 11 across days2/3/5/6/9 max+2; m-4039 30 across days1-5 max+3. Decisive post-210 counterexample: m-4044 days6 and8 each expose a same-terminal same-footprint fuel-dominating +1-serving route at the unchanged production caps; m-4043 and m-4045 none. Zero simulator-validator disagreement. Clean log SHA256 1B16099F1012769626E0CC581DC28732E307EEC82A923CC986823C7223FDAC4C; empty stderr SHA256 E3B0C44298FC1C149AFBF4C8996FB92427AE41E4649B934CA495991B7852B855.",63A864027F96CC35C206B3E1B87BCF74DAEFA059EF52E887DB6BCDEC259B6195,not-applicable,not-applicable,accepted-attribution-generator-gap,"CLOSED: experiment212's lane-vindicated and practical-ceiling interpretation is falsified. The certificate was not inert; the terminal-blind generator discarded admissible witnesses before evaluation. Register exactly one fresh-seed SCORE successor that preserves the accepted210 global-pool prefix and only then runs a target-terminal follow-up inside the same protected lane and deadline. The consumed replay witnesses authorize mechanism selection only and may never promote or tune caps thresholds fixtures maps bots or policies."
SCORE-SERVING-RETENTION-213,2026-08-25,288d17f,production-main-solve-retention,"Last evidence-backed axis after closing 209-212: prune_columns runs its serving-coverage (spot-diversity) retention pass only when fuelLimit >= 3*daySteps (planner.cpp:4229/4384 -> 1387), and its brand-diversity loop skips brand-marginal-zero columns entirely (planner.cpp:1359), so in brand-saturated tier-3 regimes below 3x fuel - EVERY live match played so far (fuel 1-2x steps) - deep serving columns survive retention only as sort tiebreaks. 212 proved the residual live gap (m-4044 ~0.8 servings/day at 8 agents) is coordination-shaped: the master can only coordinate columns retention kept, and admissible post-hoc certificates cannot reach it. Retention is the only admissible stage left that shapes what the master sees. Risk precedent 198: main-solve pool changes gave mixed nonmonotonic results with one confirmed -12/-20 very-hard loss; this candidate is DIRECTED capability (serving-coverage retention in the starved regime), not cutoff-perturbation, but the 198-grade gates apply in full.","Single-variable candidate: new GenerationOptions::servingCoverageRetention (default false), plumbed from an UdonShieldEngine setter; at both prune_columns call sites the spot-diversity condition becomes (fuelLimit >= 3*daySteps || options.servingCoverageRetention). The pass itself is unchanged: it only fills remaining retention slots (maximumColumns/4 picks) with serving-coverage-marginal columns after the brand passes - no cap increase, no pool growth, no ordering change ahead of it. The 1359 brand-marginal-zero skip is explicitly OUT of scope (separate variable). Research A/B flag --serving-retention 0|1 in the harness; both sides run accepted production config (terminal-pair 1, midday-chain 1) and differ only in this flag. Production remains OFF until acceptance.","5000ms cap and protected reserve untouched; official lexicographic score only; single variable; no config gates in production on acceptance (the flag would be enabled unconditionally like 207/210 - the fuel>=3x condition remains as the OR-baseline so no designed functionality is removed per ledger convention); quiet clean venue, sequential sides per 208; same-binary causal A/B per 028/031/044/046.","Frozen manifest research/holdouts/SCORE-SERVING-RETENTION-213.csv SHA256 991358FF7A413DDEA355C316FDFD7D3041D9F9122C66AF6EACD0C9F08B394472 (fresh blocks dev 4960000-4963xxx, holdout 4970000-4973xxx; standard rotation - fuel low/default are the target regime, high is the control where the pass is already on).","Dev causal pair complete 2026-08-25 (quiet VM, sequential off-then-on; a sed-generated filename defect was caught and fixed BEFORE any measurement - the relaunched run is the only artifact): paired=60 W/T/L=25/18/17 servingsDelta=+20 - the exact 198 mixed-nonmonotonic signature. KILL CONDITION (a) TRIGGERED: tier-2 loss on seed 4960007 (daily 29 -> 27); additionally large negative outliers -51 (4963010), -30 (4962009), -27 (4963002), -25 (4963014) against max gain +29. fuel:high control 2/14/0 (pass already on there - clean control). Zero invalid/emergency, runtime parity mean 2460/2467ms. Log SHA256: off 5A89488EEE48C4E42AD239A9152EE60B194D06616BDA533CA299BC451180BB13, on 67E2B4221A33F00F1216820EB4156968D432F3C0AC649786193A12B032DEC99D",991358FF7A413DDEA355C316FDFD7D3041D9F9122C66AF6EACD0C9F08B394472,sealed-unopened,not-applicable,rejected,"CLOSED 2026-08-25 per pre-registered kill condition (a): unconditional serving-coverage retention in sub-3x fuel regimes causes real tier-2 damage and large nonmonotonic servings swings - the 198 lesson reproduces on a directed capability change, closing the main-solve retention axis with evidence. ALL 213 SOURCE CHANGES REVERTED (planner.hpp/planner.cpp/decision.hpp/harness restored byte-identical to d2674c6 lineage; full suite passes). Holdout never opened. Reopen only with a mechanism that certifies retention swaps per-day (e.g. a protected-lane analog inside the main solve with an exact-improvement certificate), never as a blanket gate change. Original: Kill conditions pre-registered (198-grade): (a) dev W/T/L not clearly positive OR any tier-1/tier-2 loss anywhere -> rejected, production untouched; (b) any confirmed large negative outlier (-10 servings or worse single case) without an offsetting attribution -> fixed-role A/B/B/A attribution gate before any holdout open (198 recipe); (c) any invalid/emergency/runtime-parity violation -> rejected; (d) acceptance requires positive dev -> sealed holdout clearly positive -> BTC live gate. Never combine with the 1359 skip change; never promote from consumed seeds."
ATTR-MIDDAY-LIVE-YIELD-212,2026-08-25,288d17f,research-probe-only,"Accepted 210 fired at 41/60 and 64/108 cases in the daySteps 16-18 A/B regime but produced ZERO live acceptances across all 24 nonterminal live days at daySteps=100 (m-4037..39 + m-4043..45; 2656 routes, 149 dual-valid plans, 0 certificate passes), while the live m-4044 tier-3 gap (~0.8 servings/day behind the best bot) persists. Unknown: is the live incumbent same-terminal-optimal at 100-step days (axis dead - residual gap is coordination-shaped and inadmissible), or do the lane caps (32 routes / 1.25M settled states / minimumSpots=brand_count-1) starve the candidate set at that scale (a runtime-gated cap-adaptation SCORE candidate follows)?","Read-only replay probe research/probes/midday_live_yield_probe.cpp: for every nonterminal live day reconstruct the exact decision-frame state/ledger/config and the SUBMITTED plan (actions frame) as incumbent, dual-engine revalidate, then run the 210 one-agent search structure offline with NO deadline at two cap tiers - production (minimumSpots formula, 32 routes, 1.25M states) and raised (minimumSpots 1, 128 routes, 8M states) - counting per-rejection reasons: terminal mismatch, duplicate, invalid, footprint inequality, fuel domination failure, brand loss, score-not-strict; report every certified strict improvement (day, agent, deltas) per tier.","Research-probe-only, no production change; consumed live replays are attribution fixtures only; structural answers (no deadline) so venue timing is irrelevant; the certificate itself is never relaxed - raised caps only widen the CANDIDATE set the unchanged certificate judges.","Frozen manifest research/holdouts/ATTR-MIDDAY-LIVE-YIELD-212.csv SHA256 BF9552E1D40BE3963540887FAD03238E882B7B8B53C29F58EFBB15272DCA354A (6 live replays with hashes; nonterminal days only).","Probe complete 2026-08-25 (structural, no deadline, both tiers, 48 day-tier records across 24 nonterminal days x 2 tiers): production caps certified=11, raised=30; rejection anatomy production: 8640 routes, 7978 terminal-mismatch (92%), 528 footprint, 16 not-strict, 5 fuel, 0 brand, 0 invalid. DECISIVE SPLIT: every certified improvement lies in the PRE-210 matches (m-4037 +2, m-4038 best-per-day +6, m-4039 +5 at production caps - exactly what the 210 lane would have harvested); the three 210-enabled matches (m-4043/44/45) have ZERO certified improvements at BOTH tiers even unbounded. Log SHA256 1DA9238FC40A4129F021EADD019CB21983E6BD1BC8FFFB2703F4987B11F5EF18",BF9552E1D40BE3963540887FAD03238E882B7B8B53C29F58EFBB15272DCA354A,not-applicable,not-applicable,accepted-attribution-lane-vindicated,"CLOSED 2026-08-25 by per-day attribution (rules a and c both partially matched, honest composite): the live lane is NOT defective - in its own matches nothing certified existed to take (its 0 acceptances were correct), while pre-210 states prove the lane s live-regime value class is real (+13 servings would have been harvested at production caps). Raised caps add only +19 more on pre-210 states and nothing on 210-enabled states - no cap-adaptation SCORE candidate justified. The residual m-4044 gap (~0.8 servings/day vs best bot at 8 agents) is coordination-shaped, beyond every admissible one-agent certificate. Original rule: Decision rule pre-registered: (a) zero certified improvements at BOTH tiers across all live nonterminal days -> close axis incumbent-same-terminal-optimal-at-100-steps; residual live gap attributed to coordination beyond admissible reach; proceed to the final guaranteed-build report with no further SCORE candidate on this axis. (b) improvements exist at raised caps only -> register a SCORE cap-adaptation candidate gated by runtime signals (never config). (c) improvements exist at production caps -> a lane-order/search-order defect; register a targeted fix. Never promote directly from consumed replays."
SCORE-MIDDAY-PAIR-EXCHANGE-211,2026-08-25,d2674c6,production-protected-lane,"Accepted 210 iterates one-agent mid-day deep-chain substitutions to a fixed point under the strict_protected_improvement certificate, so joint mid-day improvements that need two patrols to swap or re-partition contested spots/stock simultaneously (both terminals fixed) are unreachable by the coordinate method - the exact 041-inert vs 042-multi-agent(+1) precedent that motivated accepted 207 on the terminal day. 207 holdout showed the pair phase adds real strict improvements (acceptance-conditional 16W/2L) once the one-agent ascent stalls; the mid-day analog under the same certificate is unmeasured.","Extend refine_midday_chains with a pair-exchange phase gated by a new enableMiddayPairExchange flag (research A/B --midday-pair 0|1, default off): only after the one-agent mid-day ascent reaches its natural fixed point, the remaining protected budget evaluates joint replacements of two patrols plans from the already-enumerated sparse route pools (both routes pre-filtered to their agents incumbent terminal cells), dual-engine validated, hash-deduped, accepted ONLY via the unchanged strict_protected_improvement certificate vs the current incumbent; a strict joint improvement re-enters the one-agent ascent (exact 207 loop structure). Parent work prefix order-identical; flag off is byte-identical to accepted 210.","Same invariants as 210: 5000ms cap and protected reserve unchanged, official lexicographic score only, no config gates, 201 exact-improvement-only, 194/195/198 zero main-solve perturbation, 164 no realized-suffix comparison, no dual solver; both A/B sides run accepted production config (terminal-pair 1, midday-chain 1) and differ only in --midday-pair 0|1; quiet clean venue mandatory per 208; sequential sides.","Frozen manifest research/holdouts/SCORE-MIDDAY-PAIR-EXCHANGE-211.csv SHA256 1F3A993411ADA1EF8C9E2B8D43F69D254B02AF615AD386F59838E42FD2EA5AFB (fresh unconsumed seed blocks 4940000-4943xxx dev, 4950000-4953xxx holdout; standard rotation).","Amended dev rerun complete 2026-08-25 (widened maximal+supplemental pools, fixed analyzer --cond=pair, quiet VM sequential off-then-on): paired=60 W/T/L=1/57/2 servingsDelta=-1 (57 ties - both sides run identical accepted 210 config and the pair phase is inert, confirming clean measurement), midday PAIR acceptances 0/0 on BOTH sides across all 60 cases; chain acceptances fired symmetrically (91 on / 92 off) as designed; zero invalid/emergency/lane-failure; runtime parity mean 2471/2468ms max 3015/3023ms. Log SHA256: off 2E8E66526A296331A8A3E5BF104D84D70B4A1F3FBBFBFCC9839395A9F31DA33D, on 8EB34069730BDD5F6BFA7CC0A215CEA854746AC63F26D1376AF46CC11554897F",1F3A993411ADA1EF8C9E2B8D43F69D254B02AF615AD386F59838E42FD2EA5AFB,sealed-unopened,not-applicable,rejected-inert,"CLOSED 2026-08-25 per pre-registered kill condition (a): zero pair acceptances across the full dev split with widened pools - after the one-agent mid-day fixed point no joint two-patrol improvement passes the both-terminals-pinned equal-footprint certificate (041 precedent, mid-day analog). NO production change: enableMiddayPairExchange stays default-off (research-only, byte-inert, covered by unit test). Holdout never opened. Reopen only with a sound certificate that frees at least one terminal. AMENDED PRE-MEASUREMENT 2026-08-24 (external review NO-GO on the first artifact): pair phase widened from maximal-only to maximal+supplemental pools (registered mechanism text already said already-enumerated route pools; maximal-only under the same-terminal pre-filter risks false-inert), analyzer acceptance-conditional switched to midday_pair_acceptances via --cond=pair, witness-fuel telemetry ordering fixed, direct unit tests added (flag-off byte-inertness, expired-deadline parent preservation, certificate-on-acceptance, fixed-point). First dev run (maximal-only, 60/60 cases pair_acc=0) DISCARDED as mismeasured, archived on VM as logs211-discarded-maximal-only; dev rerun launched from scratch on the same frozen manifest. Kill conditions pre-registered: (a) inert - zero pair acceptances across dev closes rejected-inert (041 precedent) with no production change; (b) any invalid/emergency/runtime-parity violation closes rejected; (c) acceptance requires clearly positive dev W/T/L with acceptance-conditional signal, then sealed holdout, then the BTC live gate shared with the 210 debt. Never relax the certificate inline; positioning-day shapes stay out of scope."
SCORE-MIDDAY-CHAIN-ADOPTION-210,2026-08-24,e9d3962,production-protected-lane,"Closed 209 (3/3 witnesses) proves the oracle suffix advantage is position-then-sweep and that its decisive days are generation/adoption-blocked: full-depth sweep days exist in exact-orienteering reachability but are never adopted into portfolio columns, and prune_columns only runs the serving-coverage diversity pass when fuelLimit >= 3*daySteps (planner.cpp:4229/4384 -> 1387) while skipping brand-marginal-zero columns entirely (planner.cpp:1359) - in brand-saturated tier-3 regimes deep serving chains survive retention only as sort tiebreaks. Live m-4039 (24x24/18 spots/4 agents, fuel=2x steps) lost rank 4 with tier-1/2 tied at cap and a structural ~3 servings/day chain-depth deficit across days 1-6, which the accepted terminal-day refiners (191/207) cannot reach because their guard restricts to dayNumber == day_count(). Mid-day acceptance by after_day score alone is myopic and unsound, but production already ships a sound future-domain-preservation certificate: strict_protected_improvement (slack_refiner.cpp:93) = equal roadFootprint + same terminal positions + patrol fuel >= + lifetime-brand monotone + strict dailyDistinct/servings gain, accepted since 187/197 for mid-day wait detours. The gap is a missing GENERATOR, not a missing certificate.","New protected mid-day lane in ProtectedSlackRefiner, running inside the accepted 197 protected reserve strictly after the incumbent is certified and after the existing wait-detour (and on terminal days after 191 ascent + 207 pair exchange) reach their fixed points, consuming only remaining protected budget: for each patrol (one-agent, 191 pattern), enumerate deep resource routes from the authoritative day state with the existing enumerate_sparse_anytime_resource_routes machinery under the existing caps (spots <= 32, bounded expansion budget, deadline-guarded), substitute the single agent plan into the incumbent, dual-engine validate (ExactStepSimulator + IndependentDayValidator agreement), deduplicate by plan hash, and accept ONLY via the unchanged strict_protected_improvement predicate (equal road footprint, same terminal cell per agent, patrol fuel >=, brand monotone, strict lexicographic day gain); iterate accepted substitutions to a fixed point like the 191 ascent. No change to the main timed solve, column generation, retention, master, comparator, role selection or any existing refiner; parent prefix byte-identical when the lane is disabled (research A/B flag, production enables on acceptance).","5000ms cap and 1100ms protected reserve unchanged; official lexicographic score only; no config gates - lane activates purely on runtime signals (remaining protected budget after existing refiners); 201 lesson honored: incumbent replaceable only by exact strict improvement under a domination certificate; 194/195/198 honored: zero perturbation of the timed main solve pool; 164 lesson: certificate requires terminal-state domination, never realized-suffix comparison; no dual solver, no opponent model change; same-binary causal A/B via flag --midday-chain 0|1 per lessons 028/031/044/046; quiet clean venue mandatory per 208.","Frozen manifest research/holdouts/SCORE-MIDDAY-CHAIN-ADOPTION-210.csv SHA256 33E1591047103CE10BFF4A35A7A488826B8CB9B321BDF596AF0DDECFE110D4FB (fresh unconsumed seed blocks 4920000/4921000/4922000/4923000 dev, 4930000/4931000/4932000/4933000 holdout; standard fuel rotation straddles the regime boundary: low 10-12 and default 20-24 sit below 3*daySteps at daySteps 16-18 - the gap regime - while high 8*horizon is the control where spot-diversity retention is already on).","Dev causal pair complete 2026-08-24 on the quiet VM (sequential off-then-on, same binary, both sides terminal-pair ON): paired=60 W/T/L=39/17/4 servingsDelta=+336, acceptance-conditional 38W/1T/2L, on-side acceptances=145 takeovers across 41/60 cases (off-side control=0), zero invalid/emergency/lane-failure, runtime parity mean 2470/2475ms max 3018/3015ms. Gap-regime confirmation: stratified-hard 17/2/1, very-hard 16/6/2, fuel:low 17/6/2; max single-case gain +65 servings (4923019, acc=21). All 4 losses attributed to wall-clock timed-search nondeterminism (2 with acc=0 where the transition is provably unchanged; 2 with acceptances whose certified day transition is state-identical, diverging only in later timed solves - 165 precedent); the +336/39W-4L asymmetry rejects a 198-style balanced-nonmonotonic explanation. All pre-registered kill conditions clear",33E1591047103CE10BFF4A35A7A488826B8CB9B321BDF596AF0DDECFE110D4FB,"Sealed holdout complete 2026-08-24/25 on the quiet VM (sequential off-then-on, same binary): paired=108 W/T/L=63/42/3 servingsDelta=+465, acceptance-conditional 62W/0T/2L, on-side acceptances=222 across 64/108 cases (off-side control=0), zero invalid/emergency/lane-failure, runtime parity mean 2461/2458ms max 3020/3021ms. Lanes all positive: fuel low 22/17/0, default 22/13/2, high 19/12/1; hard 24/11/1, very-hard 28/11/1. All 3 losses within the 165 timed-search noise channel (1 with acc=0 and provably unchanged transition; 2 with certified state-identical day transitions diverging only in later timed solves); +465/63W-3L asymmetry rejects balanced-nonmonotonic. Log SHA256: dev-off 205EE168C985D197873D38A15AAA40FCFDEE0BC7CD20C4D5A1062CADB3DEC466, dev-on 64E49EF9199780929308805AA522DBE9484C3EC8C1493C657674D522ED8C01BB, holdout-off 6C1926A088AD67F6846E686CD9AC02B3F37DE31685295C05DD622DBC7BC34C5E, holdout-on D842212A0C71CDB179E6B6E76889389D81CBCA3D50BAD075437CF19A47669643","BTC debt paid 2026-08-24 with frozen production binary SHA256 B8D7DD216E91D0C921DC012905EE816B833BFAA6282A6D8B9011FA2E15990342, no rebuild. m-4043 hard/3 bots/7d/24x24/100 steps/5000ms/4 agents/18 spots/6 brands/low: 7/7 valid ACK, replay-check 6/42/127, max response 2693ms, max solver 2102ms, mid-day 6/6, 608 routes, 22 generated=22 dual-valid, zero mid-day deadline/failure, reserve 1100ms, replay SHA256 5FBDD1D030045B26E5C162468CAE8CFD532B82C264B5A78B20E848FC50740810. m-4044 hard/3 bots/10d/32x32/100/5000/8 agents/18 spots/6 brands/default: 10/10 valid, replay-check 6/60/364, max response 4072ms, max solver 2658ms, mid-day 9/9, 1280 routes, 80 generated=80 dual-valid, zero mid-day deadline/failure, reserve 1100ms, replay SHA256 117DCA82749300396ADF00372156C2D65F57F8119A3A4B672D077728463BFEC0. m-4045 same 32x32 but 4 agents/low: 10/10 valid, replay-check 6/60/144, max response 3471ms, max solver 2954ms, mid-day 9/9, 768 routes, 47 generated=47 dual-valid, zero deadline/failure, reserve 1100ms, replay SHA256 CB3C131120CEA9725D2AD9C4C607F9636E856809998853601EBA0BF031C63C90. Aggregate 27/27 valid, zero emergency, 24/24 nonterminal days live, 2656 routes, 149/149 generated plans dual-valid. middayChainAcceptances telemetry emitted on every protected-slack record but remained zero, so gate proves target-host wiring/validity/reserve/telemetry, not live score takeover; frozen causal dev/holdout remains score authority. Independently cross-verified 2026-08-24: all 3 replay hashes + binary hash match raw files; raw standings m-4043 RANK 1 6/42/127 (the m-4039 24x24 loss regime, now won, +13 tier-3 over best bot), m-4044 rank 2 6/60/364 vs best bot 372, m-4045 RANK 1 6/60/144 with every bot dropping tier-2 (52/50/48); zero starved colgen days across 27 days (208 rule-2 scan clean). Zero live acceptances attributed to regime: A/B evidence ran at daySteps 16-18 while live days are 100 steps, where incumbents are already deep and same-terminal challengers within the 32-route/1.25M-state caps never dominate - live-inert-but-harmless; a daySteps-100 yield axis would need its own registered experiment. CORRECTION 2026-08-24 (external review, accepted): certificate wording fixed from state-identical to future-domain DOMINANCE (patrol fuel may be strictly higher), so losses with acceptances are bounded realized regression / timed-policy sensitivity rather than provably pure noise - verdict unchanged; telemetry fixes applied (HTTP firstRoundScore copy on midday improvement; witnessParentFuel read-before-overwrite in the 207 and 211 pair loops, telemetry-only, full suite passed)",accepted,"Kill conditions pre-registered: (a) yield starvation - if dev acceptance count is ~0 across all fixtures the certificate is too tight, close rejected-yield and design a relaxed-certificate successor with its own soundness argument (never relax inline); (b) any invalid/emergency/runtime-parity violation closes rejected; (c) acceptance requires dev W/T/L clearly positive with acceptance-conditional signal, then sealed holdout, then BTC live gate on target host, per the 207 chain. Never reopen 209; never touch main-solve retention (that is a separate future experiment with its own registration)."
ATTR-SUFFIX-TRAJECTORY-MEMBERSHIP-209,2026-08-23,690728a,research-probe-only,"Closed 185 leaves three live coupled-minimax counterexamples (1720100 6/19/19 vs production 6/18/18; 1721100 5/17/18 vs 5/17/17; 1721200 5/20/21 vs 5/19/22 tier-2) whose reopen condition demands a coupled multi-day suffix-state evaluator, but 200/202 proved the exact day-1 root is generated, retained and forceable while production still loses the suffix; whether the production generator can even EXPRESS the oracle plan for suffix days 2..4 along the winning coupled trajectory (with both teams traffic evolving) has never been measured. If those routes are absent at witness or production caps, any frontier selector is dead on arrival (076/081 and 100/113/203 precedents) and the axis needs a generation mechanism instead.","Read-only pre-gate inside research/probes/multi_patrol_oracle.cpp: re-solve only the winning day-1 root subtree per seed via the existing root-stream machinery (singleton own-root range), then walk the memoized argmax trajectory under each causal opponent policy (maximum-dwell, minimum-dwell, status-toggle) and per suffix day measure from the coupled day state (traffic statuses from both teams): (a) oracle spot-mask membership in exact-orienteering maximal routes and terminal variants plus strict supersets; (b) witness-caps portfolio then W1 master contains-outcome; (c) production-caps master contains-outcome plus the first candidate cap in the ladder 32..256 that retains the oracle day outcome; every oracle day plan dual-engine validated via evaluate_exact_plan before measurement.","Research-probe-only; no production source change; consumed seeds and winning roots only (1720100 root 223, 1721100 root 36, 1721200 root 7); official score exact simulator independent validator and 5000ms cap unchanged; no seed map family fuel role bot opponent routing; generous budgets so deadlines never bind - membership answers are structural, not timed; venue local idle machine (207 holdout owns the VM).","Frozen manifest research/holdouts/ATTR-SUFFIX-TRAJECTORY-MEMBERSHIP-209.csv SHA256 849C5162492219F6230EFA82B4C898072E0C12A7A08788433BD9EB5D98024B73 (amended pre-measurement: oracle_scope normalized to the probe-validated string winning-root-trajectory-membership; winning root indices live in this row and STATE): three consumed witnesses, three policies each, suffix days 2-4.","Walker fidelity exact on all 3 witnesses x 3 policies (finals equal memoized robust: 1721100 5/17/18, 1721200 5/20/21, 1720100 6/19/19; every day exact_valid=1). Decisive advantage days are absent from BOTH witness-caps and production-caps candidate sets at every cap 32..256 (w1_outcome=0 prod_outcome=0 first_cap=-1): restrained positioning days (1721100 d3; 1720100 d1 - the winning ROOT itself, head only 6/18/18) dominance-pruned, and full-depth sweep days (1721100 d4; 1721200 d3 max/status; min-dwell suffixes) present in exact-orienteering reachability (mask_maximal=1) but never adopted into portfolio columns. All remaining days expressible at first_cap=32. Zero present-but-dropped-by-selection days observed. Logs: 1721100 SHA256 4017E64055BD0AF28F06A2A10FF3144D9FBB3CEDE322F2B5F17CA6E1BDEAF738, 1721200 A1614100DB507FE8E988D7A762EC94063FF7EC96410D185FFE1779765AEA0758, 1720100 2C16917F64B334C215C204A03955BE7638FC90CB9B7E00FF2CBFAF4FC07B3A6D",849C5162492219F6230EFA82B4C898072E0C12A7A08788433BD9EB5D98024B73,not-applicable,not-applicable,accepted-attribution-generation-blocked,"CLOSED 2026-08-24 per the pre-registered rule: generation-blocked with per-day attribution - axis redirected to targeted suffix GENERATION (protected-lane adoption of deep maximal exact-orienteering routes + restrained positioning columns enabling next-day sweeps), honoring 194/195/198 no-pool-growth-redistribution and 201 parent-work-protection, runtime-signal gated only; converges with live m-4039 ~3 servings/day chain-depth gap. Frontier-selector-only candidates are dead on arrival (nothing to select). Never promote a SCORE candidate directly from consumed roots. Original rule: Close as generation-blocked (redirect axis to targeted suffix generation) if oracle suffix routes are absent at witness AND production caps on all fixtures; close as frontier-axis-live if present-but-dropped by selection; mixed evidence closes with per-day attribution. Never promote a SCORE candidate directly from consumed roots."
ATTR-COVERAGE-REGIME-208,2026-08-23,690728a,research-only,"Consumed extreme-config BTC match m-3986 (Hard, 3 bots, 10 days, 32x32, 200 steps, 15000ms, 8 agents, 32 spots, 32 brands, high fuel) shows a decisive-tier regime flip: with brands==spots tier-2 is pure per-day team coverage; our bot achieved full 32-brand coverage on day 1 (capability exists) then collapsed to 10-23 distinct brands on days 2-10 (total 176) while three BTC depth-search bots held 320/320/318; master combinations collapsed 993 to ~126 and per-agent assigned distinct spots fell from 7-10 to 1-3. Named suspect holes never attributed: no global team-level distinct-brand assignment altitude, candidate/portfolio caps that do not scale with spot density, and a weak cross-day incumbent chain. Standard-config wins prove the gap is regime-scoped, not general weakness, but the missing mechanism may pay rent generally.","Read-only earliest-stage attribution before any candidate: reconstruct each day of consumed m-3986 and measure per day (a) a relaxation-based tier-2 viability upper bound (distinct brands reachable and servable given agent positions, fuel and stock), (b) the coverage upper bound attainable within the generation-stage enumerated route/candidate pool, (c) master/recombination-stage retained coverage, (d) final selected coverage; attribute the loss to the earliest stage where the attainable bound drops. Then reproduce the same attribution on a synthetic local high-brand fixture family (brands==spots) registered into the frozen manifest before first measurement. Any SCORE candidate is a separate later experiment whose activation must be gated by a runtime tier-2 upper-gap signal (viability upper bound minus achieved), never by config thresholds.","Research-only, no production source change; consumed replay m-3986 is an attribution fixture only, never a tuning target; official lexicographic score, exact simulator, independent validator and 5000ms hard cap unchanged; no seed map family fuel role bot opponent or config routing; synthetic fixtures must be appended to the frozen manifest before any measurement on them is recorded; local elapsed excluded.","Frozen manifest research/holdouts/ATTR-COVERAGE-REGIME-208.csv (PROVENANCE AMENDMENT 2026-08-24, external review: the manifest file was amended post-registration with witness replay hashes; current file SHA256 738502F0FA702BF00605AA55E7BA6787AE04F23FE15324CC4CE5D222F79E7E11; conclusions unaffected) (registration-time SHA256 81F47F1A2E1454404596036A04BDC1B48E5B1B2A7D4BD26910F563CF7DDF742D): consumed m-3986 day-by-day attribution first, synthetic high-brand family appended and re-hashed before its first measurement.","Replay side: earliest failing stage = column generation (sequential per-agent loop planner.cpp:2820 under shared deadline); m-3986 starved 9/10 days (trailing agents zero queries, cache 0 hits, colGen 1200-1340ms), m-3897 4/10 days with ~40% tier-3 loss on stub days, m-3908 negative control 0/10; selection and master innocent. Synthetic side: registered 48-match grid ZERO starved days in 480 match-days, tier-2 coverage 94-100% of cap on every axis (syn log SHA256 C420F3666F35A4BD7E836F971BF86AD4EA4FA3AC274781D115BE0C0D6C680494). Discriminator: starved production days show 2-3x labels/ms throughput collapse; controlled 8-core contention on the registered 32/200/distinct cell reproduces the live signature on demand (32/312/868 idle -> 32/269/683 contended, colGen 1200-1450ms, combos 0-129; baseline SHA256 9EF5738279372A58597064BD893BDC8AF5C1C6D8E7ED9839B1385CE7C226A76B, contended FC29AE19C3D4758FDBB3EAE0A49D0931B35E77F888FCFD73ACEF82B815227166); m-3986 provably ran inside the local 207-dev window. Dominant cause = operator-machine CPU contention, not an algorithmic gap",81F47F1A2E1454404596036A04BDC1B48E5B1B2A7D4BD26910F563CF7DDF742D,not-applicable,not-applicable,accepted-attribution-venue-artifact,"No SCORE candidate justified: clean-venue coverage meets 94-100% of the viability bound in every registered regime. OPERATIONAL RULE: never run experiment compute on the match machine during a live match (measured cost -43 tier-2/-185 servings under full contention). Reopen a generation-rebalancing candidate only if a clean-venue dedicated-machine BTC match shows zero-query patrol agents or tier-2 materially below the day viability bound; never justify it from contended-venue evidence."
SCORE-TERMINAL-PAIR-EXCHANGE-207,2026-08-23,690728a,working-tree-slack-refiner-additive,"Accepted 191 iterates one-agent sparse exchanges to a fixed point on the terminal day of the sparse (dense-unsupported) domain, which no ceiling oracle covers (070/147 closed only dense/small domains). A coordinate method mathematically stops at one-agent local optima: joint improvements that require two patrols to swap or re-partition contested spots/stock simultaneously are unreachable (precedent 041 one-exchange inert versus 042 multi-agent coordination finding +1).","After the unchanged 191 one-agent ascent reaches its natural fixed point, spend only the remaining protected terminal budget on a pair phase: for ordered patrol pairs, evaluate joint replacement of both agents plans from the already-enumerated sparse route pools, hash-deduped, exact-simulated and independently validated, accepting only a strict official-lexicographic improvement; on acceptance re-enter the one-agent ascent and repeat until no pair improves or deadline. The parent work prefix is byte-order identical; if the deadline lands inside the one-agent phase the pair phase never runs.","Additive only after the protected first round and the complete parent ascent; no reordering of parent enumeration (the 201 lesson); dual-engine agreement required per candidate; official lexicographic score simulator validator and 5000ms cap unchanged; terminal day only, sparse domain only; no seed map family fuel role bot opponent routing; local elapsed excluded.","Frozen manifest research/holdouts/SCORE-TERMINAL-PAIR-EXCHANGE-207.csv: fresh dev 60 (4900000/4901000/4902000/4903000 weighted to sparse tiers 8/8/20/24) and sealed holdout 108 (4910000/4911000/4912000/4913000 = 16/16/36/40), 197-style rotation, protected-reserve closed-loop track; parent binary historical_tournament_parent_207.exe SHA256 08382B5231F15A2A66FD5880A34325D552056FD242F35DF0CE92FFF4EE20C783.","Same-binary causal off/on on quiet GCP VM (c3-highmem-4), 60 paired closed-loop matches, sides sequential with spot-preemption-safe resume: W/T/L 17/41/2 +42 servings, zero invalid/emergency/dominance failure, zero tier-1/2 change. Mechanism alive: 16 pair acceptances across 12 cases (off-side control 0); all 12 acceptance cases won (+19) and no acceptance case lost; both losses (-46/-4) and 5 of the wins occurred at zero acceptances = parent deadline jitter, not mechanism. Benefit concentrated in target very-hard sparse tier 13/10/1; positive in all fuel, role and window lanes. Off log SHA256 E0728F55BE5454B0445C8228D094071EABBB97C7E11A8E4EC261A3F08E1BD6D4, on log 9E44DE6CEDD9FC0F4F299374E1D9538A9AF723E1E7244617AC44CD82493599ED; development-qualified-for-holdout",D9506BFC73120CB30679271992EDAA71D333E94879AF1A78E47A3CF04B740D79,"Opened per gate after dev pass; same-binary causal off/on on the quiet VM with preemption-safe resume, 108 pairs: W/T/L 24/72/12 +40 servings, zero invalid/emergency/dominance failure, zero tier-1/2 change in 216 runs; runtime tails byte-similar (max_ms off 3016/3024 vs on 3016/3018). Mechanism causal signal clean: 18 cases with 21 acceptances (off control 0) score 16W/2L (+30/-3 servings); every remaining non-tie is at zero acceptances and nets +11 with symmetric tails (jitter); easy/medium losses all at zero acceptances where the mechanism never fires. Off log SHA256 668D419D4B7B8F957EF119BF4D3CB8D11612C101C8036D04E5353BBFFA45C624, on D7AAB15BB570752E1FCAD6219715FD4BCC446B23D68C04CDDF6BAB533E067CF1","Debt paid 2026-08-24. Production binary SHA256 2D79A5CD0029F75E6C50D3CB1F37FE3856407364B95B0C244C92D7175F872DBF. Decisive explicit-advanced m-4039: hard/3 bots/7 days/24x24/100 steps/5000ms/4 agents/18 spots/6 brands/default fuel, one tanker selected. Terminal telemetry terminalSparse=true deadlineReached=false, 3456 sparse routes, 3168 generated and dual-valid plans, 5 strict candidates, 3 sparse rounds and terminal servings 20->27; therefore the enabled pair loop was entered and completed. 7/7 HTTP 200 valid ACKs, zero skip fallback emergency sparse failure, max response 3312ms, max solver 3116ms; replay-check exact 6/42/151, SHA256 54200DCF9CC5D6AD74ADF4CA47F5FB819C72FFD481993D6C4346BFD9B1C666EB. Rank4 vs bots 6/42/169..174 is a separate earlier-day tier3 counterexample, not a 207 regression because 207 protected terminal path added 7 servings and preserved lifetime/daily. Earlier probes m-4037 dense-inert and m-4038 sparse-one-agent-deadline are recorded in evidence; debt closed. Independently cross-verified 2026-08-24 07:5x: binary and replay SHA256 match, day-7 telemetry matches raw protected_slack record exactly, wait-detour day 4 +1 and terminal day 7 +7 fully reconcile the local-vs-server 143 vs 151 servings delta. VENUE CAVEAT: operator ran cargo (rust) builds concurrently; measured mild contention (m-4037 labels/ms 1307-1987 vs healthy 2200-2700 baseline, m-4039 days 5-6 dip to 1444-1842) with zero colgen starvation and zero deadline overruns - results stand, but the 208 no-concurrent-compute rule remains absolute for real competition",accepted,"Accepted and enabled in production (btc_main); default-off research switch retained for causal A/B. Revert only on a reproducible valid protected-parent regression, a future BTC target-host reserve violation with the pair phase live, or a future exact-valid replay showing the protected terminal result below its certified parent; m-4039 closes the original BTC debt. Never tune the pair phase by seed map family fuel role bot or opponent."
SCORE-REFUEL-NOWAIT-206,2026-08-23,690728a,reverted-working-tree,"205 pinned server-side zero-dwell mid-move refuel (555 in-match firings, 4 fuel-critical accepted days, 109/110 exact transitions), yet the only mid-day rendezvous construction (planner.cpp:3480-3634) hardcodes rendezvousWait=1 for the patrol and searches the departure only in daySteps-(rendezvousStep+1); every constructed refuel donates one patrol step the rules do not require whenever the departure leaves via a cost>=2 cell with acceptance fuel available.","Additive no-wait rendezvous variant: for each constructed WAIT(1) escort pair, when the rendezvous exit costs >=2 steps under current status and arrival fuel covers the first departure move, also emit a second escort pair (new group, duplicated tanker column with its unchanged one-step hold) whose patrol departs immediately at rendezvousStep with departure window daySteps-rendezvousStep and the same {rendezvous, rendezvousStep+1} refuel event satisfied mid-move. WAIT(1) pairs are fully retained; both variants pass the same master, exact simulator, independent validator and final full-trace gates.","Additive only, no removal disablement deferment or reduction; one canonical solver; official lexicographic score exact simulator independent validator scenario manifest and 5000ms hard cap unchanged; no seed map family fuel role bot opponent routing; acceptance requires broad paired benefit with bounded downside across fuel/role/tier lanes, zero invalid/emergency, and pool-growth sampling shifts are judged by the gates, not excused; local elapsed excluded and BTC target-host final for runtime claims.","Frozen manifest research/holdouts/SCORE-REFUEL-NOWAIT-206.csv: fresh dev 60 (4880000/4881000/4882000/4883000 stratified 12/12/18/18) and sealed holdout 108 (4890000/4891000/4892000/4893000 stratified 24/24/30/30), 197-style rotation and protected-reserve closed-loop track; parent binary snapshot historical_tournament_parent_206.exe SHA256 9051831EFF2810166CFD7AF54CA97194FF1888CF1E43DE6830137BD3B1DE4E2C.","60 fresh paired closed-loop matches, sides sequential: W/T/L 16/26/18, zero invalid/emergency both sides; one tier-2 loss (4880007 low/fuel-tight -2 daily -35 servings); tier-3 +16/-17 with +140/-162 servings and tails -36/-28/-24/-22; losses systematic in default/fixed (1/3/6) and very-hard tier; window-independent (long 9/11/10, short 7/15/8). Additive escort-pool growth redistributes deadline-sampled search (194/195/198 phenomenon) and outweighs the reclaimed step. Parent log SHA256 07C56D3DA02083990CBEC15986480D1395859E687C12C2A050148ED0D0429F81, candidate log 55E522322EB0F02566A7192D2FE450F81AFBDEBFC1A8526864D3BCAFC49170CF; evidence SCORE-REFUEL-NOWAIT-206.md; source reverted, tests green.",22E3E21819E34B1ABFEA46258117D519ABA8984124AA031EA74B5C588C2E73D4,sealed-not-opened,not-run,rejected,"Reopen only via a mechanism that captures the reclaimed rendezvous step without growing the deadline-sampled candidate pool, e.g. an incumbent-protected WAIT(1)-shift transform in the accepted 187/197 refiner lane under strict componentwise dominance; never widen the escort pool or tune on the consumed 488xxxx seeds."
SEM-REFUEL-MIDMOVE-205,2026-08-23,690728a,research-probe-only,"Every canonical rendezvous plan charges the patrol a hardcoded WAIT(1) at the meeting cell (planner rendezvous_actions rendezvousWait=1, planner.cpp:3594/3619), yet the exact simulator keeps a moving agent at its source cell until the move completes, so a patrol departing with a cost>=2 move stands at the rendezvous for two consecutive boundaries and by simulator semantics refuels with zero dwell. The existing immediate-departure test asserts only final fuel < limit, which cannot distinguish refuel-then-deduct from no-refuel, so in-house semantics are unpinned; real-server behavior is unverified and anomaly m-0922 (+7 fuel with tanker elsewhere) is unexplained.","Read-only three-part attribution before any candidate: (a) dual-engine micro-probes pin exact simulator and independent validator behavior for immediate-departure, mid-move interception, smooth-road one-step departure and tanker-mid-move provision; (b) scan all fifteen archived BTC replays for distinguishing occurrences where a mid-move refuel changes final fuel versus a no-midmove-refuel counterfactual, then compare simulated final fuel against next-day authoritative fuel; (c) if no distinguishing occurrence exists design a dedicated live BTC probe. Only after server semantics are pinned may a separate SCORE experiment add additive no-wait rendezvous variants.","No production or test source change in this phase; probe is research-only and additive; official semantics authority is the BTC server, never local agreement alone; official lexicographic score exact simulator independent validator and 5000ms hard cap unchanged; no seed map fuel role family bot opponent routing; consumed replays are attribution fixtures only, never tuning targets.",Frozen manifest research/holdouts/SEM-REFUEL-MIDMOVE-205.csv of all fifteen archived BTC replays with SHA256 and sizes; micro-probe fixtures are synthetic and probe-local.,"Phase(a) dual-engine micro-probes: mid-move refuel fires in both engines (immediate-departure timeline 10/10/9/20/19; interception; tanker-mid-move provision); one-step road departure does not; arrival refuels one boundary later. Phase(b) scan of all 15 replays: 555 mid-move firings inside accepted production plans, 111 distinguishing days, 4 fuel-critical accepted days (m-3878 x2, m-3879, m-3880) that a stationary-only server must reject with E_NO_FUEL, authoritative agents matched 109/110 transitions. Server implements mid-move refuel exactly. Single mismatch m-3876 day9 agent1 (+48, position exact) fits cross-team refuel-to-full at the unique fuel-152 boundary with the sole opponent tanker geometrically adjacent; matches open m-0922 anomaly; plausible-not-proven, fuel-only-increases so no validity risk. Evidence SEM-REFUEL-MIDMOVE-205.md; scan log SHA256 C04B60651C542509B558B7793A86500BC39A017F1D1C51B5D16CC6D1AF186313.",E01CA37756C9CFD96FF6738BEFC3443A4738B6B6DB7048ABF3456D6C975E3962,not-applicable,pending,accepted-semantics,SCORE candidate for additive no-wait rendezvous variants is unblocked. Reopen the cross-team side question only if a future reconciliation mismatch reproduces it with richer public data; never assume cross-team refuel in planning until proven.
ATTR-PROTECTED-WAIT-FIXEDPOINT-204,2026-08-23,690728a,reverted-research-harness,Accepted187 protects the canonical day decision but its nonterminal WAIT refiner evaluates every one-agent detour against the original incumbent and returns after one coordinate round; accepted191 proves a protected fixed-point can add value on the terminal sparse refiner.,Preserve the complete187 first-round result exactly then call the unchanged WAIT refiner on that certified incumbent for later rounds; each round must exact-simulate independently validate and strictly componentwise-dominate its immediate parent; stop on no gain fixed cap or the same deadline and retain the best certified incumbent.,Consumed-only attribution; no production source change; no deletion disablement deferment reduction or duplicate solver; first-round result protected; official comparator exact simulator independent validator terminal state road footprint fuel and ledger dominance unchanged;5000ms hard cap unchanged; no seed family fuel role map bot opponent routing; local elapsed excluded.,Already-opened4411000 causal witness first; controls4310100/4310200 forbidden unless a later round strictly improves round1.,Latest parent6/60/482 versus virtual6/60/481;24 generated/valid one liftable one takeover zero deadline invalid emergency; exactly one accepted round over the match and no second-round gain; controls and fresh split unopened; log SHA256 31C1E1DECC1A565CBEE88C1E39F7F3121ADF375536F791F54F6B1A70A2C5BC5F.,9082E0B478F9D920FB033EF77983F3F5263E5B389940842D80AE6BC92CC62B47,sealed-not-opened,not-run,rejected-inert,Reopen only after an independent day exposes two compatible strict protected WAIT detours; do not widen routes or rerun consumed4411000 to manufacture a second round.
SCORE-EXACT-SUFFIX-BEAM-203,2026-08-23,690728a,reverted-working-tree,Experiments200 and202 show two completed185 witnesses whose exact day1 roots are supported complete and master-retained but production loses the advantage in later suffixes; current W1 exact-bundle repair greedily collapses each exact day portfolio to one continuation before advancing.,Protect the complete current greedy witness then force up to three alternative exact-supported first-suffix-day bundles while later suffix days retain the current greedy selection; accept only a strictly better complete witness.,No designed functionality deletion disablement deferment reduction or duplicate solver; parent greedy witness and every fallback retained; official comparator exact simulator independent validator scenario manifest and5000ms hard cap unchanged; no seed family fuel role map bot opponent plan routing; local elapsed excluded and BTC target-host final.,Consumed1721100 and1721200 under maximum-dwell minimum-dwell status-toggle and protected reserves1100/0 only; fresh development forbidden unless at least one exact gap closes.,No causal effect:1721100 remained5/17/17 5/16/17 5/17/17;1721200 remained5/19/22 for all policies; identical plan hashes at reserves1100/0; zero takeover generation deadline or invalid; causal log SHA256 47C20C9A7001AB7ECFBCD6DCBF61C7FAC5C9FABD56D4BAD5279B87D171CE7327.,D2F4013BF79BD5CB32AB4EF9C6A4203B9BEC35DB2159183E23CD438B9991FE4D,sealed-not-opened,not-run,rejected,Reopen only with a genuinely coupled multi-day suffix-state evaluator and a new general witness; do not increase beam width or tune by the consumed seeds.
PERF-PROTECTED-HASH-MEMBERSHIP-201,2026-08-23,690728a,reverted-working-tree,Accepted197 spends reclaimed time only in protected wait-detour and terminal sparse refiners. Both hot candidate loops use std::set<uint64_t> only for insert membership and never consume ordering or iteration.,Replace only the two protected-refiner membership containers with std::unordered_set<uint64_t> plus bounded reserve. Keep plan hash equality candidate and route order exact simulator independent validator comparator incumbent terminal rounds dominance deadline and all production wiring unchanged. Build separate parent and candidate binaries for research; accepted production remains one path.,No designed functionality deletion disablement deferment reduction or duplicate production solver; exact same uint64 equality classes and no observable container iteration; no-deadline plan score state diagnostics equivalence;5000ms hard cap and197 parent incumbent unchanged; no seed map fuel role family bot opponent routing; GCP/local elapsed excluded and BTC target-host final.,Direct same-input WAIT and terminal refiner equivalence passed: WAIT11/11 identical; terminal3584 routes 1547 valid plans 16 strict improvements seven rounds same6/6/83 same plan/state hashes no deadline/failure. Fresh14/20/26/32 low/default/high fixed/native paired development completed.,60 pairs7/46/7 +68/-63 tail-22/+38; fixed4/22/4 +48/-44; native3/24/3 +20/-19; zero role mismatch invalid emergency failure; +27 wait-valid +512 sparse-valid +2 rounds but no protected score monotonicity; log SHA256 23B16C01ED85A5BD4C9CD9F8B97E15CF390ACF814A8C6C72B8DCA78A9948282E,6A073DE108F32E616C56E1A35F32B77E11F0378C45BCBD9F7ADD9B82D5FAD086,sealed-not-opened,not-run,rejected,Reopen only with a mechanism that proves additional protected work cannot alter the certified incumbent except by exact improvement; do not justify another container swap from elapsed time alone.
ATTR-ORACLE-ROOT-CAUSAL-202,2026-08-23,690728a,research-only,Completed185 default-fuel witness1721100 reaches exact5/17/18 while accepted production remains5/17/17 or5/16/17 under all policies and both protected windows; unlike1721200 its root-to-suffix boundary has not been attributed.,Use the existing research-only inspect and forced-prefix paths to compare exact root3.2.2.2.0.1.5.-3 against production root3.2.2.2.0.0.2.-3 at the day1 portfolio/master/evaluator boundary; then freeze only the exact day1 root and let unchanged production solve days2-4 under maximum-dwell minimum-dwell and status-toggle.,Consumed seed and witness only; no production behavior fixture policy score simulator validator or deadline change;5000ms hard cap unchanged; forced prefix research-only; no designed functionality removed disabled deferred or reduced.,Consumed1721100 only; day1 root attribution plus three forced-root production suffixes.,"Exact root support/complete/master masks111 and current5/5/5; both roots certified and neither dominates; exact lower5/16/17 versus parent5/17/17 with equal upper5/20/24. Forced exact root plus production suffix ends valid5/17/17 under all three policies, still below oracle5/17/18; missing boundary is later suffix/evaluator not root generation or retention.",1734EE65A8D79F6388E30799CEA5058B05C33AFBBED452177BCC80046EC193E7,not-applicable,not-applicable,accepted-attribution-no-source-candidate,Reopen source work only with a timing-independent general multi-day suffix evaluator and fresh multi-agent evidence; never promote or route by these consumed roots fixtures or policies.
ATTR-ORACLE-ROOT-CAUSAL-200,2026-08-23,690728a,research-only,Experiment199 confirms latest protected production remains5/19/22 on consumed high-fuel1721200 under all three policies and both3900ms short and5000ms full-cap refinement windows while exact185 reaches5/20/21. Exact root begins3.2.2.2.0.0.5.5.-2 and production root begins3.2.2.2.0.1.5.5.5.,Use the existing research-only inspect and forced-prefix paths to compare exact root versus production root at the day1 portfolio/master/evaluator boundary then freeze only the exact day1 root and let unchanged production solve days2-4 under maximum-dwell minimum-dwell and status-toggle.,Consumed seed and witness only; no production behavior change no new fixture policy or holdout; official score exact simulator independent validator and5000ms hard cap unchanged; forced prefix research-only; no designed functionality removed disabled deferred or reduced.,Consumed1721200 only; day1 candidate attribution plus three forced-root production suffixes.,Exact root dual-valid supported complete and retained. Current/lower/upper exact5/5/5 and5/19/19..5/20/31 versus parent5/5/6 and5/19/20..5/20/31. Forced root then production suffix reaches5/20/21 maximum/status but5/18/21 minimum versus production5/19/22; coupled suffix gap not root availability.,49B2B829E1D629BFE201976F09873DFEDBF714E9BE1EA07ED5BE684138D71C7E,not-applicable,not-applicable,accepted-attribution-no-source-candidate,Reopen source work only after locating a timing-independent boundary and demonstrating the same mechanism on fresh multi-agent stratified evidence; never route or tune by seed fixture policy or exact plan.
ATTR-ORACLE-LATEST-RESERVE-199,2026-08-23,690728a,research-only,Completed185 witness1721100 exact5/17/18 still exceeded experiment192 production5/17/17 but192 used the obsolete1600ms protected deadline. Completed1721200 exact5/20/21 versus recorded head5/19/22 has never been revalidated against accepted190/191/197.,Consumed-only research probe reproduces accepted197: canonical solve keeps1600ms calibration then protected nonterminal wait or terminal sparse fixed-point refinement ends at min(received+5000ms authoritative-deadline-1100ms). Run both short3900ms and long5000ms protected windows under maximum-dwell minimum-dwell and status-toggle policies.,No production source behavior change no seed tuning no new map family opponent or holdout; official score exact simulator independent validator virtual-parent transition and ledger dominance terminal coordinate ascent and5000ms hard cap unchanged; no designed functionality removed disabled deferred or reduced.,Already-consumed1721100 and1721200 only; six policy-window combinations per seed with per-day plan score takeover deadline and final hash attribution.,1721100 remains5/17/17 5/16/17 5/17/17 versus exact5/17/18 and1721200 remains5/19/22 versus exact5/20/21 in both window modes; all valid same hashes zero generated takeovers or deadlines; extra protected time falsified as cause.,DF7EF5A47271F4F171A2CA673F37F38384F499A0770D387116DD3608CE48984F,not-applicable,not-applicable,accepted-attribution-residual-gap,Open source work only if a gap survives latest production under both window regimes and a separate timing-independent multi-agent causal mechanism plus fresh generality can exploit it; never route or tune by these seeds fixtures or policies.
PERF-DAY-MASTER-DEDUP-198,2026-08-23,690728a,reverted-working-tree,Experiment195 proved an injective flat membership representation and isolated it from role selection but was closed before holdout because direct-parent benefit was not target-host or generality qualified. Accepted197 now supplies the registered protected-reserve parent and reopens the exact marginal comparison.,Change only the three evaluatedPlans membership checks in the post-role main day RouteMaster and its copied recombination options from canonical JSON to a fixed-endian length-prefixed action-wire key. Keep every survivor stableId canonical JSON. Role selection future repair post-ACK proof comparator simulator validator operation caps and protected refiners remain unchanged.,No designed functionality deletion disablement deferment reduction or duplicate solver; one canonical master pipeline; exact equality classes traversal candidate order stable IDs actions score state and validation must remain equivalent absent a deadline; role path byte-equivalent;5000ms hard cap and197 protected incumbent/refiner invariant unchanged; no seed map fuel role family bot opponent dispatcher; local elapsed excluded and BTC target-host final.,Algebraic complete-master role-isolation and24 archived replay gates passed. Fresh60 paired development22/30/8 +366/-60 zero tier1/2 loss invalid emergency or failure; fixed-role A/B/B/A over all losses both relevant masks and top gains closed3 confirmed gains1 confirmed loss7 mixed4 ties with real very-hard downside -12/-20; development and reproduction SHA256 54642CB2E387B03067D766FA361943A4F4F7F1A30FCF7EFDA6B7C60897B779A0 and23F78F3B19D22E1143E502C9B6D2229DC7DB4FB5710A9ECE4056737B436C6BAD.,development-qualified-for-holdout-not-accepted,BA23588A49AC6E431D401F63BB8538E919421844FB07484645F881780D87C34C,24/58/26 over108 +213/-345 tail-101/+41; fixed13/33/14 +137/-72 tail-16/+41; low7/22/11 +88/-241; very-hard10/9/11 +144/-226; high9/19/6 including fixed -15; zero tier1/2 loss invalid emergency failure; log SHA256 32B7600DB5ACE1959665015AEA42E527819387FC284E940E8545598C14DBAEE2,not-run,rejected,Reopen only with a timing-independent mechanism that protects the canonical parent work allocation or incumbent before doing additive work; do not route the flat key by fuel map family spot count role or seed.
RUNTIME-PROTECTED-RESERVE-197,2026-08-23,f9c0019,accepted-working-tree,"Experiment196 proves reclaimed500ms restores consumed m3908 from current466..472 toward535 but direct extra solver time changes the full search trajectory and does not protect the1600ms incumbent.","Keep role selection and canonical day solve byte-identical at1600ms. After exact validation freeze that incumbent; set refiner end to min(received+5000ms authoritative-action-deadline-1100ms) and use only that interval in accepted nonterminal wait-detour or terminal sparse coordinate refiners. Deadline failure invalid non-improvement or failed dominance returns the parent unchanged.","No functionality deletion disablement deferment reduction or duplicate solver; one canonical role/day producer; parent action byte-identical before refinement; outer45-60s never raises internal compute above5000ms; official lexicographic score exact simulator independent validator nonterminal state/ledger dominance authoritative deadline800ms submission floor750ms bounded ACK unchanged; no seed map family fuel role bot opponent dispatcher; local elapsed excluded and BTC target-host final.","Consumed m3908 attribution plus fresh14/20/26/32 low/default/high fixed/native development; parent-identity validity and strict-gain gates passed before holdout.","Development prerequisites passed; frozen holdout83/25/0 over108 with+1021 servings zero lifetime/daily loss invalid emergency dominance failure or refiner failure; zero-loss across every registered difficulty fuel role family and spot density.",4A56330C4D3EA548FD522F7B21B0838521F90EC62C025EFE0ECE6F57D34AAD38,"83/25/0 over108; easy9/15/0 medium17/7/0 hard30/0/0 very-hard27/3/0; fixed51/9/0 native32/16/0; +1021 servings max+33; zero tier1/2 loss invalid emergency failure; four terminal deadline exits kept incumbent; log SHA256 F4F0C53F79DAC114618C9ED6DEA85CF0DAFD180D6C72FE54BE1E396CB3DBA00E","m3927 15000ms:10/10 valid max3588ms parent6/60/552->candidate566; m3928 5000ms:10/10 valid max2963ms reconciled9/9 parent6/60/494->candidate515; bot rank excluded",accepted,"Reopen only if BTC target-host transport evidence shows1100ms protected reserve unsafe or a reproducible valid protected-parent regression appears; never tune by match bot seed family fuel role map or outer window."
RUNTIME-BTC-RESERVE-196,2026-08-23,f9c0019,reverted-working-tree,"Authenticated m-3908 historical attribution found immediate parent02df79d repeating6/60/537 and533 while fa21950 fell to6/60/461 after the BTC networkFloor alone rose1100->1600ms; current parent remains466..472 and candidate195 only recovered495. Archive124 accepted actions show ACK p9961ms max132ms and zero transport retries.","Restore only BTC day-solver networkFloor1100ms while retaining the1600ms role path independent800ms submission floor750ms bounded ACK attempt idempotent resend authoritative deadline and5000ms hard cap.","No functionality deletion disablement deferment reduction or duplicate solver; unchanged planner comparator simulator validator operation caps role policy and exact scoring; zero invalid emergency deadline skip or stale ACK; local elapsed cannot promote and BTC target-host owns latency safety.","Consumed m3908 and archived transport attribution followed by fresh controlled timed development; holdout sealed until development passes.","m3908 fixed mask2 reached6/60/535. Fresh differences reversed or disappeared after order and role-mask control; direct extra search remained structurally non-monotonic and did not protect the1600ms incumbent.",0BFFCB1611443A1BDEC7EC4EE7610393BD158B4C5D135020FA2575A1EC150568,sealed-not-opened,not-run,rejected,"Reopen only through a successor that freezes the byte-identical1600ms role/day incumbent and spends reclaimed time solely in an exact monotonic refiner; never directly replace the parent search trajectory."
PERF-DAY-MASTER-DEDUP-195,2026-08-22,f9c0019,reverted-working-tree,"Experiment194 proved a collision-safe flat master membership key but applying it during timed role selection changed how much incomplete evidence each assignment received and produced a score regression.","Keep role selection future repair and post-ACK proof canonical. Enable the same flat injective key only in the post-role main day master options and copies used by recombination; survivor stable IDs remain canonical JSON.","No designed functionality deletion disablement deferment reduction or duplicate solver; one master pipeline; roles and certification byte-equivalent; exact equality classes candidate comparator simulator validator deadlines operation caps and5000ms hard cap unchanged; local elapsed excluded; BTC target-host alone has performance authority.","Complete-master and role-path equivalence passed;24 complete archived replays matched; first fresh timed loss vanished under reversed-order reproduction. Authenticated m-3908 gave a positive direct-parent consumed signal but no general paired target-host proof.","Candidate m-3908 counterfactual repeated6/60/495 versus direct parent6/59/466 and6/60/472. Historical02df79d repeated6/60/537 and533 and first fell at fa21950 after networkFloor1100->1600; this attributes a separate runtime regression and is not the marginal rejection gate for195.",6220B6E3AD298B182169432DC242301C79268C630CAB2772DDAE140701A3E28C,sealed-not-opened,"m-3908 valid10/10 reconciled9/9 live candidate6/60/508 best bot6/60/579; rank excluded; replay SHA256 618ED4AE3D96CFFCE0C9E7B139156876203F214ED94920B90B3341159C1B3CC9",rejected-standalone-inconclusive-benefit,"Reopen after the protected reserve successor closes; compare that direct parent versus parent plus day-only flat key. Keep02df79d only as historical reference not the marginal comparator."
PERF-MASTER-DEDUP-194,2026-08-22,f9c0019,reverted-working-tree,"Master hot leaves use canonical_plan_bytes which builds a JsonValue tree and dumps canonical JSON before each evaluatedPlans membership check; survivor stable IDs need JSON but rejected and duplicate leaves do not.","At all three master evaluatedPlans sites encode agent count action counts and signed wire values into a flat fixed-endian injective string; keep canonical stable IDs.","No designed functionality deletion disablement deferment reduction or duplicate solver; exact equality classes candidate order stableId comparator simulator validator deadlines operation caps and5000ms hard cap unchanged; byte-equivalent actions and exact score state validator required; local elapsed excluded.","Property and complete no-deadline master equivalence passed. Nine generated results completed before early rejection; reversed-order seed4770002 attribution repeated.","Fixed controls and native4770001 tied; native4770002 parent mask0 score6/30/163 versus candidate mask1 score6/30/150. Candidate reversed runs selected masks4 and2 scoring155 and144; parent mask4 scored150 twice. Zero invalid/emergency.",AE8F787E3CDDAC2859A881BC4247C77F1104EE16E9CED3886D1E1CADE712DAC7,sealed-not-opened,not-run,rejected,"Reopen only as a fresh post-role day-only candidate that cannot alter role evidence allocation; do not apply the optimization to the entire engine."
SCORE-FAIR-DIRECT-FRONTIER-193,2026-08-22,f9c0019,reverted-working-tree,"Consumed BTC replay m-3897 shows sequential shared-deadline column-generation starvation: days3/5/8/10 have later agents with zero Pareto queries, and day8 agents4-7 each received0ms/0queries with only3 columns while earlier agents consumed the generation window.","Before existing per-agent staging and multi-spot intensification, give every agent a bounded direct-target frontier slice derived only from remaining shared deadline and remaining agent count; cache and reuse the direct paths so they are not queried twice, then run every existing deeper generation coordination master ALNS simulation and validation stage on the remaining shared budget.","No designed functionality deletion disablement deferment reduction or duplicate solver; no seed map bot opponent or family routing; official lexicographic score exact simulator independent validator traffic role semantics and5000ms hard cap unchanged; direct results reused exactly; local elapsed excluded; candidate must reduce starvation with zero invalid/emergency and no systematic tier fuel role family regression; BTC target-host is final performance authority.","Consumed m-3897 fixed-role closed loop and fixed day8 state; fresh seed4750000 8x8 low fixed and seed4754000 32x32 low fixed. Remaining development and sealed holdout were not opened after the causal gate failed.","Candidate achieved8/8 direct-query coverage but lost consumed closed loop6/60/461 versus parent6/60/464. Original day8 fixed-state parent and candidate produced the same exact plan and6/48. Fresh 8x8 tied5/20/42 and fresh32x32 tied6/60/492; all runs zero invalid/emergency. No positive score witness.",3A289DE666A43FDE0BC332E35C278D8BBBB38708E951847198DC36411BC1A9CA,sealed-not-opened,not-run,rejected,"Reopen only with a fixed-state witness where a later agent has a specific exact-valid direct column missing solely because of agent order and inserting it strictly improves official score; a successor must preserve the non-starved portfolio without a doubled solver."
ATTR-ORACLE-LATEST-192,2026-08-22,d73a24a,research-mode-switch,"Experiment188 proved exact185 seed1721100 at5/17/18 versus production5c3aa7a at5/17/17 or5/16/17, but its runtime deliberately skipped terminal refinement. Accepted190/191 now add protected sparse coordinate ascent on the final day, so the prior claim that the185 witness survives current production was stale until revalidated.","On the same consumed seed and three registered causal opponent policies reproduce the exact production187 virtual-parent lifecycle, then invoke the accepted191 terminal sparse fixed-point refiner on the final day inside the unchanged absolute5000ms compute boundary. Compare exact-valid final score and plan hash against the recorded185 oracle and the188 control.","Consumed-only attribution; no new seed map family fuel opponent or holdout; no production source behavior change; parent bounded decision and187 nonterminal lifecycle unchanged; final-day refiner is exactly the accepted191 implementation; official lexicographic score exact simulator independent validator5000ms hard cap1600ms reserve; incomplete work returns the certified incumbent; local elapsed excluded; nothing deleted disabled deferred or reduced.","Consumed1721100 only; first reproduce188 control behavior then record terminal sparse generated valid rounds improvements and deadline state under maximum-dwell minimum-dwell and status-toggle.","Control reproduced5/17/17 hash32dcfc4fa4a20fd6;5/16/17 hash a9d910dc3b481ff7;5/17/17 hash32dcfc4fa4a20fd6. Latest-terminal mode reproduced the same scores and hashes; all runs valid;0 nonterminal takeover solver/protected/terminal deadline; terminal sparse routes valid plans improvements and rounds all0 because the6-spot canonical dense exact domain is supported.",AC449977F5822B61645CC0475C09F004B345BEF20AF14D36ED86957BF635A42B,sealed-not-opened,not-applicable,accepted-attribution-residual-gap,"The185 exact5/17/18 witness still exceeds current d73a24a under all three policies. Open source work only through a separate timing-independent multi-day closed-loop causal mechanism with fresh stratified generality; never tune1721100 or route by sparse/dense fixture identity."
SCORE-TERMINAL-COORDINATE-ASCENT-191,2026-08-22,994c33a,c3ee753,"BTC m-3896 submitted6/60/407 after experiment190 raised the virtual parent402 by5. Reapplying the unchanged terminal sidecar to that submitted plan yields exact-valid6/60/410; all10 immutable states have a further best single-agent gain of2 or3 servings. The accepted190 implementation evaluates every route against the original incumbent and therefore stops after one coordinate round.","Preserve the complete190 one-round result as an explicit incumbent. Reuse the already generated sparse routes; in each later round freeze the current plan, evaluate all one-agent replacements against that round base with exact simulator plus independent validator, and accept only the best strict official-score improvement. Stop at fixed point or the unchanged deadline; incomplete work returns the best certified incumbent.","No designed functionality deletion disablement deferment or reduction; parent190 first round retained exactly; final day only; no new route generation threshold map fuel family seed bot or opponent routing; official lexicographic score exact simulator independent validator and5000-ms cap unchanged; no mutation until a whole round has selected its best certified plan; deadline/failure/no-gain keeps the best prior incumbent;187 and185 untouched.","Consumed m-3877 and m-3896 post-takeover states. Frozen fresh development spans14/20/26/32 maps protocol-valid12/14/18/24/30 spots default/high fuel fixed/native roles and six families; compare round1 and fixed point inside one run.","Consumed m-3896 round1 6/60/410->fixedpoint413 and m-3877 6/60/460->464. Fresh development27/27/0 over54 with +251 servings max+22; gains across medium hard very-hard both fuels both roles and every family while easy controls tie;0 lifetime/daily loss invalid emergency failure deadline;25154/25154 plans valid; log SHA256 2DE9C68AFD203C7109410CF758BB2738E16CD6939AF83D4EB987716720FF4F18.",0B6B9F89B4B3605A3F70E5BF7BEE60716B88EE3F941E4B40E806C07EE3ABAC35,"Frozen holdout49/59/0 over108; +412 servings max+26; easy0/24/0 medium7/17/0 hard22/8/0 very-hard20/10/0; both fuels roles and all6 families win; spots12 tie34/34 while14/18/24/30 all win;0 lifetime/daily loss invalid emergency failure;39653/39653 plans valid;12 local sidecar deadline exits kept certified incumbent with0 loss; log SHA256 185A5986FD99B2505E043986A1FE12D3A297CC625C3DAA078E583A9B2B8AE086.","Authenticated m-3897 hard one-bot10days32x32 100steps5000ms8agents30spots6brands high fuel:10/10 valid ACK max2888ms; replay-check10/10 validator agreement9 reconciled transitions; terminal round1 cumulative6/60/432->three-round submitted6/60/435 with376 routes311/311 valid plans4 strict gains; local slice exit kept certified incumbent; rank excluded; replay SHA256 9A528FD0E5AC81B0A7A30E26AC5B7AB25AF76CA640EDC5D97ABC1A868176E9A8.",accepted,"Reopen only if a general final-day counterexample shows coordinate ascent below the protected190 first round or if target-host lifecycle violates5000ms. Never tune rounds route count deadline seed family map bot opponent m-3877 m-3896 or m-3897;185 remains independent."
SCORE-DENSE-SPARSE-FRONTIER-190,2026-08-22,5c3aa7a,77e1d3c28fa96352e01f629925c631bccc409108,"BTC m-3877 has24 spots and all24 are individually reachable by every patrol on all10 days, yet exact high-fuel/resource guidance is unsupported because the dense mask-by-cell representation rejects over16 spots and exceeds the8M-state guard above13 spots on32x32. Every day the bounded master is deadline-incomplete; current ends6/60/458 versus bot6/60/512 with0 protected candidates.","Use a capped sparse Pareto frontier only through a final-day sidecar after the canonical solve. Keep the parent immutable; replace one patrol route at a time and admit only an official-score gain after exact simulation and independent validation. Dense-feasible states and all nonterminal planning remain on the canonical paths.","No designed functionality deletion disablement deferment or reduction; no threshold increase dense allocation or fixture routing; unchanged official score simulator validator5000-ms hard cap and187 parent; sparse search changes representation only and incomplete work returns the exact parent; exact-feasible lanes retain parent behavior; local elapsed excluded; BTC target host required for performance and final promotion;185 untouched.","Consumed m-3877 plus frozen fresh development across14/20/26/32 maps protocol-valid12/14/18/24/30 spots default/high fuel fixed/native roles and six generated families.","m-3877 6/60/458->460 exact-valid. Fresh development25/29/0 over54; +92 servings max+9; all sparse suites roles fuels and families contain wins; dense-feasible controls tie;0 loss invalid emergency failure;4366/4366 alternatives valid.",0391DE241480EAA0A2188CAE9714A03DE129941625147E9F8C47967A09FA698C,"Frozen holdout53/55/0 over108; +220 servings max+8; easy0/24/0 medium8/16/0 hard22/8/0 very-hard23/7/0; fixed26 wins native27; default27 high26; every family wins; spots12 tie34/34 spots14 14 wins spots18 21/21 spots24 13/13 spots30 5/6;0 loss invalid emergency failure;9270/9270 planned alternatives valid;2 sidecar slack exhaustions returned parent.","Authenticated m-3896 32x32 10days100steps8agents24spots6brands high fuel response5000:10/10 valid ACK max2821ms; terminal192/192 valid routes2 strict gains day6/37->6/42 cumulative virtual6/60/402->submitted6/60/407; replay-check10/10 valid validator agreement and9 reconciled transitions; rank excluded.",accepted,"Reopen only for a new general counterexample where final-day dense unsupported search returns parent despite an exact-valid one-agent serving gain within the same5000-ms cap. Never tune m-3877/m-3896 state cap route count spot threshold or family;185 remains independent."
ATTR-DUAL-COUNTEREXAMPLE-189,2026-08-22,5c3aa7a,closed-research-attribution,"Current production has two consumed signals: exact seed1721100 has legal robust5/17/18 over current5/17/17 or5/16/17; BTC m-3877 is a32x32 high-fuel24-spot deficit458 versus512 with0 experiment187 takeover. Attribution had to determine whether they share one mechanism.","Recover the exact root action and trace the current closed loop. Parse every m-3877 state and decision audit; measure sound step/fuel spot reachability and trace exact-orienteering support guards. Keep source hashes and provenance separate.","No production source change; no new fixture or opened holdout; immutable evidence; official lexicographic score exact simulator independent validator; rank excluded while score deficit retained; local elapsed excluded; no fixture dispatcher weighted objective or weakening187;185 unchanged.","Consumed1721100 and immutable m-3877 only.","1721100 current already selects exact-winning root index48; loss occurs after root in later replanning. m-3877 all24 spots are reachable by every patrol every day but exact guidance is globally unsupported; all10 master searches deadline-incomplete and protected generated0. The mechanisms are unrelated.",1A73B1403AFEE15D37E8E3FF1B981BE22D03195DDE4CC7C7F4063B1910727C2F,sealed-not-opened,"m-3877 authenticated10/10 valid final6/60/458 versus bot6/60/512 max response3599ms.",accepted-attribution-unrelated-gaps,"Continue1721100 only through the185 exact lane and a later closed-loop causal experiment. Continue m-3877 only through a general sparse-frontier experiment with fresh stratified evidence; never merge results without a common mechanism."
ATTR-ORACLE-CURRENT-188,2026-08-22,5c3aa7a,closed-research-probe,"The only completed185 slice compares its exact root witness with stale parent828ea78. Current production5c3aa7a adds the accepted187 protected-slack closed loop, but the185 harness calls MatchSession directly and never invokes ProtectedSlackRefiner; therefore its three policy deltas required revalidation before they could be called counterexamples of the competition artifact.","On the already-opened1721100 fixture reproduce the stale-head plan hash, then run the exact production187 virtual-parent lifecycle under the same three causal opponent policies: authoritative state before first takeover, protected WAIT refinement only on nonterminal days, acknowledgement-gated divergence, future planning from virtual parent, exact replay on richer authoritative state, and transition/ledger dominance assertions. Compare final exact score and plan sequence with the completed185 oracle witness.","Consumed-only attribution; no production source behavior change; no new map seed family fuel opponent or holdout; official lexicographic score exact simulator independent validator; same5000ms solver boundary and1600ms BTC network reserve; incomplete work returns parent; no local performance claim; count three policies as one underlying seed/state counterexample; current production is a counterexample only if it remains below the exact witness.","Frozen consumed seed1721100 only from the already-opened185 slice; current baseline hash32dcfc4fa4a20fd6 had to reproduce before protected revalidation.","Control reproduced5/17/17 hash32dcfc4fa4a20fd6. Two protected-production repetitions were field-identical. Current remained5/17/17 maximum-dwell hash32dcfc4fa4a20fd6;5/16/17 minimum-dwell hash a9d910dc3b481ff7;5/17/17 status-toggle hash32dcfc4fa4a20fd6. Exact185 oracle is5/17/18 for all three. Every current run valid; actual=virtual; takeovers generated valid liftable protected-deadline and solver-deadline counts all zero.",B5210335257EB5D7A17A6457E102DB29A492DD88665C6FF8E9DFA7A21B931905,sealed-not-opened,not-applicable,accepted-attribution-current-gap,"One exact seed/state counterexample survives against5c3aa7a under three policy witnesses. Open source work only through a separate causal experiment that identifies a general mechanism and passes fresh stratified development; never tune1721100 weaken protected dominance or count the three policies as independent cases."
DEADLINE-DOMINANCE-ANYTIME-187,2026-08-22,0f01d69,accepted-production-diff,"Experiment166 proves extra search can improve large-map score but regress;184 proves sampled-profile takeover is not closed-loop safe;186 proves the forward-simulation relation is sound but ordinary Long pools contain0/634 liftable candidates. The missing capability is candidate generation inside the safety relation and use of otherwise idle time inside the existing5000ms cap.","Freeze the canonical bounded decision as virtual parent. On nonterminal days replace at most one patrol WAIT by an off-road round trip that returns to the same cell and time. Admit only after exact simulator and independent validator agree with equal road footprint equal ordered terminal kinds/cells no-less patrol fuel lifetime superset componentwise no-lower cumulative daily/servings and strict daily or servings gain. Continue future bounded planning from the virtual parent and exact-revalidate its plan on the authoritative richer state. Reset to authoritative state before any takeover or whenever dominance fails. Use only unused time before the same5000ms compute deadline minus network reserve; one delayed submit and no resend.","No designed functionality deletion disablement deferment or reduction; parent decision retained byte-identically unless exact componentwise dominance is proved; one bounded solver simulator validator and comparator; no seed family fuel opponent map or match routing; no sampled-scenario substitution; response-time tiebreak protected by strict earlier-tier gain; incomplete invalid deadline or non-dominating work returns parent; outer15/45/60-second window never enlarges compute; local elapsed has no performance authority.","Frozen manifest research/holdouts/DEADLINE-DOMINANCE-ANYTIME-187.csv. Consumed166/184 states established a natural liftable witness before fresh stratified14/20/26/32 development; fixed/native and low/default/high were paired against an in-run virtual parent.","Consumed4411000 retained6/60/467 versus virtual6/60/466. Fresh development20/52/0 over72 paired fixtures; +31 servings; gains across all sizes six families both role modes and all fuel profiles; zero invalid emergency state ledger or deadline failure.",6598C60159E1397803B50FE8211BFA7B098CB1FF078FD01DE2032FDECB7583F6,"Frozen holdout36/108/0 over144 paired fixtures; +55/0 servings; max gain+4; fixed25/47/0 native11/61/0; gains in every size family and fuel profile; zero invalid emergency state ledger or deadline failure.","Authenticated BTC m-3876..m-3881:60/60 valid ACK. Refiner actual-vs-virtual gains m-3878+2 m-3879+1 m-3880+1 m-3881+1; corrected state machine active only after takeover. m-3881 configured5000ms retained6/60/348 vs virtual347 with max response2466ms. Non-takeover actions byte-equal parent. m-3877 rank2 had0 takeover and is a separate parent counterexample not a187 regression.",accepted,"Reopen only as a new registered broader protected neighborhood with a new frozen split; never weaken the dominance relation tune consumed WAIT witnesses or spend beyond the5000ms compute cap."
DEADLINE-VIRTUAL-PARENT-186,2026-08-22,0f01d69,rejected-research-probe,"Experiment184 proved exact full-state equality safe but inert and paired scenario dominance active but closed-loop unsafe. It did not test the strictly broader proved composition of fuel dominance from175 and saturated traffic-history equivalence from178 or preserve the protected parent planner state after a resend.","After the unchanged5s incumbent A and a Long challenger B are exact-simulated require identical ordered agent kinds and terminal cells componentwise patrol fuel_B>=fuel_A exact jam-saturated traffic-history equivalence lifetime-mask superset and componentwise cumulative daily/servings dominance with persistent strict gain outside lifetime-only tie risk. If the relation holds retain one canonical virtual-parent continuation state A; solve future days once from A and replay the same plan on authoritative B with exact simulator and independent-validator assertions that the relation is inductive. Rejected same-day search must snapshot/rollback all engine state.","Research probe first; no functionality deletion disablement deferment or reduction; production5s path immutable; no seed family fuel opponent or deadline dispatcher; stock resets from config each day and is not persistent state; opponent/public road state and two-day traffic memory included; no sampled-scenario substitution; no second future solver; response-time tiebreak protected; sealed holdout and BTC stay closed until consumed prevalence and causal replay pass.","Frozen consumed-only 184 states on4310000 and4411000. Replay selected Long challengers then audit every already exact-evaluated canonical Long pool candidate on the same states with dual validation; only a liftable witness may enter virtual-parent continuation.","Corrected executable asserted5s parent and10s challenger on every day. Selected Long differed8/10 days on each seed but liftable0 invalid0. Pool audit checked316 different candidates on4310000 and318 on4411000: total634 exact simulator-validator-agreed pool_liftable0 pool_invalid0. No continuation witness existed; temporary instrumentation removed.",D7C730502AAE4BAD2DA38A08887DE6585DE57F177FDA325C9DD5EE6E84DE4543,sealed-not-opened,not-run,rejected-sound-but-inert,"Reopen only after a new independently generated exact-valid candidate satisfies the complete relation with persistent score gain. Do not weaken traffic equality accept lifetime-only strictness replan from the richer state tune fixture metadata or rerun consumed pools for cutoff noise."
ORACLE-ROOT-STREAM-185,2026-08-22,828ea78,research-mode-pending,"178 halves exact minimax state but default/high consumed rows still ran more than27h without any root result; the recursive solver retains one global memo and emits only after all root own actions finish, so preemption/OOM discards attribution already completed inside the root.",Partition the unchanged exact root own-action frontier into contiguous slices. Retain one shared traffic-quotient memo inside each slice; after every own action has evaluated every legal opponent response emit and flush its exact worst-case score plus cumulative states/transitions. Resume at the first unfinished root index. The maximum over all slices equals the unsliced root max.,Research probe only; no production/test change; complete legal own and opponent actions; exact public state boundary dominance traffic-history quotient official lexicographic score simulator and validator unchanged; no approximate pruning no seed/fuel dispatcher no sealed holdout; local/VM elapsed has method-feasibility authority only; rejected or incomplete slices cannot promote source.,Frozen consumed-only rows1720100 1721100 1721200. First parity gate uses completed low-fuel1720000 with tail/full-slice equality before any Spot run.,"All eight slices complete with per-root-action certificates and zero invalid witnesses; parity gate passed earlier on consumed low-fuel. Final exact root maxima:1720100=6/19/19 vs head6/18/18 (new tier-2, root plan 3.2.-13 WAIT-heavy front-loading);1721100=5/17/18 vs5/17/17;1721200=5/20/22 vs5/19/22 (tier-2 strengthened, no serving concession). Certificates survived Spot preemption and resumed at first unfinished index; peak memory bounded. Final slice logs SHA256 B5665DBF6A8EF1E1EE001A60B60F71A6B706CA1EFC230812D51A4E87C81D2A33 / A95B0627C6699364A1A90E195ACB4DDF776DD59E11A21847786AB1320BAA80FF / BDE3D78C8551BBC2F2D28F60C0EBB772F2FC7259679231BD29D8B9FF5C476A02; VM-side and local hashes byte-identical; Spot VM stopped after mirroring.",10EDBB0D52E61E083D536C764493E8D3D4549F0D3F055A549E7A0D07C567FC5B,sealed-not-opened,not-applicable,accepted-exact-method,Accept only if full-slice equals unsliced exact score/witness and sliced streaming materially bounds peak memory or preserves completed exact root-action certificates. Reopen production only through a separate general source candidate with fresh non-artificial counterexamples.
DEADLINE-STRATIFIED-ANYTIME-184,2026-08-22,828ea78,rejected-research-probe,"Direct Long had isolated 32x32 upside in166 but regressed smaller fixtures; strict protected refinements in167/168/183 remained inert. Experiment184 tested whether the authenticated PTIT slack boundary could safely activate extra search without weakening official lexicographic semantics.","Freeze a5s incumbent. Test unchanged strict proof first; then a delayed single-submit transition-invariant gate; finally paired Actual-vs-Actual dominance on identical certified scenario manifests. Use two instances of the same canonical solver with identical selected history so rejected exploration cannot mutate the protected lane.","No designed functionality deletion disablement deferment or reduction; exact5s parent protected; official lexicographic score; same generator master simulator validator policy and scenario identity; no seed family fuel opponent routing; local evidence may falsify but not promote; sealed holdout remains closed until development premise; PTIT target host required only after a candidate survives development.","Consumed large-map gates4310000 and4411000. PTIT authenticated UI established response max15000ms and map max32. Strict proof produced zero takeover. Transition invariant saw9 different challengers on each seed and accepted0. Paired-scenario gate accepted1/10 on4310000 and5/10 on4411000.","Strict proof inert. Transition-preserving safe gains0/18. On4411000 paired-scenario candidate reproduced6/60/454 twice with5 takeovers while adjacent5s controls scored6/60/461 and6/60/462; invalid/emergency0. Paired manifest therefore failed closed-loop monotonicity.",53C1A08A0686D6D5D716EAAE7FC306D47414BA508BDFB07906447BAC72F1D136,sealed-not-opened,not-run,rejected-closed-loop-regression,"Reopen only if PTIT authoritatively grants more than5000ms and a complete closed-loop certificate first eliminates the consumed4411000 regression then shows distributed fresh-development upside. Do not weaken the gate tune fixture metadata or extend beyond32 without a new authoritative configuration."
SCORE-SPATIOTEMPORAL-UPPER-183,2026-08-21,828ea78,rejected-research-probe,"168 completed all registered long-horizon lower-witness trajectories and improved 48 scenario lower witnesses but produced no certified resend because the incumbent valid upper remained coarse; with a tanker FastViability can still cap remaining servings by total daily stock times remaining days.","Before any comparator or runtime change compute a candidate-independent spatiotemporal serving upper. For each patrol-day compute an optimistic maximum of distinct spot claims using smooth-road move-time lower bounds while relaxing fuel opponent traffic terminal coupling and shared stock; combine the sum of per-agent claim capacities with exact remaining stock and the existing scenario upper by minimum. First test admissibility and tightness offline; only an admissible bound that closes at least one consumed168 resend may enter W1.","No production comparator deadline HTTP or planner change during attribution; official lexicographic tiers; new value must be an upper bound by constraint relaxation and never fall below any completed exact continuation; same frozen scenario identity; incumbent and existing upper retained with min only after proof; no seed family opponent or fuel routing; no sealed holdout; local elapsed has no performance authority; hard cap and target-host gate unchanged.","Frozen research/holdouts/SCORE-SPATIOTEMPORAL-UPPER-183.csv: consumed168 general seeds4410000..4410017 and opened btc-large seed4411000 for tightness; consumed exact178 anchors1720000 1721000 1722000 for falsification. All unopened168 and every sealed row remain closed.","Soundness passed on consumed evidence. The bound never undercut realized final score and tightened 12/75 general day states only in three high-stock families: root servings -27/-27/-34 and terminal observed-state -9/-7/-8. Exact reconstruction of the 168 Long candidate still produced 0/18 protected resubmits with zero invalid/emergency despite completed trajectories and 48 lower-witness improvements. Opened btc-large tightened 10/10 states: 840->621 root and 497->473 terminal versus final467. Exact178 roots stayed safe but unchanged at6/16/16 5/16/16 5/16/16 over completed exact6/12/12 5/11/11 5/11/12.",4E046F2E81C64D05029A602CDE0AF2DE298850AB38EB5C41461552580F65BCE0,sealed-not-opened,not-run,rejected-tight-but-inert,"Reopen only with a stronger sound state-coupled upper that demonstrably creates strict unchanged may_submit dominance on consumed evidence before source integration; do not weaken the comparator or retune by family deadline or fuel profile."
SCORE-PENULTIMATE-NEIGHBOR-182,2026-08-21,828ea78,rejected-working-tree,"181 proved the coordinated team-bundle exposure is the next capability loss: on the1720000 penultimate state the complete exact generator exposed only one non-parent candidate at current6/9/9 and certified6/11/11..6/11/11 while the registered exact route mask111 and forced profile6/12/12..6/13/13 exist in the underlying exact frontier.","After the complete parent, enumerate the existing complete exact resource frontier independently for each fuel-constrained patrol. Form a single-agent exact neighborhood by replacing only that patrol action in the protected parent plan and keeping every other agent byte-identical. Exact-simulate and independently validate every completed route candidate; use the unchanged scenario repair and bound-closed takeover on penultimate day only. Deadline-incomplete agents contribute no route.","No functionality deletion disablement deferment or reduction; parent plan profile and other-agent actions immutable before a proved takeover; no Cartesian multi-agent solver no seed map family bot or fuel profile dispatch; existing exact route kernel official comparator simulator validator scenarios5000-ms cap1600-ms network reserve25-ms validation floor; local timing excluded.","Consumed1720000 first causal gate only; other anchors176 rows fresh development and holdout stayed unopened.","Compile and unit gates passed. From the unchanged parent day3 state the complete per-agent exact frontier produced exactly one non-parent exact-valid team plan. It tied parent current6/9/9 and certified6/11/11..6/11/11; no takeover and final6/11/11. The registered mask111 challenger belongs to the different state reached after the oracle day1 prefix and is not a missing route from the parent penultimate state.",A366F7E16D794696D36DFB457B0B775C9BC1DDC4D56E1CE0DDE217D441248516,sealed-not-opened,not-run,rejected-path-dependent,"Reopen a source candidate only with a complete multi-day closed-loop evaluator inside5000ms and evidence it generalizes beyond the artificial one-active low-fuel subdomain; per-day route exposure certificate relaxation or structural fixture guards are closed."
SCORE-PENULTIMATE-EXACT-181,2026-08-21,828ea78,rejected-working-tree,"180 proved that a first-day bound-closed takeover can change closed-loop state without a realized gain and can regress an independent exact anchor. On1720000 the exact gap is separately attributed at the penultimate boundary where one unchanged final-day replan realizes the retained resource value; this removes the multi-day certificate-model mismatch without routing by family.","Keep the complete post-parent sidecar and bound-closed proof from180 but activate only on the public penultimate day. The unchanged parent is final certified and independently validated first; exact generation uses only real pre-network slack; incomplete work returns parent. Final day remains the existing production exact path and immediately consumes the penultimate terminal resource state.","No functionality deletion disablement deferment or reduction in the parent path; no first-day speculative takeover no seed map family bot or fuel-profile dispatcher; official lexicographic score exact simulator independent validator same manifest and5000-ms cap;1600-ms network reserve and25-ms validation floor unchanged; local timing has no performance authority.","Consumed exact anchors only;176 and fresh rows remained unopened after capability falsification.","All three penultimate sidecars completed without takeover. On1720000 the only non-parent exact team bundle was current6/9/9 with certified lower/upper6/11/11; it omitted the registered route-mask111 challenger with forced profile6/12/12..6/13/13.1721000 and1722000 also tied. The coordinated bundle projection therefore cannot expose the known exact witness even after parent protection.",7979A4B372D82A4B4BB6F62A8CD1C626809C5521CA8978CFB94883456F5DC12F,sealed-not-opened,not-run,rejected-capability-link,"Reopen only if the full exact per-agent frontier is projected into a protected exact-valid team neighborhood without Cartesian explosion; do not retune bundle ordinals or selector widths."
SCORE-POST-PARENT-EXACT-180,2026-08-21,828ea78,rejected-working-tree,"Three independent exact low-fuel rows prove pre-terminal fuel front-loading gaps. Candidate176 closed one anchor but regressed fresh general1/5/6 because exact work displaced the parent inside the shared bounded pipeline;179 proved that merely restoring the staged legacy checkpoint did not preserve the completed parent result. BTC target-host archive shows heterogeneous safe slack:57/110 decisions below25ms but35/110 at least500ms before the unchanged1600-ms network reserve.","Run the unchanged parent pipeline through final certified selection and independent validation first. Only at public first-day or penultimate-day fuel-allocation boundaries use genuine remaining pre-network slack for the existing deadline-aware exact fuel route generator and exact master as a post-parent sidecar. Preserve the complete parent candidate/profile byte-for-byte; replace it only if the sidecar completes independent validation and the registered scenario-wise lower-vs-parent-upper bound-closed takeover proof passes. On deadline incomplete proof or no strict upside return the original parent.","No functionality deletion disablement deferment or reduction; no duplicate full solver no seed map family bot or fuel-tier tuning; unchanged parent result fixed before extra work; official lexicographic score exact simulator independent validator same public scenarios and5000-ms hard cap; unchanged1600-ms BTC network reserve and25-ms validation floor; sidecar incomplete means exact parent return; local elapsed excluded from performance authority.","Consumed anchors1720000 1721000 1722000 only;176 regressions and fresh rows remained unopened after causal failure.","All three exact anchors completed with exact sidecar generation and certification.1720000 took over day1 but final tied parent6/11/11.1721000 took over day1 and regressed parent5/10/11 to5/9/10.1722000 made no takeover and tied5/11/11. W/T/L0/2/1 on the exact anchors; the static bound certificate is not closed-loop monotonic across multiple replans.",B9817875EF78952A8A2E63EEFEA46EFAD68F04477CB0EECC3ACA3B18BAEEB463,sealed-not-opened,not-run,rejected-causal-regression,"Reopen first-day takeover only with a complete closed-loop evaluator whose realized continuation is covered inside5000ms; do not use the static public manifest certificate or fixture/family guards."
SCORE-PROTECTED-EXACT-179,2026-08-21,828ea78,reverted-working-tree,"177 proves repeated low-fuel horizon-value gaps while176 regressed1/5/6. Static attribution proves176 enabled exact before final selection but skipped the staged legacy master whenever exact was enabled and shifted expanded generation85% to95%; its protected incumbent was not the completed parent candidate set.","Reconstruct176 and additionally execute the unchanged staged legacy master through its original60% checkpoint whenever nonterminal fuel-exact activation is active. Merge unchanged legacy candidates before exact master ALNS F0 certification and direct bound-closed takeover. No fuel family or seed dispatcher.","No functionality deletion disablement deferment or reduction; same parent legacy portfolio/master candidate semantics exact generator simulator validator official lexicographic comparator and5000-ms cap; parent incumbent plus legacy candidates retained; consumed176 rows attribution only; local elapsed excluded; BTC target-host required for performance promotion.","Consumed1760000..1760011 blast-radius attribution only; anchor fresh development and holdout remained unopened after falsification.","Compile and unit gates passed. Candidate179 reproduced candidate176 exactly on all12 consumed fixtures at official score exact-supported days exact settled states and master combinations. The added legacy checkpoint changed no selected result and recovered none of176 paired regressions.",7602CFFBC108B39268B6A6D0201DE28814C0546C41793DB04D1945133F3A0B6F,"sealed; never opened",not-run,rejected-causal-falsification,"Reopen only after an equivalent-semantics speedup permits complete parent and exact post-merge paths without dividing the5000-ms cap. Do not tune timing boundaries seed family or add duplicate solvers."
ORACLE-TRAFFIC-HISTORY-QUOTIENT-178,2026-08-21,828ea78,research-mode-switch,"The exact public minimax already removes opponent outcomes with equal terminal cell/footprint and lower fuel, but full default/high rows still exhibit state explosion. Its memo key retains previousOwn and previousOpponent separately even though every future observation uses only their componentwise sum.","Canonicalize the immediately previous two-team traffic history to one componentwise sum saturated at players*jammedThreshold, stored in the existing previousOwn slot with previousOpponent zero. Compare against the unquotiented mode on consumed low-fuel development at exact 1-day 2-day and full-horizon scopes.","Research probe only; no production/test change or designed functionality reduction; full legal own/opponent actions; exact public state full horizon two-day traffic and official lexicographic score; quotient only if future action sets statuses values witnesses simulator and independent validator are identical; 5000-ms production cap unchanged; no sealed holdout seed family threshold or performance promotion claim.","Frozen consumed-only seeds1720000 1721000 1722000. Tail1 and tail2 old/new robust scores matched3/3. Full quotient preserved recorded robust scores6/12/12 5/11/11 5/11/12 and all9 causal-policy scores hashes validator results. States reduced48.78% 50.03% 49.16%; transitions28.14% 29.22% 27.55%.",accepted-exact-parity,AC97B64F4019476EA68EA69B05A09D997FA671324486924771955A18D47B5BF0,sealed-not-opened,not-applicable,accepted-exact-method,"Use only as canonical oracle infrastructure. It does not authorize production logic or a strength claim. Experiment177 is closed and no brute-force default/high retry is authorized without a new exact quotient or algorithm that changes the feasibility class while preserving exact public semantics."
ATTR-EXACT-FUEL-PREVALENCE-177,2026-08-20,828ea78,closed-proof-host,"175 found one exact causal fuel-preserving win while176 closed it but regressed fresh general development1/5/6. The prevalence and public structural boundary of the exact gap are unknown.","Run the unchanged complete four-day public maxmin oracle with proved equal-footprint boundary dominance on the eight still-unopened development rows of the frozen175 manifest. Compare robust oracle and unchanged HEAD under all registered causal opponent policies; pull each independent result off a disposable Spot VM immediately.","No production or test source change; no deletion disablement deferment or reduction; complete legal actions full horizon exact two-day traffic state official lexicographic score exact simulator independent validator; no action truncation frozen future footprint seed family dispatcher threshold tuning or local/VM performance claim; all27 holdouts remain sealed; delete the labeled Spot VM and disk after logs are copied.","Opened development seeds1720100 1721000 1721100 1721200 1722000 plus consumed anchor1720000; unopened1720200 1722100 1722200 and all27 holdouts stayed sealed.","Completed low-fuel exact rows:1720000 oracle6/12/12 vs HEAD6/11/11;1721000 5/11/11 vs5/10/11;1722000 5/11/12 vs5/11/11. Each fixture has one active patrol plus isolated controls. Default1720100 OOM-killed after20:06:23 maxRSS11433732KiB. Default/high1721100 and1721200 remained resultless and were terminated after27:09:35 and27:03:41 with maxRSS12954084KiB and13280704KiB. Experiments176 and180-182 prove no general parent-protected per-day deployment:176 fresh1/5/6;180 anchor0/2/1 with one regression;181/182 cannot reach the multi-day oracle state.",79A7C16B8A37841C180C43F6480949DCB777D14777CD1463958C82BE148CBE12,sealed-not-opened,not-applicable,closed-method-intractable-nongeneral,"Reopen only with a new exact quotient or closed-loop algorithm that fits the complete public proof inside5000ms and a non-artificial interacting multi-agent counterexample. Broad day1 or penultimate exact activation static certificates per-day neighborhoods fixture guards and further unquotiented brute force are closed."
SCORE-BOUND-CLOSED-FUEL-176,2026-08-20,828ea78,reverted-working-tree,"175 proves exact6/12/12 versus HEAD6/11/11 on a causal one-active-patrol low-fuel subdomain. Trace and forced prefixes localize repeated front-loading on day1/day3. Existing complete fuel-exact capability contains route mask111 and the exact joint outcome on both days, but production does not expose it. At day3 challenger certified lower equals parent valid upper at6/12/12 and has upper6/13/13; current-floor protection blocks it because strict stochastic dominance is absent.","Wire the existing complete fuel-constrained exact enumerator only at public first-day and penultimate-day fuel-allocation boundaries under unchanged caps. Preserve exact-bundle provenance through the existing F0 diversity quota using valid-upper ranking. Keep the unchanged current-floor baseline and permit direct replacement only when challenger certified survival closes the baseline valid-upper interval at every threshold with strict challenger-upper upside.","No functionality deletion disablement deferment or reduction; no second solver width/cap increase seed family bot or map dispatcher; official lexicographic score; same scenarios generator master simulator validator fuel traffic and 5000-ms cap; baseline/current-floor remains protected unless direct complete scenario-wise bound closure passes; local elapsed excluded; BTC target-host required for performance promotion.","Consumed anchor1720000 for causal closure then fresh general fixed12 at5000ms. Native BTC-like and holdout remained sealed after the fixed lane failed.","Proof tests passed and consumed1720000 closed6/12/12 versus parent6/11/11. Fresh fixed general seeds1760000..1760011 candidate-vs-parent W/T/L1/5/6 invalid0 emergency0. Tier2 losses at1760000 daily-1 1760002 daily-2 1760007 daily-1 1760009 daily-1; tier3 losses at1760008 servings-3 and1760010 servings-2; only win1760003 servings+3. Systematic losses span threshold-corridor high-stock fuel-tight overnight and balanced.",EE9EE677FD189EC61D37936C2B5B84FAD8157F8BFC4F17089D4C157165B16113,"sealed; never opened",not-run,rejected-general-regression,"Reopen only on an independent fresh counterexample that yields a public structural discriminator protective across multiple fresh families. Do not reopen broad day1/penultimate fuel-exact activation F0 exact reservation raw width or bound-closed takeover alone."
ORACLE-BOUNDARY-DOMINANCE-175,2026-08-20,828ea78,working-tree-research-probe,"172 is exact and public-information sound but its full legal max-own/min-opponent recursion did not close the first four-day development fixture. A new external suggestion proposed state dominance, but its original relation omitted opponent and two-day traffic state and is unsound as written. The only admissible kernel is an exact max-node day-boundary dominance relation with equal traffic footprint.","Reconstruct the research-only 172 oracle. At each own max node retain raw complete legal actions, then remove B only when another own outcome A has the same terminal cell and exact saturated road footprint, no less fuel, a superset of lifetime-unioned brands, no fewer current daily distinct or servings, and one strict improvement. First falsify filtered versus unfiltered values on complete tiny states. Only then measure whether this quotient closes consumed method-feasibility seed1720000; holdout remains sealed.","No production source or designed functionality change; no deletion disablement deferment or reduction; complete legal own and opponent actions; opponent still observes current own action as in172; full four-day horizon; exact two-day traffic memory; no frozen future footprint synthetic opponent beam action truncation or congestion monotonicity; official lexicographic score; exact simulator plus independent validator; 5000-ms HEAD comparison only after oracle completion; local resource data has method-feasibility authority only; consumed1720000 cannot tune or promote.","Frozen manifest. Complete tail-one parity on all nine development configurations; complete tail-two parity and full-match method gate on consumed seed1720000. No fresh full-match development or holdout opened.","Tail-one exact parity on9/9 configurations with raw own frontier455--796 reduced to202--377. Tail-two seed1720000 exact6/9/9 parity; states2328298->1430951 and transitions40956276->14893534. Full four-day exact robust6/12/12 completed with8016487 states and704745239 transitions; HEAD6/11/11 under all three causal policies, valid3/3, tier2 gain1, zero deadline-limited days.",79A7C16B8A37841C180C43F6480949DCB777D14777CD1463958C82BE148CBE12,sealed,not-run,accepted-exact-counterexample,"Continue only with witness attribution and fresh general validation. Consumed seed1720000 may identify a capability boundary but may not tune thresholds or promote source. Never weaken exact footprint equality truncate legal actions shorten horizon or copy the out-of-cap oracle into production."
SEM-CANONICAL-LABELS-174,2026-08-19,828ea78,reverted-working-tree,"173 proves stable final-score sensitivity to spot JSON order and a bijective numeric brand relabel. Parser preserves arbitrary spot order as SpotIndex and sorts raw labels to create brandIndex; both feed bounded search although official semantics depend only on spot geometry stock and equality classes.","Inside parse_match_config canonicalize brand equivalence classes by each class's sorted structural signature of member spot positions and stocks, then sort spots by position and rebuild spotAtCell. Preserve raw brandValue and the brandValue-to-canonical-index mapping. No agent-order change. Compare candidate directly with frozen parent and require spot-reverse and brand-relabel equality on fresh development before any holdout.","No designed functionality removed disabled deferred or reduced; no deletion; accepted config language unchanged; raw brand labels equality spots stocks positions terrain and action protocol unchanged; only internal canonical indices change; exact simulator validator official score and traffic unchanged; no seed family transform bot or order dispatcher; agent-order gap remains explicit and outside scope; canonical5000-ms cap; local elapsed excluded; paired fixed and native-role gates; holdout sealed until fresh development passes.","Anchor improved6/24/35 to6/24/39 and closed spot/brand invariance. Fresh fixed3/8/1 tier2 gain/loss5/1; native1/3/2 including tier2 loss2; combined4/11/3. Unit suite passed and invalid/emergency remained0.",passed-development,4D7A79E2DACF1CB92AD2FE058075538C6E817F80464CA7EC41ADBBC554A6243D,"General fixed holdout opened once:6/19/11; tier2 gain/loss7/14; tier3 gain/loss1/4; zero invalid/emergency; 72/72 spot-brand metamorphic pairs equal. Native and BTC-like blocks sealed.",not-run,rejected-general-regression,"Do not choose another canonical label or spot ordering from consumed results. Reopen only with a single-pass representation-invariant bounded search whose parent candidates remain active and whose monotonic dominance is proved before new fixtures; never run several full solvers inside the same5000ms."
ATTR-METAMORPHIC-INVARIANCE-173,2026-08-19,828ea78,research-harness-only,"After 172 closed without a computable public minimax oracle, a second independent convergence sweep is needed that can discover general implementation sensitivity without scarce opponents or an optimum oracle. Agent identities, spot JSON order and numeric brand labels are semantically arbitrary in the all-patrol official problem; score sensitivity would expose an avoidable architecture gap.","For each frozen fixture run unchanged HEAD on the canonical representation and four semantics-preserving isomorphs: rotate the ordered all-patrol starts, reverse spot input order, apply a bijective brand relabel preserving equality classes, and combine all three. Judge each representation through its own exact simulator and independent validator; compare only final official lexicographic score and invalid/emergency counts. Harness changes only construct and report transforms.","No production source or designed functionality change; no deletion; fixed all-patrol role mask0; canonical5000-ms logical budget; identical terrain spots stocks traffic thresholds fuel horizon and opponent-footprint function up to the registered representation isomorphism; brand relabel is bijective; agent permutation changes identity only; official lexicographic score; exact simulator and independent validator; local elapsed and action hash have no strength authority; no source candidate until a mismatch reproduces and maps to a general order-sensitivity cause; holdout stays sealed until transforms are fixed and development attribution closes.","Six frozen general fixtures produced9/24 stable score mismatches with zero invalid/emergency. Seed1730005 independently reproduced canonical6/24/35 agent6/22/32 spot6/23/36 brand6/24/38 compound6/24/38. Parser and bounded-loop attribution confirmed arbitrary SpotIndex brandIndex and agent traversal order as the cause.",accepted-gap,248F27DC4F2B468291A30BC77C253C0857D03B6B7A7473FEEF41D3C3EB9D7915,"sealed; never opened",not-applicable,accepted-gap,"Close into isolated successor174 for spot/brand canonicalization. Agent-order remains a separate gap and may reopen only through a small end-to-end action-index remap design; never bundle it speculatively."
CEILING-TRAFFIC-MINIMAX-172,2026-08-19,828ea78,reverted-research-probe,"CEILING-TRAFFIC-INDEPENDENT-124 found two exact traffic gaps but ATTR-TRAFFIC-INFORMATION-128 proved its winning oracle used frozen future opponent footprints unavailable at decision time. Repeated human matches are scarce and same-map rematches leak counterexamples without adding diversity. A public-information adversarial ceiling is still unmeasured.","On an exact official four-day subdomain with one active patrol and two isolated controls per team compute max-own/min-legal-opponent full-match policy from current public state. Opponent actions are enumerated from the same movement fuel and traffic rules and may react after the own action which conservatively over-grants the opponent. Compare the robust policy and unchanged HEAD under frozen causal opponent policies; a source candidate is allowed only if a reproducible paired gap has a general architecture cause.","No production source or designed functionality change; no deletion; official lexicographic score; exact simulator plus independent validator for every emitted plan; full legal opponent position fuel and footprint state; no frozen future footprint or realized-suffix oracle; no seed map family bot opponent dispatcher; one active agent is an exact declared match subdomain not an approximation; HEAD uses canonical logical 5000 ms but local elapsed has no performance authority; any timed incomplete HEAD row is inconclusive; sealed holdout remains unopened until development produces a causal general gap.","Frozen nine-row development and 27 sealed holdouts. Only seed1720000 was attempted. Full exact memoization exceeded120s; exact day-action caching also exceeded120s and about212MiB; the final proved Markov quotient still grew from about251MiB at30s to431MiB at60s without closing. Further reductions require unproved dominance beam action truncation or reduced rules. Probe source restored content-identical to HEAD.",rejected-before-score,6FD7914EE9AED02E0AC7CC7C0742D010A7D93D5365473031531CAF055B3F148A,"sealed; never opened",not-applicable,rejected-method-state-explosion,"Reopen only with a new mathematically exact quotient or external proof host; never shorten horizon truncate legal actions synthesize opponent footprints or tune to seed1720000."
ATTR-OPPONENT-QUOTA-171,2026-08-19,"UDON-SHIELD 828ea78586fab97c05c1de47b07a374f3b0487cb; external peer lethinh26/Hexudon-2026 49e78066ea8b25a9d3cbe4baf56b390d4419eb75",read-only-deterministic-independent-quota-tracks,"169 was method-invalid because local wall time changed restart count. 170 removed cutoff and produced reproducible small-map counterexamples but exact large search was not finitely evaluable. Initial 171 development showed both non-monotone quota score and severe common-score loss when different-quota candidates were selected by the peer's mismatched private evaluator.","Run three independent full-match peer tracks at the predeclared fake-clock tick set 20/10/5, corresponding to deterministic 200000/400000/800000 soft-bound observations. Each track owns its unchanged planner and history. Common-judge every emitted action, then compare UDON against the oracle-best final common official score among the three tracks. This deliberately over-grants peer a match-level oracle, avoids private-evaluator cross-track corruption, and removes CPU dependence. Keep UDON at canonical logical 5000 ms.","No production source or designed functionality change; no deletion; no peer algorithm source repair; fixed attempt seed and three tracks frozen before holdout; official lexicographic common final score only; common authoritative next-day state and traffic within each track; no local elapsed or BTC hard-cap claim; fixed/native lanes; oracle envelope cannot be tuned after opening; every peer track must be common-valid and deterministic; no seed map family bot opponent dispatcher.","Four development structures seed171000/171102/171204/171306 verify independent-track replay and oracle aggregation then fresh 24-fixture generated and BTC-like low/default/high fixed/native holdout","24/24 peer track rows reproduced field-exact. After correcting the adapter fixed mask from all-patrol to one-tanker-last and rerunning all four fixed rows, common invalid=0 and UDON development W/T/L=8/0/0.",01A78FBCAC3627242AC51FB29E261965D6AB6C5B84255FD7CDD8BF8AE4EECD3D,"opened once; corrected official W/T/L=47/1/0 overall, fixed=23/1/0, native=24/0/0; zero invalid/emergency; only tie default high-stock fixed 6/60/525; closest native win +6 servings; evidence research/evidence/ATTR-OPPONENT-QUOTA-171.md","not-applicable: deterministic semantic comparison; BTC still owns performance",accepted-evidence-no-production-change,"Close after independent-track replay stability common validity paired matrix and architecture attribution. Reopen only for a changed peer commit common semantics or an independent broader counterexample; never tune tracks or UDON on opened fixtures."
ATTR-OPPONENT-CEILING-170,2026-08-19,"UDON-SHIELD 828ea78586fab97c05c1de47b07a374f3b0487cb; external peer lethinh26/Hexudon-2026 49e78066ea8b25a9d3cbe4baf56b390d4419eb75",read-only-deterministic-common-evaluator-adapter,"ATTR-OPPONENT-169 exposed a method defect before completion: the peer HTTP-style random-restart count was governed by local wall-clock load and changed a semantic score on repeated execution. Local performance cannot determine opponent strength. A deterministic algorithmic-ceiling comparison is required on fresh unopened fixtures.","Keep UDON at the canonical 5000-ms logical research cap. Give the unchanged peer one fully completed attempt with no deadline cutoff and fixed attempt seed per day so its plan is independent of local throughput and at least as complete as its normal capped candidate. Judge both only through the common exact simulator plus independent validator on a fresh sealed fixed/native matrix. Treat this as semantic strength and counterexample evidence only; make no peer performance claim.","No production source or designed functionality change; no deletion; no peer source repair; official lexicographic score only; common authoritative next-day state and traffic; fixed one-tanker-last plus native lanes; no local elapsed claim; peer is deliberately over-granted completion so a UDON win is conservative; any peer win is only a semantic counterexample until an independent general UDON gap is proven; no seed map family bot opponent dispatcher.","Fresh preflight seed169998 fixed; fresh 24-fixture structural matrix generated 8x8 and BTC-like 32x32 low/default/high with fixed/native lanes","Small semantic-complete portion reproduced and exposed provisional peer wins, but the first 12-spot large exact run did not terminate within a controlled research window. Remaining rows stayed unopened.",12B9754C494713FF330DC8516454583074C67ED9E551A6859334419D47354473,"partial small only; large and remaining rows unopened","not-applicable: read-only external semantic comparison",rejected-method-unbounded,"Close after deterministic replay stability common validity paired matrix and architecture attribution. Reopen only for a changed peer commit common semantics or a fresh independent counterexample; never tune UDON to a peer-specific fixture."
ATTR-OPPONENT-169,2026-08-19,"UDON-SHIELD 828ea78586fab97c05c1de47b07a374f3b0487cb; external peer lethinh26/Hexudon-2026 49e78066ea8b25a9d3cbe4baf56b390d4419eb75",read-only-common-evaluator-adapter,"A newly published medium-strength peer has no common-evaluator comparison against current canonical HEAD. Architecture claims alone cannot prove that UDON wins or identify a real counterexample or capability gap.","Pin both sources. Translate the same frozen official fixture state and traffic into the peer public planner without changing its actions. Score both only through UDON ExactStepSimulator plus IndependentDayValidator at a 5000-ms logical cap. Run one separate semantic preflight then the sealed paired fixed/native matrix; report W/T/L first differing tier gain/loss tails invalidity and strata.","No production source or functionality change; no copied or repaired peer logic; official lexicographic score only; same authoritative next-day state and traffic inside each pair; fixed one-tanker-last lane plus each solver native role lane; 5000-ms hard cap passed to both; local elapsed has no performance authority; no seed map family opponent dispatcher; peer ideas cannot reopen UDON without an independent current-HEAD gap; no deletion disablement or reduction.","One preflight fixture seed165996 fixed; 24 sealed structural fixtures across generated 8x8 and BTC-like 32x32 low/default/high with fixed/native lanes","Stopped after repeated unchanged 166004/native peer score changed tier2 from 23 to22 because local wall-clock load changed restart count. Partial rows have no strength authority.",F60789EEA97163B857A33341D0279F7C9AFBE514DA4AC22B6E6664F398EFE5D4,"method-invalid; partial rows excluded","not-applicable: external logic comparison only",rejected-method-local-wall-clock,"Close after the frozen matrix and architecture attribution. Reopen only if the peer commit or common semantics change or an independent broader suite contradicts the result; never tune UDON on a peer-specific replay."
SCORE-LONG-WITNESS-168,2026-08-19,828ea78+166-deadline-policy-prerequisite,reverted-working-tree,"167 proves the protected same-engine resend path is safe but inert: 100 fresh/consumed refinements produced no strict certified takeover even though 166 shows extra time can improve BTC-scale score. Existing W1 can leave a different terminal state tied on current score without a full-horizon lower witness strong enough to dominate the protected 5000-ms incumbent.","For DeadlineClass::Long only and only after every unchanged baseline W1 outcome has been completed or safely fallen back, attempt two bounded full-horizon witness trajectories inside the same FutureWitnessRepairer: a cap16 current-score greedy trajectory and a cap16 trajectory selecting retained day candidates by the existing FastViability valid upper then current official score and stable ties. Use the unchanged route/master combination limits and exact simulator/independent validator. Replace a scenario outcome only with a complete dual-valid strictly better official final score; otherwise preserve the baseline witness byte-for-byte. No production HTTP resend wiring is added until this proof mechanism creates strict dominance on fresh development.","No designed functionality removed disabled deferred or reduced; no deletion; no second engine shadow solver or realized-suffix oracle; unchanged generator master simulator validator risk comparator and may_submit; baseline W1 and accepted114 exact-bundle path complete first and remain fallback; official lexicographic score only; fixed cap16 inherited from independent078/079 structural attribution and not tuned on new data; no seed map family fuel role bot opponent or match routing; <=5000-ms path byte score state validator equivalent; explicit trusted Long deadline only; local elapsed excluded; sealed holdout and BTC target-host required.","Frozen research/holdouts/SCORE-LONG-WITNESS-168.csv: 5000-ms equivalence 6 fixtures/25 decisions matched final scores daily exact scores and every action hash. Fresh protected general18 at 15000 ms was 0/18/0 with 75 refinements and 0 resubmits; 123/123 greedy and 123/123 guided trajectories completed and improved lower witnesses 48 times but never dominated the protected profile. First BTC-like default had 10 refinements 0 resubmits and optional paths did not start before the certification boundary. Remaining development and all holdouts stayed sealed.",not-opened,F0EBA90F9A0E00B2BB1C80BB1AC7A13809549AD26C4346DA34A3F7499D678965,sealed,not-run,rejected,"Reopen only from a new sound general upper/proof representation or a new public-deadline counterexample; never by cap rank deadline percentage fixture tuning or weakening may_submit."
DEADLINE-ANYTIME-167,2026-08-19,828ea78+166-deadline-policy-prerequisite,reverted-research-harness,"166 proves both sides of the remaining gap: direct Long loses two of six general fixtures but improves BTC-scale default by6 and low fuel by1 while all 30 large-map days remain deadline-limited. The extra budget is valuable, but only if the acknowledged 5-second incumbent cannot be displaced by an uncertified or worse continuation.","Use the existing stateful MatchSession and same UdonShieldEngine. Solve and submit once with the unchanged 5000-ms default. With trusted time remaining, solve the same authoritative state again on the same engine and pre-day ledger; the existing current-score floor and may_submit certificate permit a resend only on strict certified dominance. A non-dominant, incomplete, invalid or transport-failed refinement leaves the first accepted plan authoritative. Apply the chosen day score and footprint to the match ledger exactly once. First implement this in the research harness; production HTTP is touched only after fresh development passes.","No designed functionality removed disabled deferred or reduced; no deletion; no parallel shadow or second engine; first 5000-ms decision byte/score/state equivalent to 828ea78; same generator master simulator validator risk comparator and MatchSession; official lexicographic score; strict existing may_submit certificate; same-day response accounting replaces rather than adds; no map seed family fuel role bot opponent or match routing; unknown budget remains5000; endsAt only tightens; local elapsed excluded; sealed holdout and BTC target-host required.","Frozen research/holdouts/DEADLINE-ANYTIME-167.csv: consumed166 attribution, fresh general18 and BTC-like default/low/high2 each development, sealed general/BTC-like 15s and separate 60s holdouts, BTC15 target-host.","Consumed general protected all 25/25 first submissions and both known Long losses; resubmits0. Consumed BTC-default attempted10 refinements with resubmits0. Fresh general18 attempted75 refinements with resubmits0, invalid/emergency0. Read-only counters on consumed seed4300000 showed2/4 refinement plans differed but all4 tied the incumbent current-day official score; none had a strict certified suffix dominance. Fresh BTC development and every holdout stayed unopened. The mechanism is safe but inert and cannot justify production/runtime complexity.",E748A798B530DDB2945BE076F94E5DAF72A42B44FAE83BD01868A7BDF52E55E5,"sealed; never opened",not-run,rejected-inert-accepted-protection,"Reopen anytime only after a separately proven long-budget suffix/certification mechanism turns a current-score tie into strict certified dominance on fresh development. Never relax may_submit or select by realized suffix."
DEADLINE-LONG-166,2026-08-19,828ea78,reverted-working-tree-deadline-policy,"BTC rules make response time a per-match public parameter; current code contains Emergency/Short/Normal/Long profiles but the canonical 5000-ms clamp makes Long unreachable. A trusted 15000/45000/60000-ms match can therefore leave most legal compute unused, while blindly delaying every submission would unnecessarily lose the fourth response-time tie-break.","First establish the value of the existing canonical Long path without adding score heuristics: retain 5000 ms as the default/unknown fail-closed budget, allow only an explicit trusted response budget up to the published 60000-ms class, and let raw server endsAt tighten but never enlarge it. Requests at or below 5000 ms remain identical. Compare the same fixtures at 5000/15000/60000; only if broad lexicographic upside exists may a successor continue the same search after an early protected submission and resend solely on certified dominance.","No designed functionality removed disabled deferred or reduced; no deletion; one canonical generator/master/simulator/validator/comparator path; official lexicographic score; exact simulator and independent validator; 5000-ms default and fallback; explicit public deadline only; no map seed family fuel role bot opponent or match routing; candidate at <=5000 must be byte/score/state/validator equivalent to 828ea78; local elapsed and cutoff variation have no performance or promotion authority; BTC target-host required before promotion; holdout remains sealed until development passes.","Frozen research/holdouts/DEADLINE-LONG-166.csv: paired general fixed and BTC-like default/low/high development at 5000/15000/60000; sealed general/BTC-like/role holdout.","General 5s candidate-vs-parent was byte/score/state equivalent on 6/6 fixtures and every day action hash. Direct Long at both 15s and 60s was 0/4/2 versus the protected 5s scores: overnight 53->50 and rare-brand 38->37, invalid/emergency0. BTC-scale 15s versus 5s was default 340->346, low405->406 and high527->527, all6/60 with invalid/emergency0; all 30 BTC-scale decisions remained deadline-limited. Thus extra budget has real upside but the existing Long policy is non-monotonic and cannot replace the 5s incumbent.",BB7244DC7798963D03E7C6E1E2864B1796D6F0AFC77FD386801503A8E9AE76BF,"sealed; never opened after standalone Long failed general development",not-run,rejected-standalone-accepted-attribution,"Reopen only as a separately registered protected-incumbent anytime lifecycle using the same engine and strict may_submit certificate. Never deploy direct Long replacement or tune its ordering on consumed166 fixtures."
ATTR-BTC-SELECTION-165,2026-08-19,cf7e4b4+163-working-tree,read-only-replay-attribution,"BTC m-3573 was valid under the canonical cap but live finished6/59/296 and missed one day10 brand. The replay must distinguish a general selection defect from realized-suffix hindsight before any source change.","Replay the authoritative states under the production current-floor policy for current and frozen parent; locate the replay-selected day1 plan in the live candidate audit and compare the complete registered profile tuple rather than realized final score.","Read-only consumed BTC counterexample; no source threshold dispatcher or policy change; official lexicographic score and full certified tuple; no match map seed bot or realized-suffix routing; local timing and bot rank excluded; no designed functionality removed disabled deferred or reduced.","Consumed m-3573 only; live replay plus current-floor current/parent counterfactuals and day1 candidate audit.","Current-floor counterfactuals kept6/60 through day9 and ended current6/60/266 versus parent6/60/267, a local timed tier3 difference only. The alternative that later realizes better was already certified in the live day1 portfolio, but it tied lower bound6/6/31 and upper6/60/445 while q50 was6/37/221 versus selected6/37/222; it therefore did not dominate. The earlier no-current-floor6/60/265 tie was a diagnostic policy mismatch and is not production A/B.",not-applicable,not-applicable,"m-3573 10/10 valid 9/9 reconciled; target-host hard-cap gate passed; rank excluded.",accepted-negative-attribution,"Reopen only if multiple diverse fresh BTC or human replays show the same structural profile-order failure, or if a candidate dominates under the complete registered tuple before the realized suffix is known."
ATTR-TANKER-STATE-DOMINANCE-164,2026-08-19,cf7e4b4,read-only-exact-state-audit,"Known roadless low-fuel seed3200100 has an exact day1 witness3/3/4 versus parent3/3/3. A safe monotonic insertion requires the gain to end in the same full authoritative state and road footprint as parent.","Compare exact witness and parent day1 terminal agents fuel and road footprint before considering any planner source change.","Consumed witness only; read-only; exact simulator and independent validator; full terminal state equality required; no shadow solver dual suffix evaluator threshold or fixture routing; no designed functionality removed disabled deferred or reduced; local timing excluded.","Consumed seed3200100 day1 only.","Both road footprints are empty but terminal states differ: exact witness ends26:2|26:2|26:2 while parent ends36:2|34:1|36:2. Therefore no same-state dominance certificate exists; preserving both futures would require a dual or shadow suffix evaluation and is outside the single-path non-overengineered architecture.",not-applicable,not-applicable,not-run,accepted-negative-attribution,"Reopen only for a fresh general counterexample whose strict score gain also preserves the complete authoritative terminal state and road footprint."
CORRECT-HARD-CAP-WIRING-163,2026-08-19,cf7e4b4+161-core-prerequisite,commit:Enforce-canonical-competition-compute-cap,"162 proves deadline-partitioning the no-budget exhaustive role algorithm is not semantics-preserving and causes systematic fuel-tight regression. Call-graph audit shows production HTTP/sandbox already use select_roles_until, but generic CLI roles still calls the no-budget method and the method name does not identify its research-oracle semantics.","Restore the exhaustive algorithm byte-equivalent, rename it select_roles_exhaustive_oracle, and migrate benchmark/historical research callers to the explicit oracle. Route generic CLI roles through select_roles_until(kCompetitionComputeHardCap). HTTP and sandbox remain on the same bounded path. No compatibility wrapper or dual production selector.","No designed role logic stage mask evaluator or research consumer removed disabled deferred or reduced; no deletion; exhaustive oracle implementation and harness cadence/inputs/outputs unchanged; production role selector implementation unchanged; every production caller receives one canonical5000-ms budget; fixed/deadline solver semantics <=5000 unchanged; exact simulator validator official comparator unchanged; no map seed family fuel bot opponent match routing; local elapsed excluded; BTC final authority.","Frozen call-graph and equivalence gates research/holdouts/CORRECT-HARD-CAP-WIRING-163.csv; consumed exhaustive seeds100000..100005 protect oracle identity; unit and BTC gates.","Git diff proves exhaustive body unchanged except explicit oracle name; only research benchmark/harness callers use it; CLI/HTTP/sandbox/session use bounded selector. Final all-target build and unit/simulator/validator gate passed. Protected fixed-role5000 screen tied parent0/6/0 with zero invalid/emergency. BTC m-3573: 10/10 valid, 9/9 reconciled, max response2556, max decision2447, validator agreement. ATTR-BTC-SELECTION-165 found no general source regression or dominating candidate.",8F8FA420C5129AE28D9FBC5B3C8CF81A8B2A2F9E9A8CF515EE76BC81378B0EC1,"Source/call-graph all-target build unit and fixed5000 score gates passed; unstable local oracle outcomes excluded. BTC replay SHA256 7878AB5DC19B401F59D97DE077AA1C997A6E213C455ACF3092628427E5535ACA.","m-3573 passed target-host validity lifecycle and hard cap; rank excluded as quality evidence.",accepted-correctness,"Reopen source only if production call graph regresses or target-host shows invalid emergency or cap breach."
CORRECT-HARD-CAP-ROLE-162,2026-08-19,cf7e4b4+161-core-prerequisite,rejected-working-tree-to-be-restored,"161 core clamps are semantic-equivalent at every explicit budget <=5000, but the legacy exhaustive select_roles API had no caller budget. Supplying a hard-stop-only deadline still changed general seed100002 from mask8 score5/20/31 to mask2 score5/20/35 although both role passes completed below one second. Therefore bounding this API is a real role-policy change rather than a performance-equivalent correction.","Retain the registered 161 core cap. Bound the existing exhaustive role algorithm in place by the same 5000-ms absolute deadline and partition that deadline across its unchanged seed/full-horizon stages exactly as the live role evaluator already does. Keep all masks, rollout stages, official comparator and deterministic fallbacks; do not add a second solver or dispatch by fixture.","No designed role stage mask evaluator or consumer removed disabled deferred or reduced; no deletion; official lexicographic score; exact simulator and independent validator; zero invalid/emergency; one structural deadline rule independent of seed map family fuel bot opponent and match; full fixed-operation role evidence remains when it completes inside the cap; development trade-offs require broad paired holdout with bounded tail; local elapsed excluded; BTC target-host final performance authority.","Consumed general exhaustive seeds100000..100005 then frozen general36 and BTC-like low/default/high18 exhaustive holdout; fixed/deadline controls and diagnostic validity lanes registered in research/holdouts/CORRECT-HARD-CAP-ROLE-162.csv.","Development3/2/1 gain/loss8/1. Frozen general/exhaustive36 opened once: candidate2/28/6 gain/loss2/12; two tier2 losses -2/-3; fuel-tight0/3/3; invalid/emergency0.",8868A31FD90EE8D5D548C49DADDC03CCABB6AB497B89778D85216FAC88391288,"Rejected on first sealed block; BTC-like18 controls diagnostics and BTC remained unopened.",not-run,rejected,"Do not deadline-partition or otherwise mutate the exhaustive oracle. Restore it byte-equivalent and route every production caller through the existing select_roles_until hard-cap API."
CORRECT-HARD-CAP-161,2026-08-19,cf7e4b4,working-tree-prerequisite-to-162,"Runtime accepts an arbitrary positive --response-ms and passes it through to BtcAdapterOptions role selection and the HTTP action deadline; UdonShieldEngine solve_day solve_day_until and select_roles_until also consume the caller-supplied duration unchanged. A 60000-ms outer window can therefore grant more than the mandatory 5000-ms internal compute budget. Repeated post-ACK precompute/proof slices also have no cumulative per-day cap.","Define one canonical 5000-ms competition compute cap. Clamp solve and role-selection budgets at the engine boundary; derive every BTC adapter and action deadline from the same effective budget while retaining the outer server deadline only as a tighter lifecycle bound; account cumulative post-ACK search against the unused part of the same day cap.","No designed functionality removed disabled deferred or reduced; no deletion; every solver planner proof precompute role and transport path remains active; requests at 1/500/1200/2500/5000 ms are byte/score/state/validator equivalent; oversized requests differ only by enforcing the already-authoritative cap; exact simulator validator certification comparator and score unchanged; one production path; no map seed family fuel role bot or opponent routing; local latency excluded; BTC target-host final authority.","Frozen contract/equivalence manifest research/holdouts/CORRECT-HARD-CAP-161.csv; oversized engine role session HTTP and post-ACK development gates then protected <=5000 equivalence lanes.","Core adapter/solve/solve-until/session/select_roles_until/post-ACK gates and full unit suite passed. The legacy no-budget select_roles API then violated strict equivalence on consumed general seed100002 even with a hard-stop-only deadline; that role-policy change is separated into162.",380D32C32768FC71A5204DB4CF3340CE6631F502FEB030AF0F4FF7E988B12311,"Explicit <=5000 core lanes passed; legacy exhaustive role score holdout not opened under161.",not-run,rejected-superseded-by-162,"Retain only the proven core cap as162 prerequisite; the legacy exhaustive role API requires its own paired score gate and BTC authority."
SCORE-TANKER-PARENT-TIE-PROTECTION-160,2026-08-14,cf7e4b4,rejected-working-tree-restored,"159 passes both development gates and tanker holdout but road-containing fixed holdout is6/25/5 gain18 loss11 with balanced0/3/3 loss9. Consumed seed3760032 reproduces under complete search: extension changes a day1 official-score tie then loses four servings day3 and two day4.","Snapshot the canonical portfolio immediately before post-prune coordination extension. RouteMaster solves that untouched snapshot first under the same absolute deadline and retains its incumbent; expanded search receives only remaining time. After official score comparison and before secondary tie breakers parent wins a tie; extension still wins on strict official gain. Retain 159 exact empty-road-footprint certificate.","No designed parent functionality removed disabled deferred or reduced; no deletion; every parent column and candidate remains active; extension remains fully searchable when deadline remains and wins on strict official score gain; one 5000ms absolute deadline covers both phases; provenance structural not seed map family fuel role bot or match identity; same generator master comparator used by ALNS role rollout and production; exact simulator validator certification unchanged; local elapsed excluded; frozen holdouts stayed sealed.","Consumed seed3760032 only: direct provenance stayed5/20/41; parent snapshot plus end-to-end tie flags reached5/20/45 but remained below frozen parent5/20/47. Source restored byte-identical to cf7e4b4. No fresh row opened.",rejected,0DC2CF8314D224CB52AF232E03039DF12324C19CD3A47EC2B01B4FDA89F38E22,"sealed unopened; matrix SHA256 4DE14CD78844356901062E2DA7CCF030645B71BF4D14525A4B7813CA7095EA72",not-run,rejected,"Reopen only with a single-path whole-pipeline incumbent certificate that neither runs a shadow decision solver nor extends the same 5000ms; no further comparator or provenance flag patches."
SCORE-TANKER-TRAFFIC-NEUTRAL-159,2026-08-14,cf7e4b4,rejected-working-tree-superseded-by-160,"158 is strongly positive roadless but fails road-containing fixed23/68/29 gain61 loss70. On consumed seed300030 it ties day1 gains one serving day2 then loses a daily brand day4; full search completes, localizing failure to future own-traffic externality rather than role or cutoff.","Retain 158 canonical provider/refuel columns but admit a new multi-waypoint tanker provider only when its exact fullFootprint is empty. All existing parent road rendezvous escort and tanker columns remain active; only the speculative extension requires traffic-neutral certification.","No designed parent functionality removed disabled deferred or reduced; no deletion; per-route exact footprint certificate not map seed family fuel role bot or match dispatcher; parent portfolio retained and not re-pruned; provider endpoint/order/cap unchanged; official comparator exact simulator independent validator master role logic and certification unchanged; 5000ms hard cap; local elapsed excluded; BTC final performance authority; frozen holdouts opened only after both development gates passed.","Consumed anchor exact3/12/16. Fresh tanker12 is2/10/0 gain/loss4/0 invalid0. Fresh road-containing fixed12 is3/9/0 gain/loss7/0: tier2 +2 and tier3 +1/+4; invalid emergency deadline zero.",passed,8B9F8EB2232ECD89EF7A8AEE16E28FA28B274D903327F16548F719D65080F2FA,"Tanker holdout6/30/0 gain/loss11/0 invalid0. Road-containing fixed6/25/5 all tier3 gain/loss18/11; balanced0/3/3 loss9. Remaining lanes unopened after blocker.",not-run,rejected,"Reopen only through structural parent-tie protection before secondary terminal/traffic tie breaks; never fit a family or road-count dispatcher."
SCORE-TANKER-CANONICAL-CARAVAN-158,2026-08-14,cf7e4b4,rejected-working-tree-superseded-by-159,"157 proved canonical required/provided refuel events work but its eligible independent tanker providers are only one route leg followed by wait; a complete 278-combination master audit remains day1 3/3/3 and each new patrol column reaches at most one serving.","Reuse the already-attributed unchanged bounded provider construction: stable permutations of at most four public-priority spot endpoints create dual-exact independent tanker RouteColumns. Around those canonical providers generate timestamped patrol join/follow/detach columns; unchanged RouteMaster selects them jointly with every parent column. No atomic whole-plan comparator.","No designed functionality removed disabled deferred or reduced; no deletion; all parent columns retained after unchanged pruning and never re-pruned; fixed endpoint bound inherited unchanged from 152-156 attribution and not tuned on 157; canonical route/master shared by role rollout and production; official comparator exact simulator independent validator and certification unchanged; no seed map family bot match fuel or role dispatcher; existing maximumEscorts bounds providers; 5000ms hard cap; local elapsed excluded; BTC target-host sole performance authority; holdout sealed.","Anchor then fresh tanker development/holdout plus protected roadless and road-containing lanes.","Anchor exact3/12/16. Fresh3/9/0 invalid0. Roadless fixed98/106/12 gain319 loss18; native27/41/4 gain96 loss5; deadline32/38/2 gain90 loss2; zero invalid/emergency and all families net positive.",F9FC8A1962CCE1B6C7F5408273087F7C91418B08F9D7F4BC2A50B78982E98473,"Tanker holdout8/28/0 invalid0. Full road-containing fixed rejected23/68/29 gain61 loss70; four of six families net negative and one candidate deadline day. Native/deadline road-containing unopened.",not-run,rejected,"Reopen only with a generic exact certificate protecting future own-traffic externality; no roadless/map dispatcher and no acceptance as a global trade-off."
SCORE-TANKER-SHARED-REFUEL-COLUMNS-157,2026-08-14,cf7e4b4,rejected-working-tree-superseded-by-158,"156 improved fixed low-fuel caravan cases but caused a reproducible exhaustive-role regression because its independent whole-plan candidate was visible under a reduced role rollout with different value than the canonical production planner. RouteMaster already supports one tanker covering multiple patrol refuel events, but RouteColumnGenerator locks each split rendezvous to a separate pair-specific escort group.","After unchanged parent pruning, retain every parent column and add bounded canonical patrol columns around existing independent exact tanker columns. Each patrol joins its earliest fuel-feasible tanker action boundary, copies an exact shared segment with timestamped required refuels, then either follows the suffix or detaches to a public-priority target. Optionally shift a start-spot provider by the already-proved WAIT1 while retaining the unshifted provider.","No designed functionality removed disabled deferred or reduced; no deletion; all parent columns remain active and are not re-pruned; one canonical route/master representation shared by role rollout and production; unchanged official lexicographic comparator exact simulator independent validator and final certification; no map seed family bot match fuel or role dispatcher; bounds use existing maximumEscorts; 5000ms internal hard cap; local elapsed excluded and BTC target-host sole performance authority; holdout sealed.","Consumed 156 anchor only; fresh 157 split unopened.","Unit passed. Anchor unchanged final3/12/15 and day1 3/3/3. No-deadline generator/master audit visited278 combinations; best stayed3/3/3. Shared patrol columns were exact but at most one serving because all eligible independent tanker providers were one-leg-plus-wait.",02BAAB9408D38A0E77A7D1FD9E1F4551EC0833FBFF528DAA5780F1EE614B5B3F,sealed-unopened,not-run,rejected,"Reopen only through a canonical multi-waypoint tanker RouteColumn followed by unchanged required/provided event coverage; never change provider count join boundary or detach ranking within 157."
SCORE-TANKER-CARAVAN-OVERNIGHT-156,2026-08-14,cf7e4b4,rejected-working-tree-restored,"155 closes day1 exactly at3/3/4 but ends on spot34; the next day leaves immediately and misses the rule-required start-spot WAIT1, causing final3/12/14 versus parent15 and exact16.","Reuse 155's unchanged bounded cached convoy preseed. When its tanker starts a nonterminal day on a spot, prepend WAIT1 to every convoy member before unchanged path permutation and earliest-feasible-join construction.","Canonical explicit overnight harvest only; no endpoint/order/cap/join/guard/comparator change; outer production incumbent and all main candidates retained; strict official gain; roadless/all-brand/all-stock/full-patrol-fuel/common-terminal admission; terminal unchanged; no seed/family/bot/match dispatcher; no designed functionality removed disabled deferred or reduced; 5000ms hard cap and BTC sole performance authority; local elapsed excluded; holdout sealed.","Consumed anchor3200100 then fresh3/9/0; scale fixed216 and exhaustive72 after original holdout.","Anchor parent3/12/15 to candidate3/12/16. Fresh paired3/9/0 invalid0. Scale fixed2/214/0 with two reproducible tier2 gains. Exhaustive role0/71/1: seed3541032 mask2->4 and whole-match3/8/8->3/7/8; fixed masks tied exactly, proving causal role-evaluator regression.",9A6D838736DCE43142A95FB89A019FE0A15E117569B9CD96C9277FC4EB08B436,"Original paired7/29/0 invalid0; later scale fixed2/214/0 but exhaustive role0/71/1 causal tier2 loss. Remaining scale deadline unopened after blocker.",not-run,rejected,"Reopen only through canonical route/master join-loiter-detach shared by role rollout and production; no context/budget disable gate and no endpoint cap or guard tuning."
SCORE-TANKER-CARAVAN-PRESEED-155,2026-08-14,cf7e4b4,rejected-working-tree-restored,"Accepted attribution154 proves a compact join-and-follow convoy exactly reaches missing day1 score3/4, while153 did not surface it before independent exact selection.","Before independent static search, generate fixed-operation atomic convoy plans from stable permutations of at most four highest official-priority spot endpoints, capped at24. Each patrol joins at its earliest fuel-feasible tanker action boundary and copies the remaining tanker actions. Dual-exact evaluate every plan.","Outer production incumbent and all main route/master candidates retained; independent lane additive; strict official-score replacement only; one canonical simulator/validator; roadless/all-brand/all-stock/full-patrol-fuel/common-terminal admission; terminal unchanged; no seed/family/bot/match dispatcher; no designed functionality removed disabled deferred or reduced; 5000ms hard cap and BTC sole performance authority; local elapsed excluded; holdout sealed.","Consumed anchor3200100 first; only after closure 12 fresh cases across four families and low/default/high seeds3410000..3430300.","Unit passed; day1 closed exact at3/3/4 with all agents34:2, but final regressed parent3/12/15 to3/12/14 because day2 left start spot34 without required WAIT1 and collected only3 servings. No fresh candidate row opened; source fully restored.",81F341E7336CF6144C4EC795352D148868BCC75C2F98EBAD9C4140910FDE1DC9,"sealed-unopened",not-run,rejected,"Reopen only by composing the canonical explicit overnight-harvest WAIT1 before caravan departure; never tune endpoint count cap join rule guard seed family bot or match."
ATTR-TANKER-CARAVAN-CONSTRUCTION-154,2026-08-14,cf7e4b4,research-probe-only,"153 stayed at3/3/3, but that result does not distinguish an insufficient join-and-follow construction from candidate generation/evaluation missing its independent-lane deadline.","On consumed anchor3200100 only, construct the compact public-rule convoy implied by the exact witness: patrol0 joins at the first reachable tanker boundary, patrol1 at the next reachable boundary, then both follow the tanker suffix to a common terminal. Exact-simulate and independently validate day1.","Read-only consumed-witness attribution; no production source or score candidate; exact simulator/independent validator agreement; official current-day score; no fresh seed holdout BTC performance or local timing claim; no designed functionality removed disabled deferred or reduced.","Consumed split-duty/low seed3200100 day1 only.","Dual-valid day1 score3/4; final agents26:2|26:2|26:2; plan3.2.2.0.5.5.-4|-2.4.2.0.5.5.-4|5.2.2.0.5.5.-4.",not-applicable,not-applicable,not-run,accepted,"Closed. Any successor must preseed a bounded atomic convoy before static independent search and retain every outer parent candidate; do not add detach logic or tune geometry from this consumed witness."
SCORE-TANKER-JOINT-CARAVAN-153,2026-08-14,cf7e4b4,rejected-working-tree-restored,"Exact150 requires separated patrols to join a tanker trajectory at different action boundaries and then move lockstep. Canonical master supports one-tanker multi-patrol escort groups, but generator creates them only when all patrols start co-located; rejected152 proves extra tanker windows alone do not close the gap.","Inside independent EventConflict, beam at most four public start/spot waypoints for exactly one tanker. For each joint plan every patrol takes a fuel-feasible Pareto prefix to its earliest reachable tanker action boundary then follows the exact remaining tanker actions. Evaluate atomically with existing exact simulator and independent validator after the byte-equivalent parent phase.","Official lexicographic score; parent incumbent protected; one canonical evaluator; no role/comparator/deadline/static/terminal change; no seed/family/bot/match dispatcher; bounded public structural inputs; no designed functionality removed disabled deferred or reduced; nonterminal roadless/all-brand/all-stock/full-patrol-fuel/common-terminal admission; 5000ms hard cap and BTC sole performance authority; local elapsed excluded; holdout sealed.","Consumed anchor3200100 first; only after closure 12 fresh cases across four families and low/default/high seeds3350000..3370300.","Unit suite passed but anchor stayed HEAD3/12/15 and day1 3/3/3; exact remains3/12/16 and day1 3/3/4. Selected plan changed with zero official gain. Fresh candidate and holdout rows remained unopened; source fully restored.",6355744188DE9B8F2FEB5B605FAA9AC1D9F47A010B0398240416255E027C8AAE,"sealed-unopened",not-run,rejected,"Reopen only through canonical route/master machinery with a bounded join-and-detach escort segment primitive; do not add another standalone whole-plan generator or tune route count waypoint count join order guard seed family bot or match."
SCORE-TANKER-CARAVAN-152,2026-08-14,cf7e4b4,rejected-working-tree-restored,"Exact 150 proves a day1 tier3 +1 from a joint patrol-tanker caravan plan absent from all16 HEAD audit candidates; rejected151 proves the existing two-window mobile hub set cannot express it.","After the byte-equivalent static EventConflict parent phase, add a bounded deterministic tanker waypoint beam over the same public start/spot cells and ParetoRouter, exposing at most four consecutive rendezvous windows. Retain the strict nonterminal roadless/current-day absolute score/full patrol fuel/common terminal admission guard; terminal behavior stays unchanged.","Official lexicographic score; parent incumbent protected; no role/comparator/deadline/static-hub change; no seed/family/bot dispatcher; no designed logic removed disabled deferred or reduced; exact simulator and independent validator; bounded public structural inputs only; 5000ms hard cap with BTC as sole performance authority; local elapsed excluded; holdout sealed.","Consumed anchor3200100 first; only if closed, 12 fresh cases across rendezvous-chain/split-duty/stock-cycle/rare-return and low/default/high seeds3290000..3310300.","Unit suite passed, but consumed anchor remained HEAD3/12/15 and day1 3/3/3 with the parent-identical plan/state; exact remains3/12/16 and day1 3/3/4. No fresh candidate row opened; production source fully restored.",EB3BB794D53BE196AF63890266738DE3BD25620FAD9A659BE591ADC1ADA26E31,"sealed-unopened",not-run,rejected,"Reopen only with a separately justified bounded shared multi-patrol escort/lockstep caravan primitive. Do not tune waypoint count beam width admission guard seed family or bot routing."
SCORE-TANKER-SAFE-MOBILE-151,2026-08-14,cf7e4b4,rejected-working-tree-restored,"150 exposes a day1 joint patrol-tanker portfolio miss on a roadless low-fuel full match: HEAD3/3/3 versus exact3/3/4, final +1 serving. Unrestricted nonterminal mobile hubs were rejected by143 for future traffic/fuel/state regressions.","Run the byte-equivalent static EventConflict parent phase first. Before terminal day and only with no road cells, evaluate the existing bounded mobile hubs additively. Admit a mobile result only when its exact today score reaches the absolute all-brand/all-stock bound, every patrol finishes full fuel and all agents share one terminal cell.","No role/comparator/deadline/static-hub change; parent incumbent retained; no seed/family dispatcher; no action or designed logic removed; exact simulator and independent validator; current-day absolute score equality; roadless; full terminal patrol fuel; common terminal cell; 5000ms logical cap; local elapsed excluded; remaining position-suffix risk requires fresh/protected paired evidence; holdout sealed.","Consumed anchor3200100 then 12 fresh cases: four families by low/default/high, seeds3230000..3250300. Candidate must close the anchor and activate on fresh structure before holdout.","Rejected on consumed anchor: candidate HEAD remained3/12/15 and day1 remained3/3/3 with parent-identical plan/state; no existing mobile hub reached safe admission. Fresh development was not opened; production source fully restored.",DD7CADA659D6A497A1969E7F9E90843E2EF8800277D021E4F914883D2241BB6F,sealed,not-run,rejected,"Reopen only with a separately justified bounded joint multi-patrol caravan primitive; do not increase hub limits weaken the guard or enable unrestricted mobile logic."
CEILING-TANKER-MATCH-150,2026-08-13,cf7e4b4,research-oracle-only,"148/149 failed only config preflight and produced zero score; the full-match tanker/refuel suffix domain remains unmeasured after terminal 147 closed.","Run the complete joint step DP on a separately frozen valid four-day roadless 2x3 active component embedded in 8x8, with 16 steps/day, two patrols, one tanker, three distinct non-spot starts and three spots. Carry positions, fuels, terminal refuel, lifetime brands and official accumulated score across days; reset only daily stock/visited state. Canonicalize interchangeable patrol identities with witness remapping and memoize identical daily dynamics only after asserting equal step counts.","All published config invariants verified before freeze: 4 days, 16 steps within 8x8 bounds, 3 agents, 3 spots, distinct non-spot starts, positive fuel, roadless; no production source change; complete action enumeration/no state cap; exact movement/fuel/claim/stock/revisit/refuel; official lex score; only exact dominance; reconstructed match dual-valid; local elapsed excluded; holdout sealed; no designed functionality removed disabled deferred or reduced.","Fresh 12-case development: four structural families by low/default/high fuel, horizon4, seeds 3200000..3220300.","After one infrastructure-inconclusive pre-quotient attempt, seed3200000 tied at3/12/12. Seed3200100 exposed exact tier3 +1: HEAD3/12/15 versus oracle3/12/16; exact-vs-HEAD1/1/0, invalid0 incomplete0, hash45ada1153ec4107b. Attribution reproduced the result and localized first divergence to day1 3/3/3 versus3/3/4; oracle day1 plan was absent from all16 HEAD audit candidates, proving a pre-master joint patrol-tanker portfolio coverage gap. Remaining ten development seeds stopped unopened.",3120848D5D5642E44467B20903694FBBBA7F89AAA168F0844F8E7251C1B0ECA4,sealed,not-applicable,accepted-gap-no-candidate,"Open a fixture-independent bounded candidate-generation experiment from cf7e4b4 only after tracing the responsible generator; no seed/family dispatcher or blind beam increase. Keep remaining development and holdout sealed until candidate passes fresh development."
CEILING-TANKER-MATCH-149,2026-08-13,cf7e4b4,research-oracle-only,"148 proved only that its 2x2 adapter cannot satisfy the official distinct-start/non-spot contract; the full-match tanker/refuel suffix gap remained unmeasured.","Run the same complete three-day joint step DP on a separately frozen roadless 2x3 component with two patrols, one tanker, three distinct non-spot starts and three spots. Carry positions, fuels, lifetime brands and official accumulated score across days; reset only daily stock/visited state and preserve terminal refuel into next-day state.","No production source change; complete action enumeration with no state cap; exact movement fuel claim stock repeat-visit and consecutive/terminal refuel semantics; official lex score; dominance only at identical physical/lifetime state with no-less fuel, subset visited and lexicographically no-worse accumulated daily/servings; reconstructed whole match dual-valid; roadless public-information domain; local elapsed excluded; holdout sealed; no designed functionality removed disabled deferred or reduced.","No score fixture ran. Official config preflight rejected horizon3 because published matches require 4 to10 days; independent source audit also found daySteps6 below the 8x8 minimum16 before either value could be relaxed.",not-applicable,CCEA64E1D4CE491937BC88B635C63CDFC8A69BACE238DD3AC439B0D75E4A01B8,unopened,not-applicable,rejected-preflight,"Do not alter frozen149. Replace only with a fresh horizon4/daySteps16 split after validating every config invariant before freeze."
CEILING-TANKER-MATCH-148,2026-08-13,cf7e4b4,research-oracle-only,"147 proves terminal-day tanker/refuel exactness, while 142 proves enabling the same mobile capability before terminal can regress because fuel and traffic alter a non-empty suffix. No exact evidence covers full-match tanker decisions and next-day refuel state under the production information set.","Build a research-only complete three-day joint step DP on a roadless 2x2 component with two patrols, one tanker and three spots. Carry positions, fuels, lifetime brands and official accumulated score across days; reset only official daily stock/visited state; preserve terminal refuel into next-day state. Compare unchanged cf7e4b4 at 5000 ms per day.","No production source change; complete action enumeration with no state cap; exact movement fuel claim stock repeat-visit and consecutive/terminal refuel semantics; official lex score; dominance only at identical physical/lifetime state with no-less fuel, subset visited and lexicographically no-worse accumulated daily/servings; reconstructed whole match dual-valid; roadless avoids opponent-information leakage; local elapsed excluded; holdout sealed; no designed functionality removed disabled deferred or reduced.","No score fixture ran. Schema preflight first rejected two extra CSV columns, then config preflight proved a 2x2 component cannot contain three distinct non-spot starts plus three spots under the official contract.",not-applicable,31AAECC56CB45DCDD06DB0E29B4E6A4C3F53FDCF0E417F962DBC5F5CFB9AA9F6,unopened,not-applicable,rejected-preflight,"Do not force duplicate starts or alter the frozen 148 domain. Replace with separately frozen 2x3 experiment 149 before any fixture runs."
CEILING-TANKER-DURABLE-147,2026-08-13,cf7e4b4,research-oracle-adapter-only,"146 consumed an exact holdout without observable output because the aggregate probe buffered all evidence until completion and outlived its wrapper. A fresh independent terminal-tanker convergence sweep still has value, but evidence must survive per-case timeout or interruption.","Freeze new seeds before adapter change. Extend only the research manifest allow-list to ID 147, then execute exactly one seed per process with a bounded wrapper and capture each completed case independently. Development runs before the sealed holdout.","No production source change; complete joint step DP and fixture families unchanged; official lex score; exact simulator and independent validator; one seed per process; no 138 seed reuse; no tuning after any result; local elapsed excluded; 5000-ms logical HEAD cap; no designed functionality removed disabled deferred or reduced.","Fresh 18-case development: six structural families by low/default/high fuel, seeds 2900000..2920500.","Exact-vs-HEAD 0/18/0: all 18 tied across six families and low/default/high; zero head win incomplete invalid. Durable per-case hashes recorded in evidence.",552554C7C69F41EA5172E41A5A79F1D22FBCFFB90DF570BE18D8D6E50CF16E6C,"Opened once: exact-vs-HEAD 0/54/0; all 54 tied across six families and low/default/high; zero head win incomplete invalid; result hash 3a958862e744b7a6.",not-applicable,accepted-ceiling,"Terminal tanker domain closed after combined 72/72 exact ties. Reopen only for an independently generalized exact domain or a fresh dual-valid exact counterexample; never retune or rerun 147."
CEILING-TANKER-POSTCHECKPOINT-146,2026-08-13,cf7e4b4,read-only-exact-oracle-sweep,"Checkpoint cf7e4b4 closes the fresh and paired terminal mobile-rendezvous score gap, but the independently frozen CEILING-TANKER-TERMINAL-138 exact holdout had never been opened against the new parent. Practical convergence requires measuring residual exact headroom rather than inferring it from candidate-vs-parent gains.","Open the already-sealed 54-case 138 holdout exactly once against unchanged cf7e4b4. Run the complete joint step DP and compare exact oracle versus HEAD under the official lexicographic score, reconstructing and dual-validating every exact witness.","Read-only; no production or oracle source change; unchanged 138 manifest and hash; two patrols plus one tanker; exact timing fuel stock visited and refuel semantics; no weighted sum; no tuning after opening; local elapsed excluded; 5000-ms logical HEAD cap; no designed functionality removed disabled deferred or reduced.","Inherited prerequisite only: 144 fresh candidate-vs-parent 4/14/0 with zero loss/invalid, plus role145 and BTC hard-cap gates accepted.","Prerequisite passed before holdout opening; no new development fixtures consumed.",7D966C853B0B13B0E2E9223310E540B9BC6E869251711ABEA1EB6ECC519FD2A1,"Opened once, but the aggregate probe emitted no incremental stdout and exceeded its 900-second wrapper. The child remained orphaned without an observable result and was terminated by verified PID. No score, validity or completion verdict exists.",not-applicable,infrastructure-inconclusive,"Do not rerun the consumed 138 holdout. Replace it with a fresh independently frozen seed split and durable one-case-per-process execution; do not infer a tie or gap from timeout."
SCORE-TANKER-TERMINAL-ROLE-145,2026-08-13,5dccb0f2000f78385d924b3e1f51d234d824bfa1,research-switch-only,"144 has structural fixed-role whole-match dominance and scored fresh4/14/0 plus holdout12/42/0, but approximate full-horizon role evaluation can improve tanker assignments unevenly and change selected role mask.","Use an identical-layout switch that disables only terminal mobile EventConflict. Freeze fresh deadline-role development then untouched deadline/exhaustive general and BTC-scale fuel strata. Compare official whole-match score, masks and validity.","Same binary; terminal mobile logic unchanged; no tuning after opening; official lex comparator; zero invalid/emergency; no seed/map/family dispatcher; 5000 ms logical hard cap; BTC sole performance authority; no functionality removal disablement or reduction.","Six fresh general deadline-role fixtures.","Fresh0/6/0 invalid0 emergency0.",F26CECA60375253BB1F787E210FCA7F6B2D42E752A6AD34A81BEE917D29B6C96,"General deadline1/11/0; exhaustive0/12/0. BTC-scale local initial0/2/1 crossed on repeat from candidate-1 to candidate+4; all days deadline-limited and pre-terminal hashes diverged, so local tier3 is non-causal noise.","Shared BTC gate m-2159: assignment+10/10 valid ACK; max solver3398ms; max response3706ms; emergency0; replay-check10/10 score6/60/285.",accepted,"Reopen only if target-host telemetry or a new role-selection counterexample shows terminal mobile evidence changes selected roles with reproducible global downside."
SCORE-TANKER-TERMINAL-ONLY-144,2026-08-13,5dccb0f2000f78385d924b3e1f51d234d824bfa1,checkpoint-commit-containing-this-row,"142 mobile capability had broad terminal gains but caused two multi-day tier-2 losses in a frozen same-binary screen because better immediate score can alter fuel/traffic before a future suffix.","Expose the already attributed bounded two-window mobile EventConflict phase only on the public terminal day, after the exact parent static phase; all earlier days and all other independent methods remain parent-equivalent.","Fixed-role days before terminal byte-equivalent; terminal static parent prefix and incumbent protected; no suffix after terminal day so official lex day dominance equals whole-match dominance; same simulator/validator; no seed/map/fuel dispatch; no removal disablement or reduction; 5000 ms logical cap; BTC sole performance authority; role selection gated separately.","18 fresh terminal fixtures across six families and low/default/high fuel.","Fresh fixed-role4/14/0 invalid0; four diverse low-fuel tier3 gains+1..+2; default/high controls tied.",ED0860B586E447C9CC3E9DB8BCFC261974F694870864308973AAB3765A0F7398,"Opened once fixed-role12/42/0 invalid0; twelve tier3 gains+1..+3 across the same four independent families; role145 fresh0/6/0 sealed deadline1/11/0 exhaustive0/12/0.","m-2159 explicit hard/3bot/10day/32x32/100step/5000ms/8agent/12spot/6brand/lowfuel: assignment+10/10 valid ACK; max solver3398ms; max response3706ms; emergency0; replay-check10/10 score6/60/285 SHA AECD94B9EA033CB0642C483673CA8306BF9DA116427B97FD2C8FD477021DB790.",accepted,"Reopen non-terminal mobile use only with exact suffix protection; reopen terminal construction only if a new exact terminal oracle witness is still missed."
ATTR-TANKER-CAUSAL-GENERALIZATION-143,2026-08-13,5dccb0f2000f78385d924b3e1f51d234d824bfa1,research-switch-only,"142 gained broadly on its fresh tanker matrix, but a protected deadline-role screen was 1/4/1. Same-binary attribution showed both the fuel-tight gain and rare-brand loss can be caused by mobile hubs; improvements can alter cross-assignment role ranking even though every day-plan parent incumbent is retained.","Freeze an untouched same-binary candidate/control screen across deadline/fixed role modes, map scale and low/default/high fuel. Disable only the post-parent mobile phase in the control; do not tune candidate order limits or routing after results.","Identical binary layout and parent code; official lex comparison; no seed/map/family dispatcher; zero invalid/emergency; tier-1 loss or systematic tier-2/tail loss rejects142; local elapsed has no performance authority; no functionality removal disablement or reduction.","12 fresh general deadline-role; 12 fresh general fixed-role; one fresh BTC-scale fixed-role per low/default/high fuel.","First deadline-role block candidate-vs-control2/8/2 invalid0 emergency0. Loss316004 held mask8 and fell6/24/31->6/23/28; loss316005 changed mask4->8 and fell6/24/30->6/22/29. Gains were tier3+1 and tier2+2/tier3+5.",7BE1AFB44BC7440AA150BFAC44CE158BAD7970C00B2C5CA4668C9FBE804CFE76,"Closed on first block; remaining blocks not opened after rejection criterion fired.",not-run,rejected,"Reopen mobile rendezvous only where the suffix is absent (terminal day) or after an exact suffix proof protects all future tier scores."
SCORE-TANKER-POST-PARENT-142,2026-08-13,5dccb0f2000f78385d924b3e1f51d234d824bfa1,rejected-working-tree,"141 removed the known protected loss and passed fresh/holdout score gates, but mobile hubs still entered MacroMcts and changed root action cardinality and RNG sampling. Attribution proves EventConflict alone reaches the exact138 witness; backward and MCTS are unnecessary.","Keep hub_plans static-only by default. Run the exact parent EventConflict phase byte-equivalently; only if it returns before deadline generate a bounded mobile-only hub list and evaluate it as a second EventConflict phase starting from the protected parent incumbent. Backward/MCTS/parent portfolio remain byte-equivalent.","Parent static EventConflict actions evaluations and incumbent occur first and unchanged; no mobile generation before parent phase; MCTS/backward static-only and byte-equivalent; second phase can only replace incumbent by existing lex comparator; official mobile refuel timing; no seed/map/fuel dispatch; no removal disablement or reduction; logical5000 ms; local elapsed no performance authority.","18 fresh fixtures in research/holdouts/SCORE-TANKER-POST-PARENT-142.csv; six families x low/default/high.","Fresh4/14/0; sealed holdout12/42/0; fixed-role protected1/5/0; exhaustive protected2/4/0; first deadline protected1/4/1.",6E2D858D719DAABF128357FF0EDCA03642AC26C43236F984489CB2F331F32DBB,"Opened once:12/42/0 invalid0.",not-run,rejected,"143 same-binary screen found two tier-2 losses in12, one under unchanged role mask. Reopen only terminal-day or with exact suffix protection; do not tune hub ordering."
SCORE-TANKER-PARENT-FIRST-141,2026-08-13,5dccb0f2000f78385d924b3e1f51d234d824bfa1,reverted-working-tree,"140 proved mobile hubs can improve fresh and sealed tanker fixtures but regressed protected fixed-role seed300005 because all static hubs and mobile hubs were jointly resorted and the global refuel timing change altered parent static routes. The candidate was not a parent-prefix extension.","Restore the exact parent top-limit static hub list and its route semantics as the first search prefix. Append a separately ranked at-most-limit mobile list; mark only mobile windows as requiring the official extra co-location step before patrol fuel is treated as replenished.","Byte-equivalent static hub list/order/actions; all parent independent search operations occur first; mobile work only after parent prefix; at most limit additive mobile hubs; unchanged main incumbent/comparator; no seed/map/fuel dispatch; no removal disablement or reduction; logical5000 ms; local elapsed no performance authority.","18 fresh fixtures in research/holdouts/SCORE-TANKER-PARENT-FIRST-141.csv; six families x low/default/high.","Candidate-vs-parent4/14/0; protected seed300005 improved from7/35/51 to7/35/52.",EF5CC5F838CAB3215DF81B07094D2DFFF17D3601913330258B86437B5B95BCD5,"Opened once: candidate-vs-parent12/42/0.",not-run,rejected-proof-insufficient,"Attribution showed EventConflict alone reaches exact but mobile hubs also change MCTS root cardinality/RNG. Reopen only as post-parent EventConflict second phase; do not expose mobile hubs to MCTS/backward."
SCORE-TANKER-MOBILE-WINDOWS-140,2026-08-13,5dccb0f2000f78385d924b3e1f51d234d824bfa1,reverted-working-tree,"139 proves the structured low-fuel loss occurs before the complete master: all three exact routes are absent; injecting the exact atomic bundle makes unchanged master retain +2. The existing independent planner completes1600 rollouts without deadline but has only one HubPlan window despite multi-window data structures, so mobile repeated refuel is designed but incompletely wired.","Add bounded two-window mobile-tanker hub plans to the existing independent portfolio while retaining every static one-window hub. Build the tanker path and non-overlapping windows from public spot/start cells; make patrol rendezvous honor official consecutive co-location by waiting through the refuel completion step. No terminal-only solver or seed/map condition.","All parent static hubs retained; at most a public-size bounded additive mobile set; official move-source costs; refuel only after two consecutive co-located steps; same simulator validator and lex comparator; no removal disablement or reduction; logical5000 ms; local elapsed no performance authority; candidate must beat parent on fresh frozen development before holdout.","18 fresh fixtures: six families x low/default/high.","Candidate-vs-parent4/14/0 invalid0; four low-fuel family gains tier3 +1/+1/+2/+1; all other cases tie.",859D233298AFAB22A7AD58BB3FA9E4F69C921F72E258054730A5AFE0EDDE53B3,"Opened once: candidate-vs-parent12/42/0 invalid0; all three seeds in the same four low-fuel families gain tier3 +2 or +3; zero loss.","Protected fixed-role screen3/2/1: gains on seeds300002/3/4 but seed300005 regressed tier2 from7/35/51 to7/33/54.",rejected,"Reopened only as141 with exact parent static prefix and mobile-only timing semantics; do not jointly resort or globally alter static hub routes."
ATTR-TANKER-TERMINAL-LOSS-139,2026-08-13,5dccb0f2000f78385d924b3e1f51d234d824bfa1,research-probe-only,"138 proves a structured low-fuel terminal gap across four of six families, but does not identify whether the earliest loss is action/route generation, patrol-tanker synchronization, pruning or master selection.","On consumed138 development seed2800000 only, expose exact and HEAD action plans claims and traces; generate the ordinary production-width terminal portfolio without a wall-clock cutoff and test exact per-agent route presence plus unchanged-master reachability. Stop at the earliest missing stage before proposing any mechanism.","Consumed development witness only; official actions and full simulator/validator agreement; unchanged generator/master semantics and operation caps; no seed/map routing or parameter tuning; holdout sealed; no production source change; no functionality removal disablement or reduction.","Consumed rendezvous/low seed2800000 only.","Exact witness uses repeated rendezvous/refuels and scores4/14/37 vs HEAD4/14/35. Production-width route mask000; injecting the exact atomic bundle lets unchanged master retain4/14/37. Independent EventConflict reached only4/14/36 because generated hubs had one static window.",consumed-138-development,sealed,not-run,accepted-attribution,"Closed into140. Reopen only if another exact witness requires a different missing rendezvous capability."
CEILING-TANKER-TERMINAL-138,2026-08-13,5dccb0f2000f78385d924b3e1f51d234d824bfa1,research-oracle-only,"CEILING-ORACLE-070 tied complete exact terminal-day optimization on144 all-patrol fixtures, but its explicit reopen condition leaves tanker/refuel coupling uncovered. Current production uses separate patrol/tanker route and rendezvous logic; an exact terminal-day gap here would be independent from the closed multi-day terminal/master frontier axes.","Freeze a new small terminal-day domain with two patrols and one tanker on a connected3x3 active component four spots six rendezvous/stock/brand/terrain families and low/default/high fuel. Implement a complete joint step DP over official timing fuel stock visited and refuel state; reconstruct and independently validate one optimum witness.","No production source change; official action semantics; claims before refuel; consecutive and terminal co-location refuel; official lex score; exact simulator/validator agreement including trace/final/claims; exact score dominance only; local elapsed no performance authority; holdout sealed; no functionality removal disablement or reduction.","18 frozen fixtures across six families and low/default/high. An initial corridor adapter diagnostic was discarded before attribution because it violated preregistered3x3 geometry.","Exact-vs-HEAD4/14/0 invalid0 incomplete0. Low4/2/0 with four tier3 +2 wins in rendezvous stock-contention rare-brand delayed-claim; default0/6/0; high0/6/0. Exact witnesses fully validated.",7D966C853B0B13B0E2E9223310E540B9BC6E869251711ABEA1EB6ECC519FD2A1,sealed,not-run,accepted-gap-no-candidate,"Holdout remains sealed. Attribute earliest missing production stage on a consumed development witness before any candidate; open holdout only after a fixture-independent candidate passes fresh development."
ATTR-BOTTLENECK-ADDITIVE-ENDPOINTS-137,2026-08-13,5dccb0f2000f78385d924b3e1f51d234d824bfa1,research-probe-only,"136's endpoint-only projection retained the exact state class for agent1 but omitted agent0, whose exact route is already retained by the ordinary width16 portfolio. The unresolved question is whether preserving the full parent route set and adding bounded endpoints is sufficient for the unchanged master.","On consumed2700400 day1, generate the ordinary non-exact width16 parent portfolio and the frozen136 at-most-two-per-terminal endpoint set from the research-wide construction. Form their deduplicated union without evicting any parent route, then run the unchanged master options once and report widths, route mask and exact/equivalent outcome.","Every parent route and atomic bundle retained; endpoint lane additive and bounded by two times public spot count; no rank/cap tuning after136; no oracle identity/future information; unchanged master/comparator/simulator/validator; no production source behavior; no functionality removal disablement or reduction.","Consumed135 seed2700400 day1 only.","Additive widths25|24|2 reached exact route mask111, but unchanged master retained neither exact nor equivalent outcome among32 candidates after498 nodes.",not-opened,not-opened,not-run,rejected,"Closed. Do not add endpoint ranks, widen master, or compose another supplemental solver. Reopen only from an independent mechanism that changes the earliest cause without terminal projection."
ATTR-BOTTLENECK-TERMINAL-ENDPOINTS-136,2026-08-13,5dccb0f2000f78385d924b3e1f51d234d824bfa1,research-probe-only,"On fresh135 seed2700400 the exact day1 plan is absent from width16 (route mask101), present at width32/64, and becomes retainable by the unchanged master after adding exactly its two missing routes. Both are independent direct three-serving resource-undominated routes; one is current endpoint-like and the other fuel endpoint-like within its terminal class.","On the consumed2700400 witness only, project from the already-generated research-wide route set the union of at most two deterministic public endpoints per served terminal: official current contribution then fuel, and fuel then official current contribution. Preserve safe wait and all atomic bundle semantics. Report route mask, bounded width, unchanged-master exact/outcome and candidate count. This is capability attribution only; no production source behavior changes and no score/holdout opens.","Official score fields remain separate and lexicographic; no future opponent data or oracle identity in selector; terminal/fuel/brands/servings are public exact route state; at most two endpoints per public spot per agent; no cap tuning; unchanged master; exact simulator/validator; no production deletion disablement or reduction; consumed witness cannot promote a candidate.","Consumed CEILING-BOTTLENECK-PATROL-135 seed2700400 day1 only.","Endpoint union route mask011, widths14|13|1; exact state class absent for agent0 and present for agents1/2; unchanged master exact/outcome0/0.",not-opened,not-opened,not-run,rejected,"Closed. No third endpoint or rank tuning. One parent-preserving additive composition was allowed as137; its failure closes the terminal-endpoint axis."
CEILING-BOTTLENECK-PATROL-135,2026-08-13,5dccb0f2000f78385d924b3e1f51d234d824bfa1,research-adapter-only,"Traffic-oracle gaps are unobservable and the ladder exact gap needs a large cross-terminal frontier plus a second upper-aware solver. A second independent sweep is required to determine whether a new exact gap has a different earliest causal stage that admits a bounded general repair.","Add one research-only two-lobe topology joined by one public bottleneck cell. Freeze six brand/stock/fuel families over low/default/high fuel before execution; use the accepted exact resource-dominance quotient to compare complete two-active-patrol full-match DP with unchanged HEAD. Open development only. Attribute the first exact win before designing source logic; keep holdout sealed until a bounded candidate passes development.","No production source or runtime behavior change; official lexicographic score; exact simulator and independent validator; complete action/transition semantics; quotient proof from129 unchanged; 5000-ms logical HEAD budget; local elapsed has no performance authority; no seed/map/family production dispatcher; no source candidate until a different earliest cause and bounded mechanism are proved; no deletion disablement or reduction of designed functionality.","18 fresh fixtures: six bottleneck families x low/default/high; seeds2700000..2720500; frozen manifest research/holdouts/CEILING-BOTTLENECK-PATROL-135.csv before adapter change.","Exact-vs-HEAD 6/12/0, invalid0. Tier2 +1 on fuel-bottleneck/low2700400 and terminal-bottleneck/low2700500; tier3 +1 on bottleneck-duplicate/low2700100, rare-bottleneck/low2700200, fuel-bottleneck/default2710400 and terminal-bottleneck/default2710500. No development exact loss; result hash e84fb672427b32bd. 136 endpoint-only and137 parent-additive bounded projections both failed unchanged-master retention.",8C262075B9CFEDE8C4270F024C7D50EE93047393EE92C2CF668CC7DB810BFF31,sealed,not-run,accepted-gap-no-candidate,"Closed without holdout. The exact gap is real but its bounded endpoint representation still requires compound route plus joint-candidate retention; do not reopen terminal/master from these witnesses."
CUMULATIVE-LINEAGE-134,2026-08-13,7ef36949e1b166c862a30f52ecb3bd9c9fb210ea,5dccb0f2000f78385d924b3e1f51d234d824bfa1,"Four accepted commits form a linear parent-by-parent chain after 7ef3694, but bounded trade-off promotion is not mathematically transitive. There is no direct unified evidence that current HEAD preserves the net global advantage over the earlier lineage champion; a B>A and C>B chain alone cannot exclude C<A.","Freeze one fresh direct A/C manifest before execution. Compare source-clean 7ef3694 and 5dccb0f with the same historical harness source across balanced six-family 8x8 road/roadless and 32x32 low/default/high fuel, fixed all-patrol and structural exhaustive roles, all at the 5000-ms solver cap. Run A then C; rerun only differing fixtures in C then A order to attribute compile-layout cutoff noise. Report official lex W/T/L, first-tier gain/loss magnitude, tails and strata; never sum tiers or use local elapsed.","No source logic change; exact simulator and independent validator; zero invalid/emergency; fresh seeds absent from research corpus before freeze; no seed/map/family dispatcher; no threshold or candidate tuning after holdout opens; score and validity only locally; local latency/throughput/combinations have no authority; fixed lane is primary causal logic gate; exhaustive lane protects role semantics but any same-role order-sensitive difference is performance-inconclusive; 5000 ms internal cap; BTC performance remains unchanged prior evidence and fresh human testing remains deferred by user.","No development tuning split. The experiment is a direct frozen lineage audit only; manifest research/holdouts/CUMULATIVE-LINEAGE-134.csv was created before either binary ran.","Completed 24 fresh 8x8 fixtures and six 32x32 low-fuel fixed fixtures. HEAD-vs-7ef aggregate 6/19/5, zero invalid/emergency. On 8x8 fixed plus native:5/14/5; tier2 gain/loss2/4 and tier3 gain/loss10/2. Low-fuel fixed:1/5/0, one tier3 +2 gain. Every reported difference was reverse-order checked except same-score ties; two tier2 tails localized to 00711ba (-1 threshold-corridor) and 5dccb0f (-2 high-stock).",3AD728B698D9A207DC30D7C3649700854D24FB7F75C54E2138A3D36579FB6664,"Partial manifest only: low-fuel native was interrupted and discarded; default/high lanes were not opened. The observed result is a mixed bounded trade-off, not proof that HEAD globally loses or dominates 7ef.","Not required for logic comparison; existing accepted target-host gates remain authoritative and no new performance claim is allowed.",inconclusive-partial-closed,"Closed without source candidate or promotion claim because no actionable bounded mechanism remained and remaining local lanes had poor information value. Reopen only for a genuinely new candidate or user-timed real-opponent evidence; do not tune on consumed rows."
OPPONENT-BTC-REAL-133,2026-08-13,5dccb0f,no-production-source-change,"Fresh diverse human-opponent evidence remains unavailable after the prior canonical queue entry expired without a team; local oracle axes 128 and 132 are closed without an admissible production candidate.","Use the authenticated official BTC team-vs-team queue exactly once with a source-clean canonical 5dccb0f executable. If matched, connect immediately with the authorized team token, response-ms 5000 and a dedicated replay; record public configuration, accepted actions, exact validator/reconciliation, official lex score and opponent identity only as a new falsification/counterexample sample. If the queue expires, close inconclusive without a strength claim.","No production/test/probe source change; no build/test loop as research; executable must be rebuilt from source-clean canonical HEAD because the existing artifact provenance is stale; internal hard cap 5000 ms even if outer window is 60000 ms; zero invalid/emergency; official lexicographic score; rank is not promotion evidence; no opponent/map/match tuning; BTC target host is sole performance authority; no second entry in this experiment.","One fresh official BTC real-opponent queue entry; opponent and match are uncontrolled and preregistered by queue assignment","Queue entered from authenticated UI; no match appeared while monitored and the UI returned to the idle Find opponent state before any match id existed.",not-applicable,not-applicable,"No match created; no solver connection or BTC score/performance sample.",inconclusive-user-timed,"Closed on user instruction: human-opponent testing is deferred until the user announces the appropriate time. Do not reopen or enter another queue before that instruction."
ATTR-LADDER-CURRENT-EXACT-132,2026-08-13,5dccb0f,no-production-source-change,"130 localizes the earliest loss to missing day1 routes;131 proves full day2 frontier plus current master is not a bounded candidate. Current production day1 disables complete fuel-exact enumeration until terminal day, so it is unknown whether existing114 servedSpotFuelRoutes already contains the day1 cross-terminal class when explicitly exercised.","On consumed seed1800000 day1 only, clone unchanged current generation options in the research probe, enable the existing complete fuel-constrained exact enumerator and leave anytime off. Report completion, oracle route mask, portfolio widths, exact/equivalent outcome under unchanged normal master and profile lower/upper if retained. No production source candidate.","Read-only existing-capability probe; production unchanged; same current state/ledger/generator/servedSpotFuelRoutes/aligned bundles/master32/8/FastViability/comparator; no new route/rank/K/cap/threshold/dispatcher, no new seed/holdout/BTC/local performance claim; exact simulator/validator.","Consumed ladder-balanced/low seed1800000 day1 only","Complete3/3, states393, variants10, bundles8, widths24|24|10. Oracle route mask only011; unchanged normal master nodes468 exact0/outcome0. Evidence ATTR-LADDER-CURRENT-EXACT-132.md.",not-applicable,not-applicable,not-run,accepted-negative-attribution,"Closed. Do not enable flags alone or add full frontier/second solver. Reopen only from an independent bounded representation that naturally emits the missing class, or a fresh counterexample with a different earliest cause."
ATTR-LADDER-RESOURCE-FRONTIER-131,2026-08-13,5dccb0f,no-production-source-change,"130 proves current 114 minimum-fuel same-terminal bundles cannot represent the cross-terminal exact day2 class. Blind all-route retention is exponential; the bounded exact resource Pareto size and whether the unchanged master can combine it are unknown.","On consumed seed1800000 exact day2 state only, group complete dual-valid per-agent DayOutcome frontiers by terminal served spot. Report per-terminal counts and maxima, oracle membership and nondominance under fuel plus official individual contribution. Convert only this already-complete frontier to research RouteColumns without oracle identity, solve with unchanged master caps and report first cap retaining the exact outcome and valid-upper rank.","Read-only research adapter; production source/behavior unchanged; consumed fixture only; complete exact outcomes already authorized; no route rank/K/cap tuning, oracle injection, score threshold, comparator or risk change; exact simulator/validator; no new seed/holdout/BTC/local performance claim.","Consumed ladder-balanced/low seed1800000 day2 only","Complete frontiers55/44; served-terminal max11/7;2420 dual-valid joint candidates; full unpruned widths56|45|1 with95 novel routes. W1 nodes64 exact/outcome0; normal40000/32/8 nodes532 exact/outcome0; no cap48..256 retained outcome(first_cap=-1). Evidence ATTR-LADDER-RESOURCE-FRONTIER-131.md.",not-applicable,not-applicable,not-run,accepted-negative-attribution,"Closed. Do not add full route frontier or second upper-aware solver. Reopen only if an existing bounded production representation emits the cross-terminal class or an upper reservoir can observe it without duplicate route search."
ATTR-LADDER-EARLIEST-LOSS-130,2026-08-13,5dccb0f,no-production-source-change,"129 resolves the exact-proof blocker and finds a dual-valid tier2 +1 ladder counterexample on seed1800000. The earliest production stage losing the exact continuation is unknown, so no score mechanism is authorized.","On consumed CEILING-LADDER-PATROL-101 seed1800000 only, replay oracle and HEAD with existing detailed audit. Identify first plan divergence and report exact route membership in canonical/expanded/merged portfolios, master retention, F0/audit membership, candidate upper/profile support and selected reason as available. Stop at the first proven absent/misvalued stage.","Read-only attribution; consumed fixture only; production source/logic unchanged; exact resource-dominance oracle already validated; no cap/order/threshold/route/profile/risk change, no new seed/holdout/BTC or local performance claim; exact simulator and independent validator.","Consumed ladder-balanced/low seed1800000 only","First divergence day1. Exact route mask001 in legacy12/expanded16/merged/wide32/wide64; master/F0 cannot recover absent routes. Oracle-seeded augmentation gives mask111 and wide master exact1 only as attribution. Day2 exact terminals26/19 are cross-terminal; agent0 rank2 fuel/rank2 current/rank1 upper; complete fuel-exact W1 mask011. Full frontiers55x44,1820 joint states, oracle upper rank1 tie30. Evidence ATTR-LADDER-EARLIEST-LOSS-130.md.",not-applicable,not-applicable,not-run,accepted-attribution,"Closed into ATTR-LADDER-RESOURCE-FRONTIER-131. Do not tune single terminal rank, enable flags alone, global caps, F0 or comparator. Reopen only from an independently different earliest stage."
PERF-ORACLE-RESOURCE-DOMINANCE-129,2026-08-13,5dccb0f,research-probe-only,"CEILING-LADDER-PATROL-101 cannot resolve a current optimality gap because the exact two-patrol DP times out on its first frozen 2x4 ladder. Code trace shows prune_layer groups by positions and exact fuel, so it cannot remove a state with strictly less remaining fuel even when terminal positions, future traffic, lifetime coverage and accumulated official tiers are all no better.","For the research full-match oracle only, group terminal states by the unordered canonical patrol positions rather than exact fuel. Permit dominance only when the dominating state has componentwise no-less fuel under that canonical matching, lifetime-brand superset, no-worse accumulated daily/servings and no-worse retained traffic footprint/status; require one strict field. Preserve the dominating state's exact witness for reconstruction.","No production source or functionality change; exact same topology/horizon/fuel/action space/transitions/score; no approximate cap/timeout result/pruning by heuristic. Dominance proof is continuation simulation: from identical positions and no-worse traffic, every future plan feasible with lesser fuel is feasible with greater fuel and produces the same or better terminal resource. Exact simulator plus independent validator; local elapsed is not a production claim.","Equivalence on previously completed 085/089/095 development oracles; then only unopened-result CEILING-LADDER-PATROL-101 seed1800000","Exact-score equivalence passed54/54: 085/089/095 each18/18, all valid. Ladder seed1800000 then completed oracle6/24/26 vs HEAD6/23/25 tier2+1 invalid0 max_frontier3976 enumerations222 hash94088825f11f84c5. Evidence PERF-ORACLE-RESOURCE-DOMINANCE-129.md.",B9D1D990CDBE224AA848C92175B3ACDDA94E83D2B7F73F3EDA2EE1A3F72DD4A3,"sealed; only first development fixture consumed",not-applicable,accepted-research-infrastructure,"Closed. Reopen quotient proof only on an exact-score/validation mismatch or a new state variable invalidating continuation dominance. Ladder score gap continues only through registered attribution130."
ATTR-TRAFFIC-INFORMATION-128,2026-08-13,5dccb0f,no-production-source-change,"124 proves a repeatable exact Markov full-match tier2 gap, but that oracle conditions on the frozen future opponent footprint while production day1 has only the public current state and scenario manifest. Candidate126 changed F0 causally yet improved no score. It is unresolved whether the oracle action is robust under production information or wins only by clairvoyant opponent knowledge.","On consumed threshold-loop seed2300200 day1 only, compare the already-recorded exact-oracle and parent candidate profiles under the unchanged production scenario set. Report certified scenario scores/weights and dominance thresholds, then trace which future opponent information is unavailable at decision time. No source candidate, seed expansion or score rerun.","Read-only information-set attribution; consumed fixture and recorded exact plans only; unchanged production evaluator/scenarios/weights/comparator; no predictive model, risk relaxation, threshold/cap/order tuning, holdout/BTC or local performance claim; exact simulator/validator remain authoritative.","Consumed CEILING-TRAFFIC-INDEPENDENT-124 seed2300200 day1 only","Exact action support6/19/21@6/24/28 and6/6/6@6/24/28; parent6/16/21@6/17/22 and6/6/11@6/17/22, certified weights5000/5000. Exact fails dominance at6/17/22 with5000<10000; parent fails at6/16/21 identically. Source trace proves the DP reads frozen future opponent footprints generated from seed, while production uses only public state/history/belief. Evidence ATTR-TRAFFIC-INFORMATION-128.md.",not-applicable,not-applicable,not-run,accepted-negative-actionability,"Closed. Reopen only with an independent public opponent predictor/calibration signal on frozen opponent holdout, or a candidate that robustly improves the unchanged public scenario profile; never tune on future fixture footprints."
ATTR-TRAFFIC-F0-NO-GAIN-127,2026-08-13,5dccb0f,rejected-126-binary-only,"126 completed upper-aware F0 on all72 decision-days but tied every development score. Only high/traffic-stock seed2420400 changed its full plan hash reproducibly, proving a causal selection change with zero final score gain. The stage that neutralizes the signal is unknown.","On consumed 126 development seed2420400 only, use the already-built frozen candidate binary and source-frozen parent binary with head-only details. Compare per-day selected current/lower/upper, F0 candidate count, W1 roles/dispositions and candidate activation telemetry. Attribute the first changed day; no source change or score split rerun.","Read-only attribution; rejected candidate binary and exact parent binary only; consumed fixture; no rebuild/reapply/tuning, no additional seed/holdout/BTC, no latency claim; exact simulator/validator and unchanged audit semantics.","Consumed SCORE-TRAFFIC-F0-UPPER-126 seed2420400 only","Candidate and parent had identical day1..4 selected/current/lower envelopes 6/6/6,6/12/12,6/18/18,6/24/24 and identical upper 6/24/24. Only day2 identity/disposition changed: candidate W1 incumbent versus parent equivalent upside challenger. Both exact final6/24/24 invalid0. Evidence ATTR-TRAFFIC-F0-NO-GAIN-127.md.",not-applicable,not-applicable,not-run,accepted-negative-attribution,"Closed. Do not alter126 F0 order/subwindow. Reopen only from independent evidence that a retained upper challenger has different certified value or exact final score."
SCORE-TRAFFIC-F0-UPPER-126,2026-08-13,5dccb0f,reverted-source-candidate,"124 independently repeats a large exact tier-2 gap and localizes seed2300200 day1 after master; 125 proves current road-map F0 drops the upper-rank1 oracle while upper-aware use of the same four diversity slots retains it with zero quality eviction.","Freeze incumbent/last-sent plus the existing current-score quality intake exactly. On road maps only, attempt unchanged FastViability valid-upper analysis for every non-quality candidate within an all-or-nothing subwindow ending no later than halfway from sweep start to the existing F0 deadline. Use upper only for the same diversity slots if all analyses complete; otherwise use exact parent distance-only selection.","No functionality removed, disabled or reduced; same candidate union, quality/protected ids, F0 limit and diversity slot count; no quality eviction or extra slot; same upper/score/distance/comparator/W1; all-or-nothing fallback; no route/master/ALNS/recombination/cap/role/traffic/threshold change; exact validation; hard cap5000 ms; local elapsed ignored.","Fresh research/holdouts/SCORE-TRAFFIC-F0-UPPER-126.csv; source-frozen candidate-vs-5dccb0f A/B/B/A at5000 ms","Candidate-vs-parent0/18/0 invalid0 in both execution orders. Candidate upper sweep attempted and completed on all72 decision-days with fallback0, so the mechanism was active. Seventeen plan hashes were identical; high/traffic-stock seed2420400 changed reproducibly but final score tied6/24/24. Unit suite passed. Evidence SCORE-TRAFFIC-F0-UPPER-126.md.",6BE6AA5E3B3A5A63B98A325562BA368E1479900D41BBFD0023460077918084FA,sealed-not-opened,not-run,rejected,"Closed. Do not tune road F0 upper ordering or subwindow on126. Reopen only if an independent case proves a retained upper challenger reaches profile but is systematically denied W1 repair/selection; F0 membership alone is insufficient."
ATTR-TRAFFIC-F0-UPPER-125,2026-08-13,5dccb0f,no-production-source-change,"124 seed2300200 day1 proves the exact globally superior plan survives merged master cap32/diversity8 with valid upper rank1 but is absent from all16 final audited candidates. Static tracing shows road-map F0 selection does not compute upper until after intake: quality slots rank current score and diversity slots rank plan distance only; upper-aware F0 is restricted to roadless maps.","On consumed seed2300200 day1 only, reconstruct the same merged-master candidate set and frozen16-slot F0 intake. Report oracle membership under current selector. Then keep all current quality/incumbent selections fixed and use only the existing diversity slots to rank remaining candidates by unchanged candidate_valid_upper_bound before the same distance/tie rules.","Research probe only; production unchanged; consumed witness and exact same candidates; no candidate injection, cap/quality-target/upper/score/traffic change; all quality/incumbent ids fixed; exact FastViability upper; no holdout/BTC or local performance claim.","Consumed CEILING-TRAFFIC-INDEPENDENT-124 seed2300200 day1 only","Among33 source candidates, quality12 excluded the oracle. Current distance-only F0 size16 still excluded it. Upper-aware selection of the same four diversity slots retained it, kept size16, and evicted zero quality ids; two diversity ids changed. Oracle upper was6/24/28. Evidence ATTR-TRAFFIC-F0-UPPER-125.md.",not-applicable,not-applicable,not-run,accepted-attribution,"Closed into fresh SCORE-TRAFFIC-F0-UPPER-126. Do not tune on consumed seed2300200. Candidate must fall back to exact parent selection if all road-map uppers do not complete before the existing F0 deadline."
CEILING-TRAFFIC-INDEPENDENT-124,2026-08-13,5dccb0f,no-production-source-change,"115 proves one exact traffic-aware tier-2 counterfactual but terminal-sidecar attempts119-123 fail structurally. Before redesigning master retention/pricing, the gap must reproduce on independent fixtures rather than one consumed witness.","Reuse the mathematically exact Markov quotient from115 without changing dominance or state. On a fresh frozen traffic split compare full-match oracle directly with HEAD at internal5000 ms. Stop the low-fuel screen as soon as an independent repeated tier1/tier2 gap plus causal candidate absence resolves the preregistered question; holdout remains sealed.","Research adapter only; no production source; exact simulator plus independent validator; state keeps physical/lifetime/accumulated score/F[d-1]/R[d] and exactly derives R[d+1]; no score weighting, pruning change, route injection, rank/cap change or local performance claim; fresh seeds/families; 5000-ms HEAD comparison; holdout sealed.","Fresh research/holdouts/CEILING-TRAFFIC-INDEPENDENT-124.csv; completed two distinct low-fuel development families before the causal question resolved","Two independent cases both won at tier2 by7 with dual validity: traffic-duplicate seed2300100 oracle5/20/22 vs HEAD5/13/21; threshold-loop seed2300200 oracle6/22/22 vs HEAD6/15/20. On threshold-loop day1 the exact plan had merged route mask111, merged master exact/outcome1, valid upper6/24/28 rank1 and retention at cap32/diversity8, yet matched0/16 final audited candidates. Details and evidence CEILING-TRAFFIC-INDEPENDENT-124.md.",B8E5EBA30D76198628CE6DBCB09504027C56E24D15250E4994D0C7D2EA90B401,sealed-not-opened,not-run,accepted-attribution,"Closed after the preregistered causal question resolved; do not open remaining development or holdout for the same question. Reopen the exact oracle only for a new independent mechanism, never to tune on 124."
ATTR-TRAFFIC-PARETO-ENDPOINTS-123,2026-08-13,5dccb0f,reverted-capability-probe,"121 fuel-first preserves patrol0 but loses patrol1; 122 official-contribution-first preserves patrol1 but loses patrol0. Both failures occur among equal minimum-traffic routes and prove a real contribution-versus-fuel Pareto tradeoff that no single total rank can preserve.","Keep the bounded finite direct-triple construction unchanged. For each public terminal append the union of exactly two public endpoints after minimizing total/max exact own-road stays: remaining-fuel-first then official individual contribution, and official-contribution-first then remaining fuel. Deduplicate identical plans. Keep exact safe wait. Run consumed witness under unchanged cap32/diversity8 and require mask111 plus exact/equivalent outcome.","Final capability probe for this axis; no decision/F0 wiring or score split; canonical columns/order/ids/pruning unchanged; at most two routes per public terminal, derived from two proven Pareto objectives; no scalar weights, arbitrary K, route injection, global width/cap/threshold or performance claim; existing deadline and exact simulator/validator; local elapsed ignored.","Consumed ATTR-TRAFFIC-MARKOV-115 seed1700000 day1 witness only","Two-endpoint sidecar naturally reached mask111 with widths10|12|1, but unchanged master cap32/diversity8 retained neither exact nor equivalent joint outcome among32 candidates after240 nodes. Evidence ATTR-TRAFFIC-PARETO-ENDPOINTS-123.md. All capability source restored to5dccb0f.",not-applicable,not-applicable,not-run,rejected,"Closed terminal-sidecar axis. Do not tune endpoint ranks or raise lane cap/diversity on the consumed witness. Reopen only from an independent master-aware pricing/value mechanism that does not rely on post-hoc terminal projection."
ATTR-TRAFFIC-TERMINAL-VALUE-122,2026-08-13,5dccb0f,rejected-working-tree-probe,"121 completes the finite direct-triple loop but its one-route terminal rank still yields mask101. At patrol1 terminal19 it selects a zero-traffic one-serving route with fuel11 over the zero-traffic oracle three-serving route with fuel8 because remaining fuel is ranked before official current contribution.","Keep 121 construction and one-route-per-terminal bound unchanged. Rank first by minimum total/max exact own-road stays; among equal traffic rank by exact individual current contribution in official lexicographic order (new lifetime distinct relative to ledger, daily distinct, servings), then remaining fuel and deterministic source order. Run only the consumed witness under unchanged cap32/diversity8.","Capability probe only; no decision/F0 wiring or score split; canonical columns/order/ids/pruning unchanged; same bounded finite triple loop and route count; official lexicographic contribution replaces the semantically wrong fuel-before-score tie only; no cap, threshold, route injection, global width, weighted sum or performance claim; local elapsed ignored.","Consumed ATTR-TRAFFIC-MARKOV-115 seed1700000 day1 witness only","Score-first terminal rank selected patrol1 oracle route at terminal19 but sidecar became mask011: patrol0 terminal34 selected a zero-traffic three-serving route at fuel8 instead of the zero-traffic oracle two-serving route at fuel10. Exact0/outcome0 among32 candidates. This is the opposite endpoint of the same contribution/fuel tradeoff. Evidence ATTR-TRAFFIC-TERMINAL-VALUE-122.md.",not-applicable,not-applicable,not-run,rejected,"Closed. No further single total rank may be tuned. One final capability probe may keep the union of the two independently exposed Pareto endpoints per terminal; failure closes the sidecar axis."
ATTR-TRAFFIC-STRATIFIED-CONSTRUCTION-121,2026-08-13,5dccb0f,rejected-working-tree-probe,"120 proves the missing patrol1 route is a direct three-serving route constructed after the canonical width16 triple budget, while patrol0's route is already constructed before width16 pruning. A bounded sidecar must complete the existing finite triple loop without changing canonical retention.","On road maps only and under the existing generation deadline, preserve the first maximumColumnsPerAgent direct triples in the canonical vector exactly. Continue the already-existing public pairLimit<=6/tripleLimit<=5 loop only into a research sidecar, enrich those exact timelines, and project safe wait plus one independent served route per public terminal by the frozen minimum-own-traffic rank. On the consumed witness run the unchanged cap32/diversity8 master and require route mask111 plus exact/equivalent outcome retention.","Capability probe only; no decision/F0 wiring or score split; canonical columns, order, ids, pruning, master and all existing work unchanged; extra triples never enter canonical extensions/pruning; bounded by the existing finite public loops and deadline; exact simulator/validator; no route injection, threshold tuned to witness, global width/cap/rank/score change or performance claim; local elapsed ignored.","Consumed ATTR-TRAFFIC-MARKOV-115 seed1700000 day1 witness only","Finite construction completed but sidecar remained7|7|1 mask101; exact0/outcome0 among32 candidates. At patrol1 terminal19 the selector chose actions0.-14 with fuel11 and one serving over oracle actions3.0.1.5.-8 with fuel8 and three servings although both have total/max road stays0. Fuel-before-official-contribution is the remaining collapse. Evidence ATTR-TRAFFIC-STRATIFIED-CONSTRUCTION-121.md.",not-applicable,not-applicable,not-run,rejected,"Closed. Do not reuse the fuel-before-score terminal rank. The same bounded construction may be evaluated once with official lexicographic current contribution before fuel in 122; any further rank tuning is forbidden without a new independent gap."
ATTR-TRAFFIC-TRIPLE-STRATA-120,2026-08-13,5dccb0f,no-production-source-change,"119 fails before score because the width16 terminal projection has route mask101 while the consumed width64 attribution pool has111. It is not yet known whether patrol1's route is lost only in final pruning or is never constructed under the width16 bounded triple budget.","On consumed seed1700000 day1 only, run the unchanged generic generator at structural widths16/24/32/48/64, apply the frozen public one-route-per-terminal selector, and report oracle route mask plus selected widths. For each missing oracle route report its wide-pool column id and generation provenance. This locates the first construction threshold; no plan or route is injected.","Research probe only; production remains exact 5dccb0f; consumed witness and authoritative state; same route constructor, simulator and validator; no score seed, holdout, BTC, threshold change, route injection or performance claim; local elapsed ignored.","Consumed ATTR-TRAFFIC-MARKOV-115 seed1700000 day1 witness only","Post-prune route masks by structural width were16:001,24:011,32:011,48:111,64:111. The prior 119 pre-prune width16 sidecar was101, proving patrol0 was constructed then pruned. Patrol1 appears by width24 and its wide route is a direct triple: servings3, harvest0, exact-orienteering0, column153. Agent0 is likewise a direct route. Evidence ATTR-TRAFFIC-TRIPLE-STRATA-120.md.",not-applicable,not-applicable,not-run,accepted-attribution,"Closed into bounded same-loop sidecar capability 121. Do not raise canonical width; the principled mechanism is terminal-stratified retention from the existing finite triple construction."
SCORE-TRAFFIC-UPPER-LANE-119,2026-08-13,5dccb0f,reverted-before-score,"115-118 prove an exact traffic-aware tier-2 gap and a complete causal path only when the terminal selector consumes the width64 attribution pool. The preregistered candidate additionally required the unchanged production-width generator itself to contain those routes.","Before opening any score seed, run the consumed seed1700000 day-1 witness through the exact proposed width16 production sidecar and unchanged cap32/diversity8 master. Reject immediately if all oracle routes and the equivalent joint outcome are not naturally present.","No score split opened; production source restored; canonical 5dccb0f behavior preserved; exact simulator/validator and unchanged master; no route injection, width/cap/rank/threshold/score change; local elapsed ignored.","Frozen research/holdouts/SCORE-TRAFFIC-UPPER-LANE-119.csv remained unopened; consumed 115 witness used only as preregistered capability gate","Production-width sidecar was 7|7|1 but route mask101; patrol1 route absent, exact plan0 and equivalent outcome0 among32 candidates in98 nodes. The width64 attribution lane remained mask111/exact1/outcome1. Evidence SCORE-TRAFFIC-UPPER-LANE-119.md.",E5E2E7ABB40F7584A016837EEF1AAD6DE5D80832E367F86EE6E6C9085ED99F76,sealed-not-opened,not-run,rejected,"Closed. Do not reuse the 119 split or add projection after width16 generation. Reopen only from a fresh experiment after bounded terminal-stratified enumeration proves route generation without globally widening canonical columns or reducing existing deadline work."
ATTR-TRAFFIC-UPPER-LANE-118,2026-08-13,5dccb0f,no-production-source-change,"117 identifies a bounded one-route-per-terminal minimum-own-traffic projection that selects both missing patrol routes, but route presence alone does not prove the joint plan survives master retention or reaches W0/W1 evaluation.","On consumed seed1700000 day1 only, construct a sub-portfolio from the public selector: exact safe wait plus one independent served route per terminal spot ranked by total/max own road stays, remaining fuel, current distinct contribution, servings and deterministic order. Run the unchanged master cap32/diversity8. Without injecting the known plan, report oracle route mask, exact/equivalent joint outcome retention, projected widths, and rank under the unchanged candidate-specific FastViability upper.","Research probe only; production unchanged; consumed witness and authoritative state; existing generated columns only; all old columns irrelevant because this is attribution sub-portfolio, not replacement; exact simulator/validator and unchanged master/upper; no cap/rank/threshold/score/traffic/fuel/map change; no holdout/BTC; local elapsed ignored.","Consumed ATTR-TRAFFIC-MARKOV-115 seed1700000 day1 witness only","Public projected sub-portfolio widths7|7|1, oracle route mask111. Unchanged master cap32/diversity8 retained exact plan1/outcome1 in98 nodes. Oracle upper6/23/29 rank5; lane best upper6/24/26 at current6/6/8, terminals20@4|36@8|0@12. Evidence ATTR-TRAFFIC-UPPER-LANE-118.md.",not-applicable,not-applicable,not-run,accepted-attribution,"Closed into fresh SCORE-TRAFFIC-UPPER-LANE-119. Do not reuse consumed 115 witness for score tuning."
ATTR-TRAFFIC-TERMINAL-PROJECTION-117,2026-08-13,5dccb0f,no-production-source-change,"116 proves the complete exact-resource bundle path still omits one required patrol route. 115 already proves both patrol routes exist in the generic width64 pool but not width16. A production candidate needs a bounded public projection rather than a global width increase.","On the consumed seed1700000 day1 plan only, inspect the unchanged generic width64 route pool. For each oracle agent route report its exact terminal, fuel, claimed spot mask, current contribution, exact road footprint, global rank, same-terminal rank, and whether another same-terminal route dominates it by spot superset, remaining fuel and componentwise road footprint. Also report the size of a public per-terminal nondominated frontier. No route is injected and no score is rerun.","Research probe only; production unchanged; consumed witness and authoritative day1 state; exact timeline metadata; dominance requires same terminal, spot superset, fuel no worse and road footprint no larger; no cap/rank/threshold/traffic/fuel/map/score change; no holdout/BTC; local elapsed ignored.","Consumed ATTR-TRAFFIC-MARKOV-115 seed1700000 day1 witness only","Generic width64 contains both missing independent routes. Agent0 global rank54/same-terminal13of13, agent1 rank14/2of10; both exact footprint18:0|35:0, resource-undominated and minimum-traffic terminal selector rank1. Full per-terminal frontier is too large at51/46 routes, max11/12 per terminal. One-route-per-terminal selector is bounded by spot count. Evidence ATTR-TRAFFIC-TERMINAL-PROJECTION-117.md.",not-applicable,not-applicable,not-run,accepted-attribution,"Closed into joint-lane attribution 118. Do not add the full nondominated frontier or globally widen generation. A production candidate requires proof that the bounded selector naturally creates and retains a useful joint candidate."
ATTR-TRAFFIC-EXACT-BUNDLE-116,2026-08-13,5dccb0f,no-production-source-change,"115 proves a day-1 traffic-aware exact path with lower current score but tier-2 superior final score is absent from all runtime candidates. Width and diversity probes can recover it only after artificially injecting the known plan, which does not identify a production mechanism. The existing complete exact-resource enumerator and coordinated bundles are currently disabled on nonterminal low-fuel days.","On consumed 097 seed1700000 day1 only, evaluate the already-recorded oracle plan without rerunning the full-match DP. Enable the existing complete fuel-constrained exact-resource enumerator under no production deadline, preserve its current coordinated-bundle construction and unchanged master cap32/diversity8, then report route mask, bundle membership, exact joint outcome retention and diagnostics. This is a capability attribution, not a candidate.","Research probe only; production source unchanged; consumed witness plan and authoritative day1 state; exact simulator plus independent validator; no route/candidate injection; no cap, rank, threshold, score, traffic, fuel, map or dispatcher change; no holdout or BTC; local elapsed ignored.","Consumed ATTR-TRAFFIC-MARKOV-115 seed1700000 day1 witness only","Exact enumerator supported/completed3/3, settled578 states, terminal variants2, coordinated bundles7, deadline0; master evaluated7 exact bundles under cap32/diversity8. Oracle route mask101: agent0 and isolated wait present, agent1 absent. Exact joint plan0, equivalent outcome0 among32 candidates. Evidence ATTR-TRAFFIC-EXACT-BUNDLE-116.md.",not-applicable,not-applicable,not-run,accepted-negative-attribution,"Closed. Do not enable nonterminal low-fuel exact-resource work from this evidence. Reopen only if an independent case shows an existing natural exact bundle already contains a missing globally superior current-day outcome."
ATTR-TRAFFIC-MARKOV-115,2026-08-13,5dccb0f,no-production-source-change,"CEILING-TRAFFIC-PATROL-097 retained two full recent own-traffic count vectors in every match key and exhausted memory before one development fixture completed. At the start of day d, F[d-2] affects actions and all future states only through the already-derived current road-status vector R[d]; after the transition it drops from the two-day traffic window.","Use the exact Markov quotient (positions, fuels, lifetime brands, F[d-1], R[d], accumulated score). Enumerate day d under R[d], derive F[d] exactly from the validated plans, and derive R[d+1] exactly from F[d]+F[d-1]+the frozen opponent footprints. Never retain F[d-2] after R[d] is known. Pack the two-road R vector as three-valued status bytes; reconstruction recomputes every R[d+1] and requires exact equality.","Research adapter only; no production source or solver change; full horizon and opponent/own two-day traffic semantics unchanged; no threshold, saturation, dominance, score, map, fuel or validation reduction; exact simulator and independent validator remain authoritative; 5000-ms HEAD comparison only after oracle completes; local elapsed is not performance evidence.","First unopened-score development row of frozen research/holdouts/CEILING-TRAFFIC-PATROL-097.csv; seed1700000 traffic-balanced/low; manifest SHA256 6027B078DA6BB80D9B613FB57210C55B10DCB012B67185BDD9C5F62F044B1263","Exact quotient completed: oracle-vs-HEAD 1/0/0 invalid0; oracle 6/22/22 vs HEAD 6/14/19, tier2 gain8, max frontier36382, day enumerations1873, result hash5d2f3c73d5d99dbf. First divergence day1: oracle current5/5/5 vs HEAD6/6/11; oracle matches0/16 audited candidates. 64-column/augmented probes expose all oracle routes; joint exact outcome retained only with sufficient existing diversity; candidate upper6/23/29 vs selected upper6/16/21. Evidence ATTR-TRAFFIC-MARKOV-115.md.",6027B078DA6BB80D9B613FB57210C55B10DCB012B67185BDD9C5F62F044B1263,sealed-not-opened,not-run,accepted-attribution,"Closed. Do not tune on 097 seed1700000 or open its holdout for this mechanism. A production score candidate requires a fresh frozen split and a public bounded structural capability that exposes the missing route/joint-candidate class without globally raising caps; existing routes/candidates and 5000-ms hard cap must remain."
SCORE-W1-CLOSED-LOOP-114,2026-08-13,f77c101,working-tree-accepted,"109's bounded served-spot frontier produced broad development gains but systematic low-fuel holdout regressions because its stronger open-loop W1 trajectory was not preserved across replanning. 111/112 prove the full roadless certificate is systematically truncated yet remains exact at the authoritative transition. 113 preserved existing suffixes and changed plans but tied all scores because it created no stronger representation. The two independently proven capabilities are complementary.","Compose the frozen mechanisms without tuning: complete exact enumeration adds one minimum-fuel served-spot route per public spot and additive aligned bundles; optional W1 builds a whole-horizon exact-bundle witness guided by unchanged FastViability upper and accepts only strict final-score improvement over baseline. On acknowledgement, roadless cache stores that full certificate; each next authoritative day whole-suffix exact-revalidates with exact final-score equality before overlay into the unchanged profile. Legacy paths always run first/fallback and the comparator still selects; no plan is forced.","No functionality removed, disabled or reduced; exact 109 and 113 ranks/logic frozen; old maximal bundles and W1 baseline unchanged; at most 16 spot routes/bundles; public roadCells.empty suffix condition; full dual validation and official score equality at every transition; same simulator/validator/FastViability/comparator; no cap, beam, threshold, role, traffic model, seed/family dispatcher or stale execution; 5000-ms hard cap unchanged; local elapsed ignored; holdout sealed until broad development win with bounded downside.","Fresh research/holdouts/SCORE-W1-CLOSED-LOOP-114.csv: 18 development and 54 sealed holdout fixtures on six new diamond families under low/default/high fuel; source-frozen candidate-vs-f77c101 A/B/B/A","Candidate-vs-parent 10/8/0 invalid0 in both first and reverse order. Tier2 gain +2 across 2 cases; tier3 gain +13 across 8 cases; no losses. Gains span low/default/high and four diamond families. Seed2100000 days2-3 whole-suffix replay was dual-valid and exactly matched source final scores 6/17/25 and 6/19/22; no forced takeover. Evidence SCORE-W1-CLOSED-LOOP-114-development.md.",EF74321329127E4B34B45C74386B4EC6464EAFE3EF0EADDF8F454FEE19D46DCB,"Candidate-vs-parent 26/25/3 invalid0. Tier1 0/0; tier2 gain/loss 11/1 max loss1; tier3 42/2 max loss1. Wins span all fuel strata and five families; no systematic losing stratum. Three bounded losses reproduced candidate-first. Protected fixed/native/deadline matrices passed with zero tier1 and zero invalid/emergency; conservative fixed 31/77/12 tier2 14/1 tier3 43/24, native 13/38/9 tier2 4/1 tier3 15/14, deadline 16/37/7 before reverse attribution. Evidence SCORE-W1-CLOSED-LOOP-114-holdout.md and SCORE-W1-CLOSED-LOOP-114-protected.md.","Fresh BTC m-2120 explicit advanced high fuel 3x: hard/3 bots/10 days/32x32/100 steps/5000 ms/8 agents/12 spots/6 brands. 10/10 HTTP200 valid, replay-check 10/10 simulator-validator agree, 9/9 transitions reconcile, zero WAIT/skip/emergency/invalid/overrun/breach. Target decision p95/p99/max 2714 ms; action response 2771 ms. Replay SHA 40B85BD5D1C448A4444A1F7EAE507C718106A34583BB0F2DEB070639C67D6A12; binary SHA 4A285FF58BA845C699C03048CDDDAB1FA276DA8AE500FF99A12AC2DC96C33A98. Rank1 6/60/415 ignored as promotion evidence.",accepted,"Closed. Do not tune on consumed 114 fixtures or m-2120. Reopen this representation/persistence axis only with a new independent counterexample showing a still-missing exact route class or a dual-valid stronger certificate lost after authoritative transition."
SCORE-W0-SUFFIX-PRESERVE-113,2026-08-13,f77c101,uncommitted-source-candidate,"111/112 prove record_submitted systematically truncates exact roadless multi-day certificates, while every one of 36 consumed suffixes remains dual-valid and reproduces its final score from the authoritative next-day state. The next-day profile therefore throws away a proven lower bound and replans from a weaker current-only cache witness.","On roadless configs only, CachedContingency additionally stores the full certified FutureWitness. At the authoritative next day, exact-revalidate its first plan and every remaining plan, advancing agents and ledger; require exact equality with the stored final score. Associate a successful residual witness with that cached candidate and overlay it into the unchanged scenario profile only when it fits the existing valid upper. The existing comparator still selects; no plan is forced. Any incomplete/invalid/mismatch/road case uses the unchanged cache path.","No functionality removed, disabled or reduced; canonical one-plan cache remains active fallback; public roadCells.empty condition only; full suffix dual-validated from authoritative state and official score equality; same master simulator/validator and profile comparator; no cap, ordering, threshold, role, route, traffic model or dispatcher; no stale plan execution; 5000-ms hard cap unchanged; local elapsed ignored; holdout sealed until broad development gain with zero invalid.","Fresh research/holdouts/SCORE-W0-SUFFIX-PRESERVE-113.csv: 18 development and 54 sealed holdout cyclic fixtures across six families and low/default/high fuel; direct source-frozen candidate-vs-f77c101 A/B/B/A at 5000 ms","Candidate-vs-parent 0/18/0 invalid0; four plan hashes changed but all final official scores tied. Unit suite passed. Evidence SCORE-W0-SUFFIX-PRESERVE-113.md.",429C56F8A336B969AF27AF96DABA4EC2BDA4C055038CE37C01568D598B0484C1,sealed,not-run,rejected,"Closed. Do not tune suffix overlay, cache protection or profile ordering on 113. Reopen only with a new independent case where a dual-valid cached suffix is strictly stronger than every newly certified profile but is discarded."
ATTR-W0-SUFFIX-REVALIDATE-112,2026-08-13,f77c101,read-only-audit,"111 proves 36/54 next-day transitions truncate a two- or three-plan certified suffix whose final score is strictly above cache current score. A stored certificate can remain authoritative only if every remaining plan and final score reproduce from the actual next-day state; roadless structure removes opponent-traffic ambiguity but authoritative agents, fuel and ledger still require exact checking.","On the 36 consumed 110 development transitions only, carry the highest-score certified multi-day witness in the research runner. Starting from the actual next-day DayState and ledger, exact-simulate and independently validate its entire remaining plan sequence, advancing day number, agents and ledger. Report valid suffix count and exact equality with the source final score. No solver call, selection or source candidate.","No production behavior change; roadCells must be empty; authoritative actual next-day agents/fuel/ledger; exact simulator plus independent validator for every plan; official score equality; no traffic assumption generalized beyond roadless; consumed attribution only; no cap, rank, cache policy, holdout or BTC; local elapsed ignored.","The 36 multi-day source-witness transitions in consumed ATTR-W0-CACHE-RETENTION-110 development","36/36 suffixes dual-valid from authoritative state and reproduce source final official score exactly; mismatch0. Evidence ATTR-W0-SUFFIX-REVALIDATE-112.md.",not-applicable,not-applicable,not-run,accepted-attribution,"Closed. A fresh roadless-only suffix-preservation candidate may proceed with whole-suffix revalidation, exact final-score equality and legacy fallback."
ATTR-W0-CACHE-SUFFIX-111,2026-08-13,f77c101,read-only-audit,"110 exonerates F0 retention: every cache exact-revalidates, and the only three evictions are strictly dominated or current/upper-equivalent. Static tracing instead shows record_submitted stores only FutureWitness.futurePlans.front in CachedContingency; suffix plans and final certified score are absent, and repair_cached_contingencies rebuilds a certified witness at current-day score only.","On consumed 110 development only, snapshot for every acknowledged selected profile: number of certified outcome witnesses with more than one future plan, maximum suffix length, and their final certified score. On the next day compare the revalidated cached current score with that source final score and report how much certified horizon remains unrepresented. No source candidate or selection comparison.","No production behavior change; unchanged selected profiles, record_submitted and cache repair; exact authoritative transition; official lexicographic score; consumed development attribution only; no cap, order, cache policy, score threshold, holdout or BTC; local elapsed ignored.","Consumed ATTR-W0-CACHE-RETENTION-110 development, 18 matches/54 next-day transitions","36/54 next-day transitions truncate a certified multi-day witness: 18 length3 and 18 length2. In all 36, source final official score is strictly above revalidated cache current score. Evidence ATTR-W0-CACHE-SUFFIX-111.md.",not-applicable,not-applicable,not-run,accepted-attribution,"Closed into exact authoritative suffix replay 112. Do not implement cache preservation until every roadless suffix reproduces its certified final score."
ATTR-W0-CACHE-RETENTION-110,2026-08-13,f77c101,read-only-audit,"109 proves completed W1 trajectories can change day-1 selection yet closed-loop results can regress. record_submitted materializes each certified first future plan into cachedContingencies and repair_cached_contingencies revalidates it next day, but the subsequent F0 retention explicitly protects only incumbent/last-sent IDs, not revalidated cache IDs. It is unknown how often certified recourse is discarded before W1 or selected.","Extend only the research head runner to snapshot unique next-day cached plan IDs after acknowledgement. On the following day report eligible/reused/rejected cache counts; unique cached IDs; how many survive into the post-F0 DecisionAudit candidates; and whether the selected plan is cached. Run unchanged f77c101 on a fresh 18-fixture development split. No source candidate or score gate.","No production behavior change; record_submitted and repair_cached_contingencies unchanged; authoritative transition and exact revalidation; stable plan IDs only; 5000-ms solver cap; official score reported only for context; no cap, rank, threshold, route, cache policy or dispatcher change; local elapsed ignored; holdout sealed; no BTC.","Fresh research/holdouts/ATTR-W0-CACHE-RETENTION-110.csv: 18 development and 54 sealed holdout fixtures over six branched families and low/default/high fuel; seeds 1900000/1910000/1920000","54/54 cached/eligible/reused, rejected0; 51 retained, 14 selected. Three evictions: two strictly current+upper dominated by selected, one exactly current+upper tied. Evidence ATTR-W0-CACHE-RETENTION-110.md.",866DAC7112B8D634687269AE493B04189A019083D4F7B5A307AD60BC43487B01,sealed,not-applicable,accepted-negative-attribution,"Closed. Reopen only if a revalidated cache with strictly better valid upper is lost before W1. Next independent axis is suffix-certificate truncation, not F0 identity protection."
SCORE-W1-TERMINAL-FRONTIER-109,2026-08-13,f77c101,uncommitted-source-candidate,"095/103/106/107/108 establish a complete causal chain: a globally better day-1 candidate loses certification because W1 day2 projects exact routes to inclusion-maximal current-day masks; the missing route ends on a served spot, is unique fuel-first and unique conditional valid-upper rank1, but current-score rank6/6. Existing maximal bundles therefore cannot represent or select the future-preserving continuation.","Keep every existing exact route and bundle unchanged. Complete exact enumerators additionally expose at most one route per public spot cell, chosen by least used patrol fuel then exact current contribution and deterministic resource ties. Add at most one aligned complete contingency bundle per spot. After the unchanged certified W1 baseline completes, optionally roll a separate full witness using only dual-valid complete exact bundles, selecting each step by unchanged FastViability valid upper; replace the baseline scenario witness only on strictly better final official score.","No functionality removed, disabled or reduced; original W1 executes first and is the exact fallback; no cap, beam, threshold, score weight, role, traffic model or dispatcher; at most 16 served-spot routes and bundles by public problem bound; same complete enumerator, coordinator data, FastViability, simulator and independent validator; optional incomplete/invalid/tied/worse witness is discarded; 5000-ms deadline unchanged; local elapsed ignored; holdout sealed until development wins with zero invalid.","Fresh research/holdouts/SCORE-W1-TERMINAL-FRONTIER-109.csv: 18 development and 54 sealed holdout fixtures across six branched families and low/default/high fuel; compare candidate directly with source-frozen f77c101 at 5000 ms and report W/T/L, first tier and gain/loss","A/B/B/A candidate-vs-parent 3/15/0, invalid0. Gains: branched-duplicate/low tier2 +1; fuel-split/low tier2 +1 plus serving; terminal-fork/low tier3 +1. All exact-repeatable and W1-causal; evidence SCORE-W1-TERMINAL-FRONTIER-109-development.md.",2864E9070E03DC031469CEA1309D035ED9BAB38148EF19EAA6F18459C713CBFB,"Candidate-vs-parent 4/46/4 invalid0. Tier2 gain/loss 5/2, tier3 2/2; fuel-split/low 0/1/2 and low-fuel net-negative by case. Four losses reproduced exactly A/B/B/A. Evidence SCORE-W1-TERMINAL-FRONTIER-109-holdout.md.",not-run,rejected,"Closed. Do not tune terminal rank, fuel gate, exact-bundle selection or dispatcher on 109. Reopen only from a new independent representation/value gap with a proof that avoids selecting one complete upper-guided trajectory as the scenario lower witness."
ATTR-W1-TERMINAL-RANK-108,2026-08-13,f77c101,read-only-audit,"107 proves the exact joint day-2 class is upper-maximal, but does not prove that one route per terminal cell is sufficient or identify a fixture-independent resource rank that retains the missing agent-0 route. A premature one-per-cell candidate could replace one invalid projection with another.","On only consumed 095 seed1600000 day2, use the unchanged complete per-agent outcome frontier. For the missing agent-0 oracle terminal cell, report all nondominated served outcomes; oracle mask/fuel membership; fuel-first and current-score-first ranks; and the oracle route's candidate-specific upper rank when the other active patrol is fixed to its exact route. No production enumerator or planner change.","No production source or behavior change; complete exact day outcomes and existing dominance including terminal cell, remaining fuel and road footprint; official lexicographic score; unchanged FastViability upper; consumed fixture attribution only; no cap, beam, threshold, candidate, holdout or BTC; local elapsed ignored.","Consumed CEILING-CYCLE-PATROL-095 cycle-balanced/low seed1600000 exact day2 state","Six nondominated served outcomes end at terminal26. Oracle mask4/fuel6 occurs once; current-score rank6/6, unique fuel-first rank1 and unique conditional FastViability-upper rank1 at 6/24/30. Evidence ATTR-W1-TERMINAL-RANK-108.md.",not-applicable,not-applicable,not-run,accepted-attribution,"Closed. A fresh candidate may add at most one maximum-remaining-fuel route ending on each served spot, through additive exact bundles only; baseline maximal-mask bundles remain unchanged."
ATTR-W1-NONTERMINAL-FUEL-104,2026-08-13,f77c101,read-only-audit,"103 finds both exact active routes absent from low-fuel W1 day2 at cap3. 081 found fuel-constrained exact routes as a repeated capability class, but rejected 082 only wired the planner's terminal-day condition into W1. The existing anytime resource enumerator has not been tested for nonterminal low-fuel W1 membership.","On only consumed 095 seed1600000 day2 state, generate one additional research portfolio with the same paths/targets/columns/harvest settings and cap3, but enable exact harvest plus fuel-constrained anytime enumeration under the existing 32-route/1,250,000-node internal bounds. Report oracle route mask and diagnostics; do not run a production candidate. If cap3 pruning hides generated exact routes, inspect the generated exact bundle diagnostics but do not widen the cap.","No production source or behavior change; same state, cap3, route master and official score; existing canonical anytime enumerator unchanged; no cap/deadline/node tuning; consumed fixture has membership authority only; local elapsed ignored; no holdout/BTC.","Consumed CEILING-CYCLE-PATROL-095 cycle-balanced/low seed1600000 day2 W1 state","Mask 001->011 only; widths 5|5|3, supported3, complete0, states863, variants9, bundles2, deadline0. One active route remains absent. Evidence ATTR-W1-NONTERMINAL-FUEL-104.md.",not-applicable,not-applicable,not-run,accepted-negative-attribution,"Closed. Do not tune anytime bounds. Only the distinct complete fuel-exact membership check at unchanged cap may proceed."
ATTR-W1-NONTERMINAL-EXACT-105,2026-08-13,f77c101,read-only-audit,"104 proves bounded anytime enumeration restores only one of two missing nonterminal low-fuel W1 routes. The generator also contains a distinct complete fuel-constrained exact enumerator, and 081 identified fuel-exact membership as a repeated class, but its nonterminal W1 completeness on this causal state is unknown.","On only consumed 095 seed1600000 day2 state, keep the same W1 cap3 and generation settings, enable exact harvest plus fuel-constrained exact enumeration, explicitly leave anytime disabled, and report oracle route mask, completion, settled states, variants and bundles. No master/candidate score is needed unless mask111 appears.","No production source or behavior change; canonical exact resource enumerator unchanged; same state and cap3; anytime disabled; no deadline/node/cap tuning; consumed fixture membership-only; local elapsed ignored; no holdout/BTC.","Consumed CEILING-CYCLE-PATROL-095 cycle-balanced/low seed1600000 day2 W1 state","Mask011, widths5|5|3, supported/complete3/3, states570, variants8, bundles2, deadline0. Complete exact still misses one active route. Evidence ATTR-W1-NONTERMINAL-EXACT-105.md.",not-applicable,not-applicable,not-run,accepted-negative-attribution,"Closed. Nonterminal fuel flags cannot reopen. Only inspect whether inclusion-maximal spot-mask projection eliminates the missing individual route."
ATTR-W1-MASK-DOMINANCE-106,2026-08-13,f77c101,read-only-audit,"105 proves a complete, deadline-free fuel-exact enumeration still fails to expose one exact active route. The resource enumerator projects reachable states to inclusion-maximal spot masks before terminal variants and coordinated bundle selection. It is unknown whether the missing oracle route is eliminated by this single-agent current-day projection.","On consumed 095 seed1600000 day2 only, derive each oracle agent route's visited spot mask, terminal cell and fuel from exact simulation. For the missing active route, inspect complete ExactOrienteeringReachability before RouteColumn pruning: exact mask membership in maximalRoutes and terminalVariants, strict-superset masks, and terminal/fuel equality. No variant generation or source candidate.","No production behavior change; complete exact enumerator unchanged; no cap, rank, objective or deadline changes; exact simulator/validator; consumed fixture structural attribution only; no holdout/BTC.","Consumed CEILING-CYCLE-PATROL-095 cycle-balanced/low seed1600000 day2 individual routes","Agent0 oracle mask4 terminal26 fuel6 absent from maximal/terminal sets; one strict superset exists but zero preserve terminal+fuel. Agent1 mask63 present in both. Complete enumeration. Evidence ATTR-W1-MASK-DOMINANCE-106.md.",not-applicable,not-applicable,not-run,accepted-attribution,"Closed as invalid single-agent horizon dominance. Before any frontier candidate, prove candidate-specific valid upper ranks the exact joint terminal class on complete day outcomes."
ATTR-W1-UPPER-FRONTIER-107,2026-08-13,f77c101,read-only-audit,"106 proves the missing route is a nonmaximal spot mask with a future state not dominated by its strict superset. Blindly retaining all masks is exponential. The production FastViability candidate upper already distinguishes the exact day1 state in 102, but its ability to rank exact day2 joint terminal states over the complete per-agent day-outcome frontier is unknown.","On consumed 095 seed1600000 exact day2 state, enumerate the unchanged complete Pareto day outcomes for the two active patrols, compose unique joint terminal/score states, and apply FastViabilityAnalyzer to day3 for each. Report exact oracle upper rank, maximum upper, tie count and whether the exact terminal class is upper-maximal. No route-generator or candidate change.","No production behavior change; complete day enumeration with exact state dominance only; official joint stock score; candidate-specific FastViability upper unchanged; exact simulator/validator; consumed state attribution only; no cap/beam/threshold; local elapsed ignored.","Consumed CEILING-CYCLE-PATROL-095 cycle-balanced/low seed1600000 exact day2 state","53 and 72 per-agent outcomes compose 3324 unique joint states. Oracle class found; upper 6/24/30 equals maximum, rank1 with 39 ties. Evidence ATTR-W1-UPPER-FRONTIER-107.md.",not-applicable,not-applicable,not-run,accepted-attribution,"Closed. A fresh candidate may add a structurally bounded served-terminal exact route per cell and additive bundle lane while preserving baseline witness; never retain all masks or tune consumed caps."
ATTR-W1-CONTINUATION-103,2026-08-13,f77c101,read-only-audit,"102 proves the exact day-1 state's valid upper is correctly stronger than the parent upper, but its W1 certified lower reaches only 6/20/29 versus the known exact 6/24/30. Production repair uses detailed future generation for days2-3 with three columns per agent and a one-candidate cap, then a smaller terminal lane on day4. The first stage losing the known oracle continuation is unknown.","On consumed 095 seed1600000 only, replay the exact day1 plan, then reconstruct W1 repair day2 and subsequent days with the exact production generation/master options and cap split. At the first plan divergence, report whether each oracle agent route exists in the W1 portfolio, whether the joint exact outcome is retained, chosen/exact score, columns per agent and master nodes. Stop causal analysis after state paths diverge.","No production source or behavior change; exact same W1 generation/master settings, 200 repair cap split over two detailed days, exact simulator and independent validator; consumed oracle plan only identifies the first lost continuation; no threshold/cap tuning, no performance claim, no holdout or BTC.","Consumed CEILING-CYCLE-PATROL-095 cycle-balanced/low seed1600000 W1 path after exact day1","First divergence day2: portfolio 3|3|1, oracle route mask 001, nodes1, chosen current 6/12/20 versus exact 6/12/16; exact plan and equivalent outcome absent. Evidence ATTR-W1-CONTINUATION-103.md.",not-applicable,not-applicable,not-run,accepted-attribution,"Closed as route availability. Master selection is exonerated. Next membership probe may test existing nonterminal fuel-anytime capability at unchanged cap; no cap widening or terminal-only 082 retry."
ATTR-PROFILE-DOMINANCE-102,2026-08-13,f77c101,read-only-audit,"095/099 prove the exact-winning day-1 plan on consumed seed1600000 is evaluated then evicted, but rejected 100 never produced a strict supplemental takeover on its fresh split. It is unknown whether the exact plan's fully repaired scenario profile can strictly certified-dominate the parent-selected day-1 profile, or whether candidate-specific valid upper bounds remain too loose to prove the known future advantage.","On only consumed 095 seed1600000 day1, reconstruct the frozen production TrafficBelief, ScenarioManifest, FastViability upper, provisional profile and W1 repair separately for the exact oracle plan and parent-selected plan. Give each profile an independent 5000-ms attribution window, finalize with the production comparator, report every scenario outcome/upper and both dominance directions. Remove any temporary production instrumentation; research-probe output may remain reproducible.","No production candidate or behavior change; same oracle and parent plans already dual-valid; same scenario generator, risk policy, witness repair, simulator, validator and official score; independent peer-favorable proof windows are attribution only and cannot claim runtime readiness; consumed fixture cannot promote/tune a candidate; local elapsed ignored.","Consumed CEILING-CYCLE-PATROL-095 cycle-balanced/low seed1600000 day1 only","Exact profile current/lower/upper 6/6/9,6/20/29,6/24/30; parent 6/6/12,6/19/29,6/23/29. Both certified, neither dominates. Exact proof fails at 6/23/29 with weight 0<10000 because W1 lower is four daily distinct below known exact 6/24/30. Evidence ATTR-PROFILE-DOMINANCE-102.md.",not-applicable,not-applicable,not-run,accepted-attribution,"Closed into W1 continuation attribution. Do not weaken dominance or retune retention; determine whether oracle future actions are absent, evicted or misselected."
CEILING-LADDER-PATROL-101,2026-08-13,f77c101,research-infrastructure-resolved-by-129,"095/099 leave a confirmed roadless future-state retention gap, while 096 and 100 reject non-nested widening and a strict supplemental quality reservoir. No exact evidence yet covers two active patrols on a compact ladder with three linked cycles, where alternate crossings create different terminal states without the larger 100 frontier explosion.","Extend only the research oracle fixture adapter to a new 2x4 plain ladder with six spots, two active patrols plus one isolated control. Run the unchanged complete joint full-match DP and compare unchanged f77c101 at 5000 ms on 18 development fixtures. If exact wins, use existing day trace/master-cap attribution to classify route availability, retention and valid-upper rank before any candidate.","No production source or behavior change; no reused 095/100 topology, family or seeds; complete DP and monotone dominance only at identical joint physical state; official lexicographic score; exact simulator and independent validator; six new families; low/default/high fuel; 5000-ms hard cap; local elapsed ignored; holdout sealed; no tuning from public opponents.","Frozen research/holdouts/CEILING-LADDER-PATROL-101.csv: 18 development and 54 holdout fixtures across ladder-balanced, ladder-duplicate, rare-ladder, stock-ladder, fuel-ladder and terminal-ladder under low/default/high fuel","Initial run produced no score. Exact quotient129 preserved54/54 prior oracle scores, then seed1800000 completed oracle6/24/26 vs HEAD6/23/25 tier2+1 invalid0 hash94088825f11f84c5. Evidence CEILING-LADDER-PATROL-101.md and PERF-ORACLE-RESOURCE-DOMINANCE-129.md.",B9D1D990CDBE224AA848C92175B3ACDDA94E83D2B7F73F3EDA2EE1A3F72DD4A3,"sealed; remaining development also sealed",not-applicable,accepted-gap-via-129,"Closed into ATTR-LADDER-EARLIEST-LOSS-130. Reopen remaining101 rows only for a fresh general candidate derived independently from the consumed witness."
SCORE-MASTER-ADDITIVE-100,2026-08-13,f77c101,rejected-working-tree,"095/099 prove that canonical 32/8 evaluates and then evicts a joint-best future witness; 096/098 prove that replacing the canonical population is non-monotonic because it can erase the parent witness or win an unresolved tie without strict proof. The missing capability is an additive, proof-gated use of already-evaluated quality candidates.","During each existing RouteMaster population-maintenance event, copy the pre-retention candidate set into a bounded 32/0 quality-only supplemental reservoir while canonical 32/8 remains unchanged and solely controls BnB, ALNS and baseline F0. Select and fully certify the baseline through the existing path first. Only with remaining certification budget, evaluate supplemental-only candidates and replace the baseline solely if the supplemental profile strictly `certified_dominates` it. No second route search or duplicate solver.","No deleted/disabled/deferred functionality; canonical candidate stream, 32/8 retention, BnB threshold, ALNS seeds/options, recombination, F0 intake/repair/selection, score, routes, simulator, validator, roles and deadlines remain unchanged; supplemental reservoir observes already-evaluated candidates only; baseline is the fallback by construction; takeover requires strict certified dominance under the same manifest; no seed/family/fuel/road dispatcher; 5000-ms hard cap; local elapsed excluded; BTC target-host required for performance and promotion.","Fresh research/holdouts/SCORE-MASTER-ADDITIVE-100.csv: 18 development and 54 sealed holdout fixtures on a new 3x4 perimeter topology, six new families and low/default/high fuel","Source-frozen candidate-vs-parent 0/18/0, invalid 0/0; all 18 full-match action hashes identical and strict takeover days zero. Full exact oracle timed out before first score without semantic reduction. Evidence SCORE-MASTER-ADDITIVE-100.md.",AE7269ED4F73429C04128AFEABE50E105E55B743695852D05F76ADB6DAB39E4C,sealed,not-run,rejected,"Reopen only from fresh telemetry proving an evicted supplemental profile can be strictly certified-dominant inside the remaining 5000-ms window. Do not weaken dominance or tune budget allocation on consumed 095/100."
ATTR-MASTER-EVICTION-099,2026-08-13,f77c101,read-only-audit,"095 proves that an exact joint day outcome with joint-best valid upper exists in the 16-column portfolio and survives master cap48 but not cap32. 098 proves a non-nested expansion can both erase the parent witness and replace it inside an unresolved certified tie. Before implementing an additive reservoir, it is unknown whether the 095 witness is already evaluated by the canonical cap32 search and only lost during population retention, or is never evaluated because cap32 branch-and-bound prunes its branch.","Use only the consumed 095 seed1600000 day-1 oracle attribution. Compare canonical cap32 with branch-and-bound enabled and disabled while keeping the same 40000 combination limit, 32/8 retention and exact portfolio; report whether the exact outcome survives. If necessary, add temporary target-plan observation at retention and remove it after the single replay. No production candidate is authorized.","No production behavior change; no new route, bound, metric, threshold, dispatcher or solver; exact simulator and independent validator; same portfolio and combination cap; consumed fixture has attribution authority only; no elapsed local performance claim; temporary instrumentation must be reverted.","Consumed causal attribution only: CEILING-CYCLE-PATROL-095 seed1600000 day1","Canonical 32/8 reports target_evaluated=1,target_retained=0. Cap32 quality-only retains the target and canonical 8-diversity slots do not, identically with BnB enabled and disabled. Evidence ATTR-MASTER-EVICTION-099.md.",not-applicable,not-applicable,not-run,accepted-attribution,"Closed. A successor requires a fresh split; preserve canonical 32/8 pruning, ALNS and F0, observe the same evaluated stream in an independent quality reservoir, and permit supplemental takeover only under strict certified dominance."
ATTR-MASTER-NESTED-098,2026-08-13,f77c101,read-only-audit,"096 broadens the Normal master/ALNS population before F0 and reproducibly loses road/traffic score. Day traces show both blockers diverge at day1 with equal current official score; the wider binary reaches its search deadline while parent does not. It is unknown whether a parent-selected day witness remains in the wider F0 pool and whether certification proves it dominated before selecting the supplemental plan.","Add temporary research-harness output for each F0 audit record: stable-plan hash, current score, provisional lower, valid upper, certified lower, terminal state, certification, W1 role, disposition and selected flag. Compare parent32 and candidate48 on only causal blocker seeds 830021 and 830029, then remove the output scaffolding. No candidate source change is authorized.","No production behavior change; no new solver/path/metric/threshold/dispatcher; same fixed all-patrol roles, 5000-ms logical budget, exact simulator and independent validator; local elapsed excluded; consumed protection seeds used only for attribution and cannot promote a successor; stable-plan hashes identify whether the parent witness survives the wider pool.","Road-containing causal attribution only: overnight 830021 and rare-brand 830029; inspect first divergent day and parent witness disposition inside candidate pool","830021: parent-selected hash 12994778012826007410 is absent from candidate48's 16 F0 records. 830029: parent hash 9046975828446139618 survives and is certified but loses an unresolved tie to hash 16946503130334369313 despite identical reported current/lower/upper/certified scores; final tier2 regression persists. Evidence ATTR-MASTER-NESTED-098.md.",not-applicable,not-applicable,not-run,accepted-attribution,"Closed. A successor may reopen only on a fresh split as an additive lane preserving parent reservoir/ALNS/F0 behavior and allowing supplemental takeover solely under strict certified dominance; consumed 830021/830029 cannot tune or promote it."
CEILING-TRAFFIC-PATROL-097,2026-08-13,f77c101,research-infrastructure-inconclusive,"095/096 prove a real roadless future-state retention gap, while the same broader master population causes reproducible road/traffic regressions. Existing complete multi-patrol oracles assume every day is roadless and smooth, so they cannot distinguish future value from the two-day endogenous own-traffic state that invalidated 096.","Extend only the research oracle domain to a new small cyclic component with two road cells. Carry each of the previous two exact own road-footprints in the DP state, add frozen deterministic opponent footprint mass, derive each day's Smooth/Busy/Jammed status by the official players*threshold rule, enumerate action costs under that exact status, and validate every winning day against the exact simulator and independent validator. Compare unchanged f77c101 at 5000 ms on development only.","No production source or capability change; no reused 095 topology/families/seeds; two active all-patrol agents plus one isolated control; complete DP key includes position, fuel, lifetime mask and both traffic-history vectors; only semantics-preserving componentwise traffic dominance; official lexicographic score; exact dynamic road status, simulator and validator; low/default/high fuel; 5000-ms hard cap; local elapsed ignored; holdout sealed.","Frozen research/holdouts/CEILING-TRAFFIC-PATROL-097.csv: 18 development and 54 holdout fixtures across traffic-balanced, traffic-duplicate, threshold-loop, jam-loop, traffic-stock and traffic-terminal under low/default/high fuel; SHA256 6027B078DA6BB80D9B613FB57210C55B10DCB012B67185BDD9C5F62F044B1263","No score produced. After exact 64-cell-to-two-road compaction, byte encoding, jam-threshold saturation and componentwise traffic dominance, the first fixture still reached about 5.8 GB private allocation before completion; stopped to protect local host. Evidence CEILING-TRAFFIC-PATROL-097.md.",6027B078DA6BB80D9B613FB57210C55B10DCB012B67185BDD9C5F62F044B1263,sealed,not-applicable,inconclusive,"Reopen only with a mathematically exact state quotient or bounded external proof host. Do not reduce horizon, traffic history, threshold semantics or validation."
SCORE-MASTER-PORTFOLIO-096,2026-08-13,f77c101,rejected-working-tree,"Fresh independent 095 exact evidence is 4/14/0 and includes three tier-2 low-fuel gaps. On seed 1600000 the exact day-1 route exists for all agents at the unchanged 16-column cap and has joint-best full-match upper, but the normal 32-candidate master population with eight diversity slots discards it before deterministic F0 intake; the same master at 48 candidates and twelve diversity slots retains the exact outcome.","For DeadlineClass::Normal only, retain 48 rather than 32 master candidates while preserving the existing one-quarter diversity ratio. Keep maximumCombinations 40000 and the downstream F0 candidate limit 16, F0 operation cap 24 and all deadlines unchanged.","No deleted, disabled or deferred functionality; no column cap, generator, harvest extension, bundle, bound, route, branch order, simulator, validator, ALNS, role, F0, score or deadline change; quality capacity grows 24 to 36 and diversity capacity grows 8 to 12; official lexicographic comparison unchanged; no family/seed/fuel dispatcher; 5000-ms hard cap; local elapsed ignored; BTC target host required before promotion.","Four causal 095 gaps, all 18 development, the 54-fixture frozen 095 holdout, then road-containing fixed protection seeds 830000..830035 with reverse-order reproduction","Development 2/15/1, zero invalid: two tier2 gains and one tier3 -1 loss. Frozen roadless holdout paired 8/43/3 in both run orders, zero invalid, tier2 gain/loss 14/1 and tier3 0/5. Evidence SCORE-MASTER-PORTFOLIO-096.md.",C20467B8E28226710D6F310A3E24B166A8BD1582B955FD5B5E9F102BA8E4C866,"opened once; roadless positive but protection failed","Fixed road protection 2/27/7, zero invalid/emergency, tier2 gain/loss 0/6 and tier3 4/7. Reverse order retained seven losses, including overnight tier2 -1 and rare-brand tier2 -4. Native/BTC not opened.",rejected,"Reopen only from a fresh counterexample deriving a semantically safe future-state retention rule. Do not tune candidate cap, fuel/road guards or diversity ratios on consumed 095/096."
CEILING-CYCLE-PATROL-095,2026-08-13,f77c101,read-only-complete-cycle-two-patrol-oracle,"089 found exact serving gaps on one consumed branched roadless topology, but its development replay is cutoff-sensitive and cannot establish that the missing-column mechanism generalizes. No exact evidence covers multi-day allocation on a cyclic roadless component where two patrols can approach six spots through multiple routes.","Generalize only the research oracle fixture adapter to a new 3x3 cyclic component with mixed plain/mountain movement. Run the unchanged complete joint DP over two active patrol positions/fuels, lifetime mask and official score; compose stock-aware daily outcomes and validate every selected witness with the exact simulator and independent validator. Compare unchanged f77c101 at 5000 ms on development; keep holdout sealed unless exact wins.","No production source or capability change; no reused 085/089 seeds, families or topology; complete DP with monotone dominance only at identical physical state; two active patrols plus one isolated control; mixed plain/mountain but no road uncertainty; six spots; low/default/high fuel; official lexicographic score only; exact simulator and independent validator; 5000-ms hard cap; local elapsed ignored; no holdout tuning.","Frozen research/holdouts/CEILING-CYCLE-PATROL-095.csv: 18 development and 54 holdout fixtures across cycle-balanced, cycle-duplicate, rare-loop, stock-crossing, fuel-circuit and terminal-loop under low/default/high fuel; SHA256 C20467B8E28226710D6F310A3E24B166A8BD1582B955FD5B5E9F102BA8E4C866","Oracle-vs-f77c101 4/14/0, zero invalid, tier1/tier2/tier3 0/3/1, max gain 3, hash 6c160390445423ed. Exact wins on cycle-balanced low, cycle-duplicate low/default and fuel-circuit low. On seed1600000 the exact day1 routes exist at 16 columns, upper ranks joint first, and the exact outcome first survives at master cap48.",C20467B8E28226710D6F310A3E24B166A8BD1582B955FD5B5E9F102BA8E4C866,sealed,not-applicable,accepted-gap,"Closed into SCORE-MASTER-PORTFOLIO-096. Holdout remains sealed until the preregistered candidate development gate passes."
SCORE-MASTER-PRESERVE-094,2026-08-13,f77c101,rejected-working-tree,"The accepted 092 target matrix leaves master search incomplete on 59/60 days. DFS computes each branch's preservedServingPotential to update the exact child stock upper, but ignores that value when ordering branches tied on escort, lifetime gain, daily gain and current serving gain. Deadline-bounded DFS can therefore visit a provably lower child upper first.","After the unchanged current servingGain comparison, order larger preservedServingPotential first. This is the already-computed exact child stock-upper preservation term; every column, compatibility check, bound, cap, validation and completed-search result remains unchanged.","No deletion, disabled capability, new heuristic metric, threshold, dispatcher, route, candidate, cap, score, simulator, validator, ALNS or role change; official lexicographic gain remains primary; preserved potential is only a tie-break; stable source order remains final tie-break; completed search set/output unchanged; fixed roles isolate master; 5000-ms hard cap; local elapsed excluded; BTC final.","Fresh frozen general seeds 3410000..3410017 across six families at fixed all-patrol; BTC-like development conditional on a general gain","Candidate-vs-parent W/T/L 0/18/0 with exact official-score ties on every seed; zero invalid/emergency. Operation counts changed on multiple fixtures, so the mechanism was reachable but score-neutral. Local timing ignored; evidence SCORE-MASTER-PRESERVE-094.md.",E35CFBF193EBB3B4C7C5AA953FE18CA9F59F0651D9854A7092AA7E2DFF15CCE4,"sealed; general development produced no gain","not-run",rejected,"Reopen only from a new independent counterexample proving DFS branch order is the earliest score loss. Do not tune additional ordering keys on consumed 094 seeds."
PERF-MASTER-STOCK-093,2026-08-13,f77c101,"rejected-working-tree 51924C6907611C2DCB1E69E282FF3B200442E4C1E520B58FE09F0E03CE7B1E22","Across the six frozen 092 BTC target replays, bundle-aware upper executed 574509 DFS checks for only 81 prunes. Every feasible evaluation nevertheless scans all spots to recompute a bundle stock upper even though the DFS already maintains the exact generic stock upper incrementally.","Maintain no new approximate state. Precompute for each bundle/depth only spot offsets whose bundle suffix claim count differs from the generic suffix. Start from the already exact generic servingUpperBound and subtract min(selected+genericSuffix,stock)-min(selected+bundleSuffix,stock) only at those offsets. Add reference/difference visit telemetry to quantify exact avoided work on BTC.","No deletion, disabled capability, approximation, threshold, dispatcher, cap, bound, route, candidate, comparator, simulator, validator, ALNS or role change; checked bundleSuffix <= genericSuffix; resulting OfficialScore is algebraically identical for every state; stable traversal unchanged when work completes; 5000-ms hard cap; local elapsed and bot rank excluded; BTC target host final.","Source proof, full unit suite and parent/candidate replay-solve on all 60 recorded days of the six frozen 092 BTC replays; reverse A/B order and reproduce every changed loss","Formula proof and unit suite passed; m-2077 day1 reference/difference visits 119936/45. Frozen deadline screen W/T/L 6/47/7, action equal 36/60, tier3 gain/loss sums 32/52. A/B/B/A removed or crossed six losses, but m-2077 day4 remained binary-causal: parent 6/24/155 and 164, candidate 6/24/142 and 141. Evidence PERF-MASTER-STOCK-093.md.",DAB0096E18863B8AC753AD06EEB808FB11DB9ED5CE48558486533BD7BF715F1B,"target matrix sealed; development semantic-equivalence gate failed","not-run",rejected,"Reopen only after an operation-bounded master makes incomplete-search output independent of wall-clock sampling while retaining the public 5000-ms hard cap; do not tune the arithmetic or thresholds on consumed 093 replays."
PERF-MASTER-BUNDLE-092,2026-08-12,f574d4e,"frozen-working-tree 247C143CBB6FE09AF4479DD23A472F4A3DFF5161CF5C3EEE4B828C584871CB7D","Frozen BTC telemetry shows the master DFS is deadline-incomplete on every day. On m-2034 the bundle-aware upper performs 221991 checks for 2 prunes, while the direct compatibility gate rejects 183322 route branches; m-2029 records 45691/29 upper checks/prunes and 24239 direct bundle rejections. The direct gate currently builds and stable-sorts BranchColumnRank entries before rescanning every selected prefix to reject an incompatible column.","Use the existing activeBundle recursion state to reject an incompatible route column before BranchColumnRank construction and stable_sort. Compatibility is exactly column.bundle == activeBundle or both bundle ids are negative; at the root kUnsetBundle accepts all. Filtering preserves source order among retained columns, so the unchanged stable_sort and recursive traversal see the identical compatible sequence.","No deletion, disabled search, reduced cap, bound, route, candidate or diagnostics capability; official comparator, stable ordering, master limits, simulator, validator, ALNS, role logic and 5000-ms cap unchanged; source proof plus frozen extant replay equivalence required; local elapsed excluded; BTC target-host is sole performance authority.","24-case exhaustive predicate proof; one unit build; parent/candidate replay-solve over the three extant frozen BTC replays and all 30 recorded days","Predicate proof 24/24 with zero mismatch; full unit suite passed. Initial local deadline screen candidate-vs-parent 0/26/4, actions equal 23/30, zero process/validity failure; all four losses tier3 and all three final totals tie. Targeted A/B/B/A falsified binary causality: two cases tied exactly and the other two crossed by run order or varied within candidate. Local elapsed/counts ignored; evidence PERF-MASTER-BUNDLE-092-offline.md.",47A01C938522D5382D83D10FCA5B3B329C7C555733273C44301C544F8395A5E6,"Opened once: no reproducible semantic regression; final replay totals tied 3/3; target-host performance gate authorized.","Frozen binary ran m-2077/m-2078 low development and m-2081/m-2082/m-2084/m-2085 default/high controls across easy 8x8 and hard 32x32. 60/60 HTTP2xx exact-valid, 54/54 transitions reconciled, zero emergency/hard-cap failure, max solver 3383/5000 ms; all six retained 6/60. Exactly 610522 incompatible columns were rejected before rank/sort on target host. Rank ignored; random-map timing not used as causal A/B. Replay hashes and per-lane telemetry in PERF-MASTER-BUNDLE-092-btc.md.",accepted,"Reopen only on a bundle-compatibility contradiction, action/score/state/validator regression, invalid/emergency, target hard-cap failure, or source/binary drift."
PERF-MASTER-BUNDLE-091,2026-08-12,f574d4e,restored-before-holdout,"Same target-host bundle-compatibility hot path carried into 092.","The intended activeBundle prefilter was built once and the unit suite passed, but no replay holdout was opened.","No production result accepted; source restored byte-identical to f574d4e before replacement registration.","The preregistered 30 PERF-P99-055 replays were checked for availability before opening.","Blocked: only their hashes/progress table remain; the raw replay files are absent from the repository and from Desktop/Temp. No result was fabricated.",993689C0EEB82BD5D1A4963FE92C3FC3E049461FBDF563CCEF7019DCC8D8984B,"not opened","not-run",rejected,"Superseded only by 092 with three extant hash-verified replays frozen before the identical source patch was reapplied."
SCORE-ROADLESS-SPOT-DIVERSITY-090,2026-08-12,f574d4e,rejected-working-tree,"089 attribution proves the exact day-1 route bundle is incomplete at the production 16-column portfolio, complete at 32, retained by the unchanged master cap after exact-route injection, and tied for best future upper. prune_columns already has a spot-diversity lane, but its caller disables it whenever fuel is below three day-step budgets; all four new serving gaps are in that domain.","Keep maximumColumnsPerAgent unchanged and enable the existing retainSpotDiversity lane when config.roadCells is empty, or under the existing high-fuel condition. Roadless maps have one deterministic traffic world and can preserve serving-location diversity without scenario mismatch; road-containing maps execute the exact parent condition.","No deletion or disabled functionality; no column/master/F0/W1/ALNS/role/deadline cap change; identical route generation and prune implementation; only the existing spot-diversity lane receives the public deterministic-no-road domain; official lexicographic score, simulator and validator unchanged; no family/seed/opponent condition; 5000 ms hard cap; local elapsed ignored; holdout sealed until development passes.","Frozen CEILING-BRANCH-PATROL-089 development 18; candidate must improve at least one of four tier3 exact gaps with zero paired loss/invalid before holdout can open. Source freezes before any protected lane is read.","Candidate-vs-parent 2/15/1, zero invalid. Terminal-fork low +2 tier3 and fuel-split low +2 tier3; branched-duplicate low regressed tier2 -1 from 5/20/25 to 5/19/29. All other cases tied. Candidate oracle-gap hash 28a37d0058be368e versus parent 33080960367d1631.",1A826B829284C7AD7CB6938C7DB18AE1C2179CCDC75687EB1DD20BD94906955E,"sealed; development regression blocked opening",not-run,rejected,"Do not tune spot-diversity ranking, slots or thresholds on consumed 089. Reopen only from a new independent counterexample isolating a lexicographically safe retention rule."
CEILING-BRANCH-PATROL-089,2026-08-12,f574d4e,read-only-complete-branched-two-patrol-oracle,"088 closed a deterministic F0 mismatch on the consumed seven-cell line topology, but exact residual gaps remain and no proof covers multi-day allocation on a branched roadless component with mixed plain/mountain costs and six spots. Reusing 085 would overfit consumed fixtures.","Generalize only the research oracle fixture adapter to a new branched component. Run the unchanged complete joint DP over two active patrol positions/fuels, lifetime mask and official score; compose stock-aware daily outcomes and validate every selected witness with the exact simulator and independent validator. Compare unchanged f574d4e at 5000 ms on development; keep holdout sealed unless exact wins.","No production source or capability change; no reused 085 seeds/families/topology; complete DP with monotone dominance only at identical physical state; two active patrols plus one isolated control; mixed plain/mountain but no road uncertainty; six spots; low/default/high fuel; official lexicographic score only; exact simulator and independent validator; 5000 ms hard cap; local elapsed ignored; no holdout tuning.","Frozen research/holdouts/CEILING-BRANCH-PATROL-089.csv: 18 development and 54 holdout fixtures across branched-balanced, branched-duplicate, rare-fork, stock-race, fuel-split and terminal-fork under low/default/high fuel; SHA256 1A826B829284C7AD7CB6938C7DB18AE1C2179CCDC75687EB1DD20BD94906955E","Optimized proof dominance by grouping identical physical states and reproduced 085 development exactly at hash 6e4072b927d9fa2a. One valid 089 development sweep: oracle-vs-f574d4e 4/14/0, zero invalid, tier1/tier2 zero, tier3 four, max gain 5, hash 33080960367d1631. Gaps: branched-duplicate low +5, fuel-split low +5, terminal-fork low +2, branched-duplicate high +1; maximum frontier 39489.",1A826B829284C7AD7CB6938C7DB18AE1C2179CCDC75687EB1DD20BD94906955E,"sealed during read-only attribution",not-applicable,accepted-gap,"Attribute the earliest loss on one new development win. Open holdout only after a general causal mechanism is established; no source tuning on 089 before attribution closes."
CEILING-MULTI-PATROL-085,2026-08-12,00711ba,read-only-complete-two-active-patrol-full-match-oracle,"CEILING-ORACLE-070 proved terminal exactness for a four-patrol team and CEILING-MATCH-071 proved multi-day value only for one active patrol with two isolated controls. No evidence yet proves that the production planner allocates fuel, brands, stock and terminal position optimally enough across multiple simultaneously active patrols over a full match.","Build one exact research-only full-match DP on a seven-cell roadless component with two interchangeable active patrols and one isolated control. Exhaust each patrol's fuel-feasible daily position/fuel/spot-claim outcomes, compose joint stock-aware outcomes, canonicalize patrol symmetry, retain official-score Pareto values by joint physical state and lifetime mask, and replay every winning trajectory through the exact simulator and independent validator. Compare unchanged 00711ba at 5000 ms on development only; open attribution if exact wins and keep holdout sealed.","No production source, role, search, simulator, validator, score, traffic or deadline change; complete rather than heuristic oracle; fixed public family/fuel construction for every seed; roadless scope stated explicitly; two active all-patrol agents plus one isolated control; official lexicographic tuple only; exact simulator and independent validator; local elapsed ignored; holdout immutable and unopened until a development counterexample exists; no tuning on consumed 071/083/084 fixtures.","Frozen research/holdouts/CEILING-MULTI-PATROL-085.csv: 18 development fixtures across six new families and low/default/high fuel, all horizon4, plus 54 sealed holdout fixtures; SHA256 A0EA8A417B4F63B4B5F2E0069A1948EB2C7CB9C827DC6C80A31DC1D6EE188D7B","Complete development oracle-vs-champion W/T/L 4/14/0, zero invalid, all four wins tier2 under low fuel: balanced +3, duplicate-brand +1, fuel-allocation +1, terminal-separation +1. Stock-contention and coverage-trap low tied; all default/high tied. Maximum exact frontier 6399; result hash c7324c01ff35e2e8. Attribution closed: each winning oracle path trades current servings for terminal state and later tier2 gain; its admissible upper is joint-best, but the all-patrol master beam loses it because diversity signatures contain tanker terminal cells only. Fixed cap widening and diversity-slot tuning were rejected.",A0EA8A417B4F63B4B5F2E0069A1948EB2C7CB9C827DC6C80A31DC1D6EE188D7B,"sealed; attribution did not open holdout",not-applicable,accepted-gap,"Closed into SCORE-STATE-DIVERSITY-086. Reopen 085 only if a new exact fixture disproves the shared all-patrol terminal-state attribution; holdout stays sealed."
SCORE-STATE-DIVERSITY-086,2026-08-12,00711ba,rejected-working-tree,"RouteMaster's nominal 25 percent beam-diversity lane groups only tanker terminal cells. With all-patrol roles it has one empty signature and collapses back to current-score order, eliminating future-useful physical states before candidate_valid_upper_bound and W1 certification.","Replace the existing tanker-only terminal signature with an assigned-agent terminal-state signature containing agent identity, terminal cell and terminal fuel. Preserve the same 75 percent quality share, beam width and every master/F0/deadline cap; the old tanker distinctions remain included while patrol and mixed-role physical states receive the diversity lane already designed for them.","No deleted or disabled functionality; no cap or budget increase; official current and final lexicographic score unchanged; exact simulator and independent validator unchanged; same route portfolio, master combination cap, ALNS, role and F0 logic; deterministic public state only; no seed/family/fuel dispatcher; 5000 ms hard cap; local elapsed ignored; BTC final performance authority.","Unchanged opened CEILING-MULTI-PATROL-085 development 18; frozen holdout SHA256 A0EA8A417B4F63B4B5F2E0069A1948EB2C7CB9C827DC6C80A31DC1D6EE188D7B","Unchanged oracle-vs-candidate W/T/L 4/14/0, zero invalid, four tier2 gaps, max +3 and hash c7324c01ff35e2e8. First divergent oracle plans remained absent from all 16 F0 audits.",A0EA8A417B4F63B4B5F2E0069A1948EB2C7CB9C827DC6C80A31DC1D6EE188D7B,"sealed; not opened",not-run,rejected,"Reopen only with a new counterexample proving terminal-signature grouping itself is causal; do not tune fields, diversity slots or beam width on 085."
SCORE-F0-UPPER-087,2026-08-12,00711ba,rejected-working-tree,"The exact 085 paths have candidate-specific admissible future upper tied for best whenever available, while F0 intake spends four diversity slots using action distance alone before those existing upper bounds are computed. The all-agent beam signature candidate did not expose the paths.","Keep the existing 12 current-quality F0 slots. Precompute the existing candidate_valid_upper_bound for every unchanged master output; fill the same four diversity slots by best future upper first, then by the existing max-min plan distance and current-score comparator. Reuse the precomputed bound during W1 setup so certification count remains 16.","No deletion or disabled functionality; current-quality share remains 12/16; plan diversity remains the tie-break; no candidate, master, W1, ALNS, role or operation cap increase; official score and final risk comparator unchanged; exact simulator and validator unchanged; public state only; no fixture dispatcher; 5000 ms hard cap; local elapsed ignored; BTC final performance authority.","Unchanged opened CEILING-MULTI-PATROL-085 development 18; frozen holdout SHA256 A0EA8A417B4F63B4B5F2E0069A1948EB2C7CB9C827DC6C80A31DC1D6EE188D7B","Candidate-vs-parent W/T/L 4/14/0, zero invalid; tier2 gains +2,+1,+1,+1 across balanced, duplicate-brand, fuel-allocation and terminal-separation low fuel. Three exact tier2 gaps became tier3 and balanced shrank +3 to +1; 14 ties. Candidate oracle-gap hash 6e4072b927d9fa2a versus parent c7324c01ff35e2e8.",A0EA8A417B4F63B4B5F2E0069A1948EB2C7CB9C827DC6C80A31DC1D6EE188D7B,"Opened exactly once: candidate-vs-parent W/T/L 8/42/4, zero invalid; gain/loss sums 18/4, max +4, every loss -1. Duplicate low 3/0/0, fuel-allocation low 2/0/1, terminal-separation low 2/0/1, balanced low 1/0/2; all other strata tie. Candidate oracle gaps 12/42/0 with tier2/tier3 9/3 hash dfdc999d65370d3a; parent 12/42/0 with 7/5 hash 743edb2ffa2667da. Frozen binaries candidate 8B184AC3B32E20309F98D3CF5A2CF1A71C5D15ECA374EE8A8B99063D7ACC762D parent C8D68941D6317D207811D3C3C7BC60CC30420E3034055803E48BB0B4545A81E6.","Rejected on road-containing fixed protection: 1/32/3, zero invalid/emergency, gain/loss 2/6, tails +2/-4; losses in rare-brand tier3 -1, overnight tier3 -4 and threshold-corridor tier2 -1. Day traces prove active plan divergence; native/BTC not run.",rejected,"Universal upper-first intake may not reopen. Only deterministic no-road semantics may be tested as a separately registered successor; no tuning on protected seeds."
SCORE-F0-DETERMINISTIC-088,2026-08-12,00711ba,frozen-working-tree-B6DF85B0,"087 proves upper-first F0 diversity is broadly positive on deterministic roadless multi-patrol matches but harmful on road/traffic maps, where a no-traffic viability upper is not calibrated to scenario-sensitive future value and adds deadline exposure.","Apply the unchanged 087 12-quality/4-upper-then-plan-distance intake only when config.roadCells is empty. This is the theorem-backed domain where ScenarioGenerator already collapses to one exact deterministic world. Road-containing maps execute the exact parent intake and avoid all additional upper computations.","No deletion or disabled functionality; 12/4 split and all caps unchanged; official comparator, W1, master, ALNS, roles, simulator and validator unchanged; road path semantic behavior and upper-call count preserved; objective public road topology only; no seed/family/fuel/opponent route; 5000 ms hard cap; local elapsed ignored; BTC final performance authority if any target-host domain exercises roadless maps.","Use the already-opened 085 development/holdout evidence without rerun for the roadless candidate lane; protected roadless one-active-patrol matrix from CEILING-MATCH-071 is read only after source freezes and cannot be tuned","Roadless multi-patrol inherited development candidate-vs-parent 4/14/0, zero invalid, tier2 gains +2,+1,+1,+1. Independent one-active-patrol protection tied parent on all 18 fixtures with hash 6c9c4ac2e6aee047.",A0EA8A417B4F63B4B5F2E0069A1948EB2C7CB9C827DC6C80A31DC1D6EE188D7B,"Roadless multi-patrol inherited 8/42/4, gain/loss 18/4, max +4 and all losses -1. Independent one-active-patrol 54-case protection tied parent exactly with hash 468afde7057cf112; zero invalid.","Frozen binary B6DF85B0410EF81E77454DBE5BCE9BF0650A0558014185EE6C1124EF1F9E1E1F. m-2029 hard 32x32 and m-2034 easy 8x8: each 10/10 HTTP200 valid, 10/10 validator agreement, 9/9 transitions, zero emergency, max solver 2988/2454 ms, replay 6/60/214 and 6/60/345, SHA256 0ADE1C005720A4D2525E49200A38D1F6697D09786740711DC474A0904229D7A9 and 0B3320FAC779AD5B97328974FF7F352861C0451B8CF8BABC01BB52108E263E04. Setups had 63/8 roads, so new branch inactive; rank ignored and no direct active-path performance claim.",accepted,"Reopen only on a new paired general-score counterexample, systematic roadless downside, invalid/emergency, active-path BTC hard-cap evidence if a roadless live setup becomes available, or source/binary drift."
PROTECT-HORIZON-SCENARIO-084,2026-08-12,7ef36949e1b166c862a30f52ecb3bd9c9fb210ea,"unchanged PROMOTE-HORIZON-SCENARIO-083 binary/source","083 won the exact road-free holdout 22/30/2 with bounded -1 tails, but 073 is explicitly inert on road maps and 072's no-tanker valid upper can still change shortlist/selection on road-containing maps. Promotion requires direct parent pairing across road traffic, roles, map scale, horizon and low/default/high fuel before BTC.","Use the historical tournament harness with frozen new seeds. Phase A: 36 generated road-containing 8x8 horizon-4/5 fixtures across six families, once fixed all-patrol and once native exhaustive. Phase B begins with 12 BTC-like 32x32 horizon-10 low-fuel fixtures fixed all-patrol, then native. If a native cross-binary lane changes scores while role masks match and both candidate mechanisms are semantically inactive, classify it as local performance-inconclusive and defer remaining native/performance lanes to BTC rather than treating compile-layout cutoff as logic evidence.","No source or binary change from 083; exact simulator and independent validator; deterministic generated configs and endogenous own plus opponent road traffic; six families; fixed mask0 explicitly exercises no-tanker path while native exhaustive protects role selection; official lexicographic score only, no weighted sum; local elapsed/throughput ignored; zero invalid/emergency; systematic causal family/fuel/role downside blocks promotion; BTC target-host remains final for latency/hard-cap authority.","Frozen manifest research/holdouts/PROTECT-HORIZON-SCENARIO-084.csv SHA256 A00548DF115C09CDED7530A7268153091354EFBDB38C57B89D9B130FE97BA1BE. External harness SHA256 parent 7EF7143531B5280826709D7EE8018C5526B73E06277994A67F25FCD6A8415AF0 candidate D0DC94ECC238808DEBBB7A4EEB3436A45069A7B56DBCD645F176E20360A7A7E6.","Phase A fixed W/T/L 4/30/2 sums 9/4; native 3/31/2 sums 13/2; combined 7/61/4, zero invalid/emergency. Phase B btc-low-fixed passed 4/8/0, gain sum 18, max +8, zero invalid/emergency across four families. Btc-low-native produced 3/1/8, gain/loss sums 78/242, but all 12 role masks matched and every mask contained a tanker; therefore 072 preserved old bounds and 073 preserved road manifests on every case. The cross-binary score spread is non-causal local cutoff/compile-layout evidence, not logic regression; invalid/emergency remained zero. Remaining local native/default/high score comparisons are not opened because they cannot resolve this performance question. Direct roadless-manifest and no-tanker-claim-cap theorem tests plus the full unit suite passed; a test-only rebuild left frozen BTC binary SHA256 784E0E8F5156E063AD572F9946BBDA7EB158C00D62D267EEB35812A434993032 unchanged.",A00548DF115C09CDED7530A7268153091354EFBDB38C57B89D9B130FE97BA1BE,"Causal fixed low lane and semantic gate accepted; native lane closed performance-inconclusive; remaining BTC-scale local rows were unnecessary because target-host tested the exact binary","m-1986 hard/3-bot/10-day/32x32/100-step/5000-ms/8-agent/12-spot/6-brand/low-fuel: mask8; 10/10 decisions and HTTP200 valid actions; zero emergency/skip/server-WAIT/invalid/hard-cap/reconciliation mismatch; max decision 3376 ms, max response 3458 ms, assignment 4623 ms; replay-check 10/10 validator agreement and 9/9 transitions; final 6/60/219; replay SHA256 7B0B83411B21550F20C4691B0EC9077FCB6E553212722BA70A3E1F1EEF706F53; rank ignored",accepted,"Reopen only on a new paired general-score counterexample, systematic protected downside, invalid/emergency, hard-cap/lifecycle failure, or source/binary drift. Do not tune on consumed 083/084 fixtures."
PROMOTE-HORIZON-SCENARIO-083,2026-08-12,7ef36949e1b166c862a30f52ecb3bd9c9fb210ea,"combined SCORE-HORIZON-072 plus SCORE-SCENARIO-073 research diff","The combined candidate closes four of seven exact development gaps with no oracle-side new loss or invalid, but it was left inconclusive solely because three unrelated future-witness gaps remain. Practical promotion requires broad paired benefit with bounded downside, not solving every known oracle gap. Parent-vs-candidate evidence has not yet been produced on the sealed 54-case holdout.","Build frozen parent 7ef3694 in an isolated external worktree and use the same score-only oracle probe source in both binaries. First compare all 18 opened development fixtures directly. Only if candidate has no paired loss or invalid, open the frozen 54-case holdout once in both binaries; report candidate-vs-parent W/T/L, first differing tier and gain/loss tails, plus each binary's distance to exact oracle. No source change is allowed between paired runs.","Official lexicographic tuple only; no weighted sum; identical manifest/probe/compiler/toolchain/config and 5000-ms internal cap; exact simulator and independent validator; candidate logic is limited to an admissible no-tanker upper and semantically exact road-free scenario collapse; road-containing behavior of 073 is byte-identical; parent worktree outside repo; local timing ignored; holdout result immutable after opening; no BTC/commit until protected matrix and target-host gates.","18 opened CEILING-MATCH-071 development fixtures, direct candidate-vs-parent pairing; require zero candidate loss/invalid and retain the known four exact-gap closures","Candidate-vs-parent W/T/L 5/13/0, all five gains tier2, gain range +1..+6 across rare-late low/default, daily-choice low/default and mountain-detour default; both binaries valid 18/18. Parent oracle W/T/L 7/11/0 hash a95f22cc225f5cf9; candidate 3/15/0 hash 6c9c4ac2e6aee047.",6329ADA27BCEF1EF6210D984C866309120AD2E9057D09D50F3A02BA300304C24,"Opened exactly once: candidate-vs-parent W/T/L 22/30/2. Twenty-one gains tier2 and one gain tier3; first-tier gain sum 51, max +6. Losses were terminal-position/default seed1310403 tier3 -1 and terminal-position/high seed1320401 tier2 -1; loss sum 2, max -1. Candidate oracle W/T/L 16/38/0 hash 468afde7057cf112 versus parent 30/24/0 hash d6db972a0f27cdd4; invalid 0 both.","Protected 084 matrix and direct semantic tests passed; exact frozen binary then passed m-1986 target-host 10/10 HTTP200 valid, 0 emergency/invalid/hard-cap, max decision 3376 ms, replay-check exact 10/10; replay SHA256 7B0B83411B21550F20C4691B0EC9077FCB6E553212722BA70A3E1F1EEF706F53",accepted,"Reopen only on a new paired general-score counterexample, systematic protected downside, invalid/emergency, hard-cap/lifecycle failure, or source/binary drift. Holdout is consumed and may not be tuned."
SCORE-FUTURE-FUEL-EXACT-082,2026-08-12,"7ef36949e1b166c862a30f52ecb3bd9c9fb210ea plus SCORE-HORIZON-072 and SCORE-SCENARIO-073 research diffs",wire-existing-fuel-constrained-exact-into-future-W1,"ATTR-ROUTE-CLOSURE-081 found six oracle active routes across four independent fixtures that are absent through cap128/paths8 and generic exact-highfuel but appear when the existing fuel-constrained exact generator is selected. Current-day production admits exact search on terminal day even when configured fuel is below two day-step budgets and then selects the canonical fuel-constrained/anytime enumerator for a constrained patrol. Provisional/W1 future generation requires configured fuel at least two day-step budgets and leaves both fuel-constrained flags false, so evaluator capability is inconsistent with the planner it ranks.","In all three future-generation option blocks, mirror the current-day public terminal exception in enableExactHarvestOrienteering. If harvest mode exceeds 6, the simulated future day is terminal, and any patrol has remaining fuel below two day-step budgets, enable the existing fuel-constrained exact and anytime resource enumerator. Keep every cap, candidate count, deadline and comparator unchanged.","Completes existing canonical capability wiring; no new solver/dispatcher/seed/family/fuel threshold; condition uses only agent kind/current fuel/day steps/terminal day and matches current-day production; same generator/master/simulator/validator; exact workers remain bounded by the existing candidate deadline and incomplete work cannot bypass certification; official lexicographic score only; invalid 0; holdout sealed until development improves; local elapsed ignored; BTC 5000 ms mandatory after protected gates.","Same opened 18-match CEILING-MATCH-071 development; require fewer than three oracle wins with no reopened tie, no head loss and invalid 0; record first changed tier and traces","Oracle W/T/L 3/15/0, invalid 0, tier2 3, result hash 6c9c4ac2e6aee047; exactly unchanged from 072+073. Fuel-exact route availability alone did not change a retained W1 witness, shortlisted candidate or final official score.",6329ADA27BCEF1EF6210D984C866309120AD2E9057D09D50F3A02BA300304C24,"sealed; development gate failed, not opened","not run: no exact development output change",rejected,"Reopen only with a new independent trace proving a terminal fuel-constrained route reaches W1 master selection but is omitted solely by flag wiring; do not change caps/order on the 081 cohort."
ATTR-ROUTE-CLOSURE-081,2026-08-12,"7ef36949e1b166c862a30f52ecb3bd9c9fb210ea plus SCORE-HORIZON-072 and SCORE-SCENARIO-073 research diffs",read-only-oracle-route-capability-lattice,"ATTR-WITNESS-076 found one terminal-position day-5 oracle patrol route still absent at cap32 and four paths per target, while 079/080 proved that blindly adding cap16 full rollouts cannot expose the known offline upside under the 5000-ms production engine. It is unknown whether the remaining route is pruned by a width boundary, omitted by a specific existing generator capability, or structurally absent from all canonical sources.","On every oracle transition in the already-opened 18-case development cohort, not only the three losing fixtures, test exact active-route membership across one fixed ordered capability lattice: production W1; cap16; cap32/paths4; cap128/paths8; then the existing uncached-harvest/orienteering, exact-orienteering, fuel-constrained exact and anytime fuel-constrained capabilities with generous structural deadlines. Report the first stage that contains the exact route plus route features; do not rank or select a production plan. The order is attribution precedence, not a claim that algorithm-switching stages are set-monotone.","Read-only research probe only; no production source/selection/score/simulator/validator/deadline change; exact plan equality and dual validity; same public capability switches for all families/fuels/seeds; no per-fixture threshold; no local performance claim; holdout sealed. A source successor is forbidden unless the same missing-capability class occurs in at least two independently generated development fixtures and can be enabled without duplicate solver paths.","All 18 opened CEILING-MATCH-071 development fixtures; route attribution only, with results stratified by family/fuel/day","81 dual-valid oracle transitions: first membership W1 25, cap16 23, cap32/paths4 4, cap128/paths8 2, fuel-exact 6, absent 21. Fuel-exact recovered routes in four independent fixtures: balanced-low 1300000 days 2-4, rare-late-default 1310100 day 3, terminal-position-default 1310400 day 5, and fuel-allocation-high 1320300 day 4. The target terminal route is therefore part of a repeated capability class, not a unique seed exception.",6329ADA27BCEF1EF6210D984C866309120AD2E9057D09D50F3A02BA300304C24,"sealed; attribution only","not-applicable",accepted,"Reopen only if a new oracle route is absent through the full fixed lattice or current-day fuel-exact semantics change. The 21 absent routes do not authorize source work without exact-score counterexamples."
SCORE-WITNESS-UPPER-SKIP-080,2026-08-12,"SCORE-WITNESS-DUAL-079 research diff on 7ef3694 plus 072+073",skip-provably-closed-optional-scenarios,"079's unlimited structural probe contains better trajectories, but the 5000-ms production-deadline development engine changed no score. Earlier W1 candidates/scenarios may spend their slices on optional work even when their retained exact score already reaches the scenario valid upper, leaving less shared certification time for a later actionable upside candidate.","Before either optional rollout, if the baseline outcome score is lexicographically at least its authoritative scenarioValidUpperBound, skip both. 079 replaces only on strictly greater official score, so no skipped rollout can alter score or retained witness. All non-closed scenarios keep the complete dual-rollout mechanism unchanged.","Proven byte-equivalence for every skipped scenario: same baseline witness object, score and comparator input because valid upper forbids strict improvement and equal outcomes were never accepted; no capability removal for open-gap scenarios; no threshold beyond existing certified bound; no seed/map/fuel/family route; all 079 deadlines/caps/validation unchanged; local timing ignored; BTC final.","Same opened 18-match development, used only to see whether semantically dead work prevented actionable candidate completion; require fewer than 3 oracle wins, no reopened tie, invalid 0","Oracle W/T/L 3/15/0, invalid 0, tier2 3, result hash 6c9c4ac2e6aee047; exactly unchanged from 072+073 and 079, so no previously incomplete useful trajectory became observable.",6329ADA27BCEF1EF6210D984C866309120AD2E9057D09D50F3A02BA300304C24,"sealed; development gate failed, not opened","not run: no causal development gain and ranking cannot establish optional-work completion",rejected,"Reopen only with a new independent counterexample proving authoritative upper-bound work starvation can change exact output under the public 5000-ms cap; do not retune skips on these opened fixtures."
SCORE-WITNESS-DUAL-079,2026-08-12,"7ef36949e1b166c862a30f52ecb3bd9c9fb210ea plus SCORE-HORIZON-072 and SCORE-SCENARIO-073 research diffs",additive-cap16-dual-W1-rollout,"ATTR-WIDE-078 proves cap16 greedy exactly closes daily-choice while cap16 valid-upper guidance exactly closes fuel-allocation and improves terminal-position. SCORE-WITNESS-COLUMNS-077 regressed only because it replaced rather than retained old witnesses; neither optional trajectory alone dominates the other.","After completing every original W1 scenario witness with unchanged cap/portfolio, attempt two separately bounded cap16 full future rollouts per non-fallback scenario using the same generator/master/simulator/validator and original master combination limits: current-score greedy front and candidate-state FastViability-valid-upper guidance. Replace a scenario outcome only by the best complete dual-valid final official score among baseline and both optional witnesses.","Strict scenario-level exact-score dominance over all old witnesses; baseline pass for all scenarios completes first; cap16 is frozen from ATTR-076 common capability boundary; no cap/beam/tie-break tuning; no direct current-day selection or full proof; no route algorithm/role/traffic/simulator/validator/score/risk-policy change; optional work stays inside each existing W1 candidate deadline and validation floor; timeout/incomplete/worse retains baseline; no seed/map/fuel/family dispatcher; local elapsed ignored; BTC 5000 ms mandatory before promotion.","Opened 18-match CEILING-MATCH-071 development: require fewer than three oracle wins, no reopened prior tie, invalid 0, and paired final-score gains attributable to improved exact witnesses","Oracle W/T/L 3/15/0, invalid 0, tier2 3, result hash 6c9c4ac2e6aee047; exactly unchanged from 072+073 despite offline complete-trajectory upside, so the registered development improvement gate failed.",6329ADA27BCEF1EF6210D984C866309120AD2E9057D09D50F3A02BA300304C24,"sealed; development gate failed, not opened","not run: no exact output change to attribute on target host",rejected,"Reopen only for a new independent general counterexample where a bounded additive trajectory changes exact output at 5000 ms; cap/beam/guard retuning on these three residual fixtures is forbidden."
ATTR-WIDE-078,2026-08-12,"7ef36949e1b166c862a30f52ecb3bd9c9fb210ea plus SCORE-HORIZON-072 and SCORE-SCENARIO-073 research diffs",read-only-wide-portfolio-full-trajectory-probe,"ATTR-WITNESS-076 proves cap16 restores seven missing continuation routes, but SCORE-WITNESS-COLUMNS-077 proves replacing the old W1 portfolio with cap16 greedy repair regresses another fixture. Before implementing optional dominance-preserving work, it is unknown whether a cap16 resource-upper-guided full trajectory can actually improve any residual exact witness.","From each exact oracle day-1 candidate in the three residual fixtures, run complete future rollouts with maximumColumnsPerAgent=16 and unchanged detailed/terminal target settings plus master combination caps. Compare current greedy-front selection with selection by candidate-state FastViability valid upper, then current exact score/terminal slack/stable ID. Reconstruct and dual-validate every day and report final official score/trace against original W1 and oracle.","Read-only research probe; no production source/selection change; existing generator/master/analyzer/simulator/validator only; fixed cap16 because it is the proven common feature boundary, no cap tuning; official score only; no seed condition; local elapsed ignored; opened development attribution only; holdout sealed.","Only residual seeds 1300200, 1310300, 1310400","Seed 1300200 baseline/greedy/guided/oracle = 3/7/8, 3/9/10, 3/9/9, 3/9/10. Seed 1310300 = 5/12/12, 5/14/14, 5/16/16, 5/16/16. Seed 1310400 = 4/12/13, 4/12/14, 4/13/13, 4/15/16. All full trajectories dual-valid; greedy and guided are complementary.",6329ADA27BCEF1EF6210D984C866309120AD2E9057D09D50F3A02BA300304C24,"sealed; attribution only",not-applicable,accepted,"Reopen only if a new cap16 full-trajectory counterexample is not covered by either greedy or valid-upper guidance. Any source successor must retain every original scenario witness first."
SCORE-WITNESS-COLUMNS-077,2026-08-12,"7ef36949e1b166c862a30f52ecb3bd9c9fb210ea plus SCORE-HORIZON-072 and SCORE-SCENARIO-073 research diffs",wire-full-W1-column-capability,"ATTR-WITNESS-076 proves eight oracle continuation days lose the active patrol route before master ranking. Seven exact routes reappear when only the per-agent column cap is widened, with thresholds up to 16. W1 currently requests harvest extensions but cap 3/2 makes the generator's 12..16 harvest-extension block and cap-12/16 triple/quadruple sources unreachable.","Set maximumColumnsPerAgent=16 in both detailed and terminal FutureWitnessRepairer generation. This is the smallest common structural boundary that activates all existing multi-stop and harvest-extension sources and retains all seven cap-recoverable oracle continuations. Keep target/path/escort settings and master operation caps unchanged.","No new route heuristic or solver; no direct current-day selection; only wire already-designed future sources; master maximumCombinations remains 100 detailed / 25 terminal and maximumCandidates remains 1; exact simulator/validator/score/scenario/comparator unchanged; absolute W1 and 5000 ms deadlines unchanged; no seed/map/fuel/family dispatcher; local elapsed ignored; zero invalid; holdout sealed until development clears; BTC target-host performance mandatory before promotion.","Opened 18-match CEILING-MATCH-071 development: require oracle wins below 3/15/0 with no reopened tie or invalid; report per-stratum gain and residual route/value gap","Oracle W/T/L worsened from 3/15/0 to 4/14/0. All three residual gaps remained; rare-late/low reopened at tier-2 +2; invalid 0; result hash a4b38642a336b758. Wider columns changed the greedy lower witness instead of dominating it.",6329ADA27BCEF1EF6210D984C866309120AD2E9057D09D50F3A02BA300304C24,"sealed; not opened because development regressed",not-applicable,rejected,"Do not widen W1 columns as an in-place replacement again. Reopen only as optional post-baseline work after a read-only full-trajectory probe proves strict improvement; cap values above 16 may not be tuned on this opened split."
ATTR-WITNESS-076,2026-08-12,"7ef36949e1b166c862a30f52ecb3bd9c9fb210ea plus SCORE-HORIZON-072 and SCORE-SCENARIO-073 research diffs",read-only-future-portfolio-master-attribution,"SCORE-WITNESS-075 preserved the old lower witness but its admissible-upper-guided continuation changed no outcome. It is unknown whether exact oracle continuation routes are missing from column generation, present as columns but absent from bounded master retention, or retained and still misvalued by rolling-horizon witness selection.","For each of the three residual CEILING-MATCH-071 development fixtures, evaluate the exact oracle day-1 plan as a MasterCandidate and run unchanged provisional plus W1 repair. Reconstruct the certified future witness. Then replay the oracle trajectory and, with production W1 generation options/caps, record per future day: per-agent exact route membership in RoutePortfolio, exact team-plan dual validity/stable ID, bounded master retention, front candidate score/terminal fuel, and first witness divergence.","Read-only research probe only; no production source or selection change; exact simulator plus independent validator; same route generator/master/harvest mode and fixed W1 caps; official score only; no local timing claim; no seed-derived production condition; opened development attribution only; 54-match holdout sealed.","Only the three already-open residual counterexamples: daily-choice/low 1300200, fuel-allocation/default 1310300, terminal-position/default 1310400","All oracle continuations dual-valid. Eight missing days had active route absent at production cap (mask 011) and no exact/equivalent master-32 outcome. Seven routes reappeared by widening only max columns, first at caps 12,12,8,8,16,4,12; terminal-position day5 remained absent at cap32/path4. W1 cap3/2 also makes designed harvest extension (requires 12..16), triple (12) and quadruple (16) generation unreachable.",6329ADA27BCEF1EF6210D984C866309120AD2E9057D09D50F3A02BA300304C24,"sealed; attribution only",not-applicable,accepted,"Reopen only if a new counterexample has exact active route present in the production-cap portfolio but absent from master retention, or if the remaining cap32/path4 terminal route needs separate attribution."
SCORE-WITNESS-075,2026-08-12,"7ef36949e1b166c862a30f52ecb3bd9c9fb210ea plus SCORE-HORIZON-072 and SCORE-SCENARIO-073 research diffs",additive-resource-guided-W1-rollout,"SCORE-WITNESS-074 proved that sharing the old cap across beam branches destroys the old lower witness. The residual CEILING-MATCH-071 gaps still arise after exact first-day resource states enter W1 because maximumCandidates=1 greedily optimizes each future day; an admissible no-tanker resource upper already distinguishes some costly current gains from fuel-preserving states.","Run the complete existing greedy repair for every scenario first with unchanged cap and portfolio. Only after that pass, attempt one additional fixed-cap future rollout using the same generator/master/simulator/validator; at each future day rank simulator-valid master candidates by FastViability candidate-state upper, then current exact score and stable keys. Reconstruct the full trajectory and replace a scenario witness only if its final official score is lexicographically greater.","Strict exact-score dominance over the complete old scenario witness by construction; baseline scenarios are all computed before optional work; no beam and no cap sharing; no direct current-day selection; no full proof; no route/role/traffic/simulator/validator/score change; fixed candidate-independent extra cap inside the existing W1 absolute deadline and validation floor; timeout/incomplete/worse rollout preserves baseline; no seed/map/fuel/family dispatcher; local elapsed ignored; holdout sealed until development clears; BTC 5000 ms mandatory before promotion.","Reuse opened 18-match CEILING-MATCH-071 development only to falsify: require oracle gaps below 3/15/0, no reopened gap, no invalid, and exact baseline witness preservation","Exact dominance held but no development result changed: oracle W/T/L 3/15/0, invalid 0 and result hash 6c9c4ac2e6aee047, byte-identical to combined 072+073. No residual gap shrank and no selected action changed; 278 extra source lines and optional W1 work had zero demonstrated value.",6329ADA27BCEF1EF6210D984C866309120AD2E9057D09D50F3A02BA300304C24,"sealed; not opened because development did not improve",not-applicable,rejected,"Do not retune candidate cap, upper-bound tie-break or rollout width on this opened split. Reopen only after read-only attribution proves a different missing capability or a new admissible lower-bound mechanism; the complete old witness must remain authoritative."
SCORE-WITNESS-074,2026-08-12,"7ef36949e1b166c862a30f52ecb3bd9c9fb210ea plus SCORE-HORIZON-072 and SCORE-SCENARIO-073 research diffs",bounded-lex-consistent-W1-beam,"Combined 072+073 reduces CEILING-MATCH-071 development oracle gaps from 7 to 3 without a new loss, but fuel-allocation/default and terminal-position/default already certify the exact first-day resource state with final lower bounds 5/12 and 4/12 while complete continuation reaches 5/16 and 4/15. FutureWitnessRepairer requests maximumCandidates=1 and commits candidates.front independently each future day, so its certified witness is valid but rolling-horizon greedy.","Within each W1 candidate/scenario and the existing absolute deadline/operation budget, retain a small recourse beam across future days. For every branch generate a bounded current-day candidate set with the same generator/master; keep the best cumulative exact-score branch and the best candidate-specific FastViability valid-upper branch when distinct. Split the pre-existing per-day combination cap across live branches, never borrow from W0/validation, reconstruct full future plans, and select the best final exact witness. This reuses the canonical master/simulator/validator/value bound rather than a second solver.","No full proof in critical path; no direct source candidate selection; no route/role/traffic/simulator/validator/official-score change; greedy exact-score branch is retained so the old certified lower witness remains available; fixed beam and fixed total operation cap are candidate-independent; all emitted witness plans dual-valid; absolute W1 and 5000 ms caps unchanged; no seed/map/fuel/family dispatcher; local elapsed ignored; holdout sealed until development clears.","Opened 18-match CEILING-MATCH-071 development: require the three residual gaps to shrink with zero new gap/invalid; compare causal per-day traces and final certified lower bounds","Oracle W/T/L regressed from 3/15/0 under combined 072+073 to 6/12/0. No residual gap closed; terminal-position/default widened from tier-2 +3 to +4 and three closed gaps reopened. Invalid 0; result hash 4c781fad088b38f5. Cap splitting changed the exact-score branch portfolio, falsifying the claimed old-witness dominance.",6329ADA27BCEF1EF6210D984C866309120AD2E9057D09D50F3A02BA300304C24,"sealed; not opened because development regressed",not-applicable,rejected,"Reopen witness recourse only with a construction that first reproduces and retains the complete old greedy witness using its original cap/portfolio, then adds separately bounded work without seed/family tuning. The rejected beam width/cap split may not be tuned on this opened development set."
SCORE-SCENARIO-073,2026-08-12,"7ef36949e1b166c862a30f52ecb3bd9c9fb210ea plus SCORE-HORIZON-072 research diff",deterministic-no-road-scenario-collapse,"SCORE-HORIZON-072 causally moves the exact seed-1310500 candidate into W1 and certifies it, but final selection still loses because every road-free day receives likely:5000 plus fallback-pessimistic-bound:5000. The fallback has no distinct transition when roadCells is empty, yet pins the 50-percent quantile/certified lower bound to scoreAfterToday and forbids any current-score sacrifice.","When and only when the authoritative config has zero road cells, freeze one deterministic traffic scenario with weight 10000 and no pessimistic fallback. Traffic affects only road movement status, so all possible opponent footprints/carry induce identical state transitions in this domain. Preserve the complete public exposure/adversarial/fallback generator byte-for-byte for every config containing a road. Combine with the admissible no-tanker resource upper from SCORE-HORIZON-072, then use unchanged provisional/certified witness repair and final comparator.","No planner/route/master/role/simulator/validator/score/deadline reduction; no uncertainty is discarded because road-free traffic is semantically inert; every road-containing map retains the existing scenario manifest exactly; no seed/family/fuel threshold; official lexicographic selection and dual validation; 5000 ms hard cap; local elapsed ignored; holdout remains sealed until all 18 development matches improve without new losses.","Opened CEILING-MATCH-071 development 18 matches","Target seed manifest became deterministic-no-road:10000 and HEAD reproduced the five-day exact oracle byte-for-byte at 5/20/20. Across all 18 matches oracle W/T/L fell from 7/11/0 to 3/15/0; no new loss or invalid; maximum gap fell from tier-2 +6 to +3; result hash 6c9c4ac2e6aee047. Four gaps closed, but three remain due greedy future witness continuation.",6329ADA27BCEF1EF6210D984C866309120AD2E9057D09D50F3A02BA300304C24,"sealed; not opened for a still-incomplete combined candidate",not-applicable,inconclusive,"Retain as a semantically exact prerequisite in SCORE-WITNESS-075. Reopen standalone only if future witness quality can be evaluated independently; road-containing scenario behavior must remain unchanged."
SCORE-HORIZON-072,2026-08-12,7ef36949e1b166c862a30f52ecb3bd9c9fb210ea,resource-admissible-horizon-upper,"CEILING-MATCH-071 proves seven multi-family tier-2 losses under finite match fuel. On seed 1310500 the exact day-2 action is already present in F0 at 5/9/9 terminal 29 fuel 8 but remains not-shortlisted; selected 5/10/10 terminal 26 fuel 4 receives coarse upper 5/25/25 versus 5/24/24 because candidate_valid_upper_bound adds the same remainingDays x brandCount allowance and then preserves current-score ordering.","Tighten the existing FastViabilityAnalyzer daily-distinct and servings upper bounds only when no tanker exists. For each patrol whose current fuel-feasible component contains a spot, at most one no-movement claim is possible at each remaining day start and every additional claim requires a completed movement costing at least one fuel; therefore its remaining claim capacity is at most remainingDays plus current fuel. Sum patrol capacities and cap the existing remainingDays x brandCount / per-day-stock bounds. With any tanker retain the old coarse upper because refuel invalidates a current-fuel cap. Let unchanged upside shortlist, certified witness repair and final comparator use the tighter valid bound.","Mathematically admissible upper-bound tightening only; no lower bound or direct candidate selection; no route/master/ALNS/role/simulator/validator/score/deadline change; no candidate removed; official lexicographic final choice only; no seed/map/family/fuel dispatcher or threshold; tanker/refuel path preserves old bound; 5000 ms hard cap; zero invalid/emergency; protected lane regressions quantified before BTC; local elapsed has no performance authority.","Opened CEILING-MATCH-071 development target seed 1310500 for causal repair","The upper bounds changed as predicted: greedy 5/10/10 terminal fuel 4 tightened from 5/25/25 to 5/17/17 while exact-action 5/9/9 terminal fuel 8 became 5/20/20. The exact action entered W1 and certified, proving causal shortlist repair, but its certified lower bound remained 5/9/9 and final score stayed 5/14/14 because an unrelated road-free pessimistic fallback pinned the lower quantile. Correct but insufficient standalone.",6329ADA27BCEF1EF6210D984C866309120AD2E9057D09D50F3A02BA300304C24,"sealed; not opened for an insufficient standalone candidate",not-applicable,inconclusive,"Retain only as a mathematically admissible prerequisite inside SCORE-SCENARIO-073. Reopen standalone only if scenario semantics change independently and the bound can be evaluated without the false road-free fallback."
CEILING-MATCH-071,2026-08-12,7ef36949e1b166c862a30f52ecb3bd9c9fb210ea,read-only-complete-small-match-oracle,"CEILING-ORACLE-070 closed terminal route/team allocation on fresh fixed-role states but did not test whether the multi-day value function allocates fuel, lifetime brands, daily distinct and terminal position optimally across an authoritative trajectory.","Generate independently frozen road-free 8x8 matches of 4 or 5 days with three fixed patrols: one active patrol in the spot component and two patrols isolated by impassable terrain. Exhaustively enumerate every resource-feasible active-patrol day outcome and dynamic-program the complete match over position, remaining fuel, lifetime brands and lexicographic accumulated score; reconstruct all day plans and require exact simulator plus independent validator agreement. Compare unchanged HEAD at 5000 ms per day on the identical trajectory.","No production source change; official lexicographic score only; exact active action space with proof-complete state transitions; inactive agents have only WAIT-feasible components and cannot score; no road removes traffic-history ambiguity without disabling traffic logic in production; all three agents remain official patrols; low/default/high total-match fuel and horizons 4/5; every plan dual-valid; no seed/family dispatcher; local elapsed ignored; holdout opens once only after development proof integrity.","18 fresh matches: one per six family x three fuel strata; stop for attribution on any repeatable dual-valid oracle win","Oracle W/T/L 7/11/0; all seven wins are tier 2 with daily-distinct gains +2..+6 and no lifetime regression. Low 2/4/0, default 5/1/0, high 0/6/0. Seed 1310500 reproduced identically three times at 5/14/14 versus exact 5/20/20; first plan divergence day 2. Its 42036 retained daily outcomes across 939 physical-day enumerations all agreed with exact simulator and independent validator. Development result hash a95f22cc225f5cf9; evidence research/evidence/CEILING-MATCH-071-development.md.",6329ADA27BCEF1EF6210D984C866309120AD2E9057D09D50F3A02BA300304C24,"sealed because development gap was consumed by attribution and successor gate; successor PROMOTE-HORIZON-SCENARIO-083 opened its own authorized holdout and was committed as 00711ba",not-applicable,resolved-by-083,"Closed. SCORE-HORIZON-072 plus SCORE-SCENARIO-073 became PROMOTE-HORIZON-SCENARIO-083, passed paired5/13/0 development,22/30/2 holdout with bounded -1 tails, protected/BTC gates and commit00711ba. Reopen only from a new independent current-HEAD counterexample; never rerun071 as an open axis."
CEILING-ORACLE-070,2026-08-12,7ef36949e1b166c862a30f52ecb3bd9c9fb210ea,read-only-complete-terminal-oracle-sweep,"FINAL-QUEUE-065 is a promoted competition build but diverse real opponents are unavailable and no post-promotion exact counterfactual sweep has tested whether the fixed-role terminal planner still leaves a feasible official-score gap on fresh states.","Generate 144 preregistered 8x8 terminal states across six structural families and low/default/high fuel. Keep four fixed patrols, run unchanged HEAD at the 5000 ms internal cap, enumerate every inclusion-maximal resource-feasible spot mask for every patrol to proof completion, solve the stock-capped team combination exactly under the official lifetime/daily/servings order, reconstruct a witness and require both independent engines to agree.","No production source change; official lexicographic score only; no weighted sum; fixed all-patrol roles make tanker/refuel coupling absent; exact complete resource frontiers; exact stock-capped team DP; HEAD and oracle witnesses must be dual-valid; no seed/map/family dispatcher; local elapsed ignored; 5000 ms remains the HEAD cap; holdout opens once and cannot be retuned.","36 frozen fixtures: two per family x fuel stratum; only harness completeness and causal gap discovery","After correcting a pre-evidence generator bound from 14..18 to the published 16..20 daySteps range, all 36/36 fixtures tied the complete oracle; oracle wins/head wins/incomplete/invalid all 0; 18/18 family-fuel strata clean; result hash 151496ca6d63ee47.",6C738A9E9B811C27A2AA7A25405BFFDBED971B0E929B330C330ABE99AC45B0B5,"One-time holdout opened only after development passed: 108/108 exact ties; oracle wins/head wins/incomplete/invalid all 0; all 18 family-fuel strata clean; result hash 6b4fecc3cc1eec37. Combined 144/144 ties. Evidence research/evidence/CEILING-ORACLE-070.md.","not-applicable: read-only semantics/optimality audit; local elapsed discarded",accepted,"Reopen this fixed-role terminal axis only for a new dual-valid exact counterexample, a proof defect in inclusion-maximal resource enumeration or stock-capped team DP, or an independently generalized terminal domain with tanker/refuel coupling. Proceed to a separately frozen full-match small-instance oracle; do not retune these opened fixtures."
ATTR-OPPONENT-069,2026-08-11,"UDON-SHIELD 7ef36949e1b166c862a30f52ecb3bd9c9fb210ea; external peer thing-or-think/hexudon-procon 1f0d22efdf5cb8d74b9a263fecfb9fa5cf85bf4d","read-only peer long-compute reversal test on one prior UDON win","ATTR-OPPONENT-068 selected a prior peer win and therefore could not answer whether extra peer compute can overturn a fixture UDON previously won. ATTR-OPPONENT-067's closest both-valid BTC-like UDON win was low-fuel high-stock seed 72004 fixed: UDON 6/60/416 versus peer 6/60/404.","Replay exactly that prior UDON win. Keep UDON at 5000 ms and give the unchanged peer 45000 ms under production-default, whole-match-MLNS-fuel-aware and release-b-all profiles. Judge actions through the common exact simulator and independent validator; compare the contemporaneous UDON result with the best valid peer profile.","No production source change; no copied peer code; fixed one-tanker-last roles; same map, traffic, fuel and authoritative next-day state; official lexicographic score only; invalid peer output cannot win; local elapsed has no BTC performance authority; this one opened fixture cannot support general promotion.","single prior UDON-winning fixture attr-opponent-066-low-btc-large-high-stock-seed-72004 fixed lane","External harness ran sequentially with unchanged solver sources. UDON ran once at 5000 ms; the peer ran production-default, whole-match-MLNS-fuel-aware and release-b-all at 45000 ms. All four outputs passed the common exact simulator and independent validator.",B469189A5B192772A352A48C54F47183D956FA51721AC04ED390D52D02A8740D,"UDON valid 6/60/489. Peer production-default valid 6/60/448; whole-match-MLNS-fuel-aware valid 6/60/448 with 7/9 robust epochs complete; release-b-all valid 6/60/414. Best valid peer loses to UDON by 41 servings at tier 3. All peer profiles had private/common semantic mismatch on 9/10 days and stayed inside the requested local 45000 ms window. Prior opened score was 416 versus 404; cross-run score movement is confounded and not causal compute evidence. Evidence SHA256: report DC211EE245E9D0517359F0BE940BD54A0AB8E4FE04BE1D2B837F6C40C766D59B; raw A354B820DA08C8A924D1C3F366FC1A33E087FCE21520D439C3C8BE7247115531; profile telemetry BB2763F242BA8B8F7CBD741E617E370383276229A6769F47513707DC1D502555.","not-applicable: local search-quality attribution only",accepted,"Reopen only if a frozen peer profile was wired incorrectly or the common evaluator semantics are disproven. This one fixture cannot authorize a UDON source change or general claim."
ATTR-OPPONENT-068,2026-08-11,"UDON-SHIELD 7ef36949e1b166c862a30f52ecb3bd9c9fb210ea; external peer thing-or-think/hexudon-procon 1f0d22efdf5cb8d74b9a263fecfb9fa5cf85bf4d","read-only peer compute-ceiling attribution on one known counterexample","ATTR-OPPONENT-067 gave the peer a 59-serving tier-3 win on the low-fuel BTC-like overnight fixed-role fixture, but the peer implementation is designed around a 45000 ms daily profile and may have been truncated by the common 5000 ms window.","Replay exactly that opened counterexample once. Keep UDON at its mandatory 5000 ms internal cap; give the peer 45000 ms per day and test three published/configurable profiles: production default, whole-match MLNS plus fuel-aware repair, and release-b-all. Judge every emitted action only with the common UDON exact simulator and independent validator; compare UDON with the peer's best valid official score as an intentionally peer-favorable oracle upper bound.","No production source change; no copied peer code; fixed one-tanker-last roles; same map, traffic, fuel and authoritative next-day state; official lexicographic score only; invalid peer output cannot enter the oracle; local elapsed is not BTC performance evidence; this opened counterexample cannot promote or tune UDON.","single known counterexample attr-opponent-066-low-btc-large-overnight-seed-72005 fixed lane","External harness only was parameterized for separate budgets and published peer profiles. UDON ran once at 5000 ms; peer profiles ran sequentially at 45000 ms with no concurrent load. Whole-match robust evaluation completed on all 9 future-bearing days; release-b-all reached day 8 before common-evaluator rejection.",627BA277755FF9D11D988E92C5C80220E9700985FD6ADACA41D67CA8EE12E72E,"UDON valid 6/60/418. Peer production-default valid 6/60/462; peer whole-match-MLNS-fuel-aware valid 6/60/462 with 9/9 robust epochs complete; peer release-b-all invalid on day 8 with code 8 agent 2 step 47 insufficient fuel. Oracle best valid peer wins by 44 servings at tier 3. Both valid peer profiles had private/common semantic mismatch on 10/10 days. Earlier 5000 ms row was UDON 6/60/379 versus peer 6/60/438; cross-run score deltas are confounded by local wall-clock variance and are not causal compute evidence. Evidence SHA256: report 21705C0F4A84A5928FAD768CB9E052822F6AD2C4629A436618FF14E30A75F63C; raw C639BA249A6829FAA9D88B8A2B667D8966F24B7A9EF96B72AA55A09809A0AD55; profile telemetry 49E04E2ECEAD2C3F901E0658716F6F428E49DEF3C22B7CF0D842FA9391A91A5B.","not-applicable: local diagnostic of search-quality headroom only; no target-host latency claim","accepted","Reopen only if a peer profile/configuration was wired incorrectly or the common evaluator semantics are disproven. Never generalize this one opened counterexample into promotion evidence or a UDON optimization axis."
ATTR-OPPONENT-067,2026-08-11,"UDON-SHIELD 7ef36949e1b166c862a30f52ecb3bd9c9fb210ea; external peer thing-or-think/hexudon-procon 1f0d22efdf5cb8d74b9a263fecfb9fa5cf85bf4d","read-only action-output A/B after ATTR-OPPONENT-066 revealed peer self-evaluator divergence","Measure the peer exactly as its published planner emits actions, but score those actions only by the common UDON official evaluator. The previous first fixture is excluded because it was consumed by semantic preflight.","No source change to either solver. Translate the same official-valid map/state/traffic into peer input; use peer planner output unchanged; convert only wire-identical actions; accept and score only through UDON exact simulator plus independent validator. Report the peer self-evaluator divergence separately, never repair or compensate it.","No production source change; no copied peer code; frozen remaining fixtures only; official lexicographic comparison only; zero externally invalid output is a hard failure; 5000 ms cap passed to every solver/role entry point; same map/traffic/fuel/horizon/lane within pairs; no dispatcher; local elapsed is not runtime evidence; BTC remains final performance authority.","fresh holdout after compatibility preflight: 23 structural fixtures x fixed/native = 46 pairs","Adapter semantic preflight closed under ATTR-OPPONENT-066. The successor alternated pair order and fed common-evaluator authoritative state into the next day while preserving the peer planner's private persistent state. Targeted reruns reproduced 6 of 7 observed peer invalids as InsufficientFuel; the seventh high-fuel threshold sample was cutoff-sensitive/transient.",EDA237490DC2C94239ECE93B85CE3DCE2B2EC459374FC68D34D6E776C1F8F47A,"UDON W/T/L 40/0/6 over 46 pairs; both-valid score W/T/L 33/0/6 over 39; fixed 19/0/4; native 21/0/2; UDON invalid 0 and peer invalid observed 7. First differing tier: UDON 6 wins at tier 2 and 27 at tier 3; peer 6 wins all at tier 3. Fuel slices: generated 10/0/0, low 8/0/4, default 10/0/2, high 12/0/0. Peer self-semantic parity failed 45/46 runs across 338 mismatch-days. Evidence SHA256: report EC4B5DE0BB3D7BF4A7111DE29251DA63156EB3B1522F39FA4540D3A41A845A07; raw A2095F903458D53048159F5E76A9FCCE29636AB06FF15F842353B7D8EBA1FDBC; pairs A24A04C95D0D0227B3A1BE8190E56FBFD068EBFC30B87EFA6A0BA6A2E2F7BC7A; diagnostics 2EAF559DDDC6D590911477278C41D6F1654EF2563DD92A023A792F3B530E2182.","not-applicable: this is a logic/strength comparison only; local elapsed has no target-host performance authority","accepted","Reopen this external comparison only if the peer commit changes, the common scoring semantics are disproven, or a broader independently frozen suite contradicts the result. Do not use peer heuristics or its narrow wins to open a UDON optimization axis without an independent UDON telemetry/counterexample."
ATTR-OPPONENT-066,2026-08-11,"UDON-SHIELD 7ef36949e1b166c862a30f52ecb3bd9c9fb210ea; external peer thing-or-think/hexudon-procon 1f0d22efdf5cb8d74b9a263fecfb9fa5cf85bf4d","read-only external A/B adapter outside production tree","Architecture inspection alone cannot establish comparative strength. Run the two unmodified solvers on the same official-valid generated maps, traffic law, role lane and 5000 ms cap, with a common evaluator.","Translate the frozen UDON fixture/state into the peer's published C++ core; execute each solver independently; convert peer actions into UDON DayPlan; judge both with UDON exact simulator plus independent validator. Fixed one-tanker lane isolates daily planning; native lane includes each solver's bounded role selection.","No production source change; no copied peer code; official lexicographic comparison only; zero invalid/emergency is a hard failure; 5000 ms hard cap for every day and role selection; same map/seed/traffic/fuel/horizon/role lane within each pair; no map/seed/opponent dispatcher; local elapsed is not latency evidence and BTC remains final runtime authority.","frozen external suite 24 structural fixtures x fixed/native = 48 paired matches","pilot only on consumed seed 36000 fixed lane: peer internal simulator/validator credit a patrol standing on a spot at day start, while both independent UDON engines credit only a completed move; the peer plan self-score is 7/7 but common official score is 6/6 on day 2.",D9FD6CA08AC94C985B308AB759367C174CEA3C711FBACBA27135DE8135D6AD53,"rejected before full scoring: action encoding/movement/footprint were compatible but self-evaluator score transition was not","not-applicable","rejected","Do not reuse the consumed pilot fixture or repair peer semantics. ATTR-OPPONENT-067 may compare unchanged peer actions under the common official evaluator on the remaining frozen fixtures only."
FINAL-QUEUE-065,2026-08-10,"afcd2da plus frozen canonical SCORE-QUEUE-048 binary CE37B6D06F5AD92CDB3921DCCA6CAE21A4D6E688431232A78A7E25DDEF2EE6CF","frozen clean final binary 8A8AD48AD5A9227AA43C9FF685D20CE7CA1EF657EBCDFC2A675C6FEA9A16816D","SCORE-QUEUE-048 has broad bounded paired tier-3 benefit, while target-host high-fuel no-POST tails were attributed to exact-deadline and cooperative-cancellation holes independent of queue ordering. Rejected HTTP hardening was triggered by one non-recurrent transport sample and must not contaminate the final source.","Install cardinality-first ordering only when minimumSpots is present; retain exact HTTP deadline alignment, chunked identical sentinel initialization and recursive feasibility cancellation; remove rejected HTTP retry/header option and attribution-only decision telemetry.","official lexicographic score; exact simulator and independent validator; 5000 ms internal cap; same 1600 ms reserve, 800 ms submission floor, queue caps, graph, dominance, reconstruction, worker count, action and ledger semantics; no seed/map/fuel/opponent dispatcher; no local performance claim; no functionality reduction","existing 223 frozen paired score rows; then 30 replay/300-state equivalence against frozen SCORE-QUEUE-048 before any BTC","unit passed once; final BTC SHA256 8A8AD48AD5A9227AA43C9FF685D20CE7CA1EF657EBCDFC2A675C6FEA9A16816D; 30/30 frozen replays and 300/300 states byte-identical to SCORE-QUEUE-048; zero mismatch; local elapsed ignored; design/offline evidence SHA256 ED27742A75F4C67199803D7ED8EF9838EB6B2ABCFF114DFBDC2294936E37B180/6DA98FC48FEB2103778CF4E7DC7AE77F33DC493733470A222999C4B0A7317BA0",05BCA7A18146284615B367AE84EA687BBA37557A25336950F34A20C409CD0AF3,"passed target host: all 12 explicit advanced configs matched; 120/120 HTTP-valid, 108/108 replay-reconciled, zero emergency/no-POST/fallback/retry/12002/hard-cap; max decision 2753 ms and bounded exact tail 6 ms; evidence CSV/MD SHA256 92990A8D7113CA9CA72597A6750504196E4F6DDFB10F2D00ADD7B294143060FF/8F8511E305405703D44B439F461D04676055A10E05BCC138C0AB0DE1BEDD6B21","frozen binary passed BTC low/default/high recurrence; rank ignored; one fresh real-opponent queue entry expired with no team and no match; archived human terminal controls remain 0/2/0",accepted,"Reopen only on a new paired score counterexample, systematic tier-3 downside, any invalid/emergency/no-POST/hard-cap, binary/source drift, or a fresh real-opponent loss attributable to this mechanism. Do not reopen HTTP from the single m-1864 timeout."
PERF-HTTP-064,2026-08-10,"frozen rejected PERF-HTTP-063 binary 21D9C7E6BC606C80E1B12A3886745006DE524380612E2235306C372B4EE07B6B","frozen response-header-option binary ECB20530412264CF5C4DCCC1340A163D447272A9AB28610FF7ED87A1C5AF6E85","The corrected PERF-HTTP-063 localhost fixture held the first state response headers for 3000 ms, but WinHttpSetTimeouts alone produced zero state transport retries. Official WinHTTP documentation identifies WINHTTP_OPTION_RECEIVE_RESPONSE_TIMEOUT as the request option that specifically bounds all response headers and defaults to 90 seconds.","When and only when request already receives positive ioTimeoutMs, keep WinHttpSetTimeouts and additionally set WINHTTP_OPTION_RECEIVE_RESPONSE_TIMEOUT to the identical pre-existing slice before send.","same exact 5000 ms cap, raw server deadline, 1600 ms reserve, 800 ms floor, 750 ms request slice and 220 ms poll; no planner/role/comparator/simulator/validator/ledger/score change; frozen replay equivalence; no local timing claim","source proof and corrected controlled 3000-ms header stall; BTC prohibited unless controlled gate passed","unit passed once; 30/30 frozen replays and 300/300 states byte-identical to PERF-HTTP-063; corrected fixture completed one action/ACK/result but still recorded zero state_transport_retry under the 3000 ms silent-header stall",517A3CAFE052C25E1340ECA0C46A2601130FF02789DF97174679B93201C08781,"unopened after controlled development gate failed","not-run",rejected,"Do not reopen from the single m-1864 timeout. Reopen transport only after repeated target-host evidence under a stable network and a separately frozen causal design; response-header option and GET retry are absent from final source."
PERF-HTTP-063,2026-08-10,"frozen rejected PERF-CERT-061 cancellation binary F452AA3936801A68C7E1209D95B5E1724AF8484F480BE44F6475B8677A22039F","frozen idempotent-GET-wiring binary 21D9C7E6BC606C80E1B12A3886745006DE524380612E2235306C372B4EE07B6B","ATTR-HTTP-062 proved that one retryable WinHTTP receive 12002 escapes every GET caller and terminates the match. The current session-default GET timeout is 5000 ms; m-1865 separately proves a state may arrive with only 1379 ms before endsAt, below the unchanged 1600 ms reserve.","Reuse the pre-existing frozen 750 ms transport I/O slice for each idempotent GET attempt. Catch only the already classified WinHTTP timeout/resend errors. Setup/start retain their wait/status loop; state/result treat a retryable miss as one poll miss, record telemetry and preserve idle post-ACK work. Nonretryable errors still fail closed.","same exact 5000 ms internal cap, raw server deadline, 1600 ms reserve, 800 ms floor, 220 ms minimum poll and 750 ms I/O slice; no planner/role/comparator/simulator/validator/action/assignment/ledger/score change; identical /actions retry; every GET caller remains active; frozen replay equivalence; no local timing claim; no map/fuel/bot dispatcher","source proof and corrected controlled localhost first-state response-header stall; BTC development remained unopened","unit passed once; candidate SHA256 21D9C7E6BC606C80E1B12A3886745006DE524380612E2235306C372B4EE07B6B; 30/30 frozen replays and 300/300 states byte-identical to parent; corrected localhost fixture completed exactly one action/ACK/result but a 3000 ms header stall produced zero state_transport_retry because WinHttpSetTimeouts alone did not bound response-header wait; evidence SHA256 00FF3AFF0F7AB2E0B518A20F2B31A2A1EC3A420D559A2909DF4D0554869FAE12",FB5C49FF5CCDC2AAD89C56099BFE4F17ED0731920AC59E131DAA783EAD1F6F40,"unopened after controlled development gate failed",not-run,rejected,"Retain caller wiring only as frozen research parent. Reopen through PERF-HTTP-064 with the documented response-header timeout option and a new frozen holdout; do not tune the 750 ms slice/reserve/guard or consume BTC from this candidate."
ATTR-HTTP-062,2026-08-10,"rejected PERF-CERT-061 frozen cancellation binary F452AA3936801A68C7E1209D95B5E1724AF8484F480BE44F6475B8677A22039F",read-only-idempotent-get-transport-attribution,"Default-fuel m-1864 terminated after seven accepted days with WinHTTP receive error 12002 and lost days 8-10. High-fuel m-1865 received wire day1 with only 1379 ms before endsAt, below the unchanged 1600 ms reserve. The exact GET recovery path had not been traced.","Trace WinHttpClient request timeouts and every setup/start/state/result GET caller. Distinguish confirmed transport termination from the merely consistent late-state observation; compare with the accepted bounded identical-body POST retry contract without changing source.","Read-only source and already-opened BTC evidence; official deadlines and exact 5000 ms cap unchanged; no solver/role/action/ledger/score/reserve/guard/poll/timeout/source/build/new fixture change; no local timing claim; no map/fuel/bot attribution","m-1864 direct receive-12002 lifecycle failure; m-1865 1379-ms late-state counterexample; current HTTP call graph","accepted: WinHttpClient defaults to 5000 ms receive; wait_for_get retries only HTTP statuses and does not catch transport exceptions; main /state and /result use raw GET with no retryable exception handling; one 12002 therefore escapes and terminates the process exactly as m-1864. m-1865 is consistent with a blocked/late GET but request-start telemetry is absent, so its exact cause remains unclaimed. Evidence SHA256 26DA144ECF63C843ED8E53941A06F4917344C53A328ABAAC1291706250BACDFC",not-applicable,"No holdout opened; successor requires a separately frozen manifest before source change",not-applicable,accepted,"Reopen attribution only if source wiring changes or target telemetry contradicts the uncaught GET exception path. Any successor must cover all idempotent GET callers without lowering the 1600 ms reserve or 800 ms guard and may not tune against m-1864/m-1865."
PERF-CERT-061,2026-08-10,"frozen ATTR-CERT-060 audit parent binary 2A1BDA4F9E67FC3EC70F3A4144AA14145B9DA5DF64F5DBE29C5B45CC3F203C04","frozen cancellation-propagation binary F452AA3936801A68C7E1209D95B5E1724AF8484F480BE44F6475B8677A22039F","ATTR-CERT-060 proved that future certification material crossings end in nested exact team feasibility. The recursive capacity search detects expiry every 1024 nodes but returns the same false value as ordinary infeasibility, so parent frames continue siblings and can run to the 3000000-node cap after the deadline.","Add invocation-local cancellation state. Set it only when the existing absolute-deadline poll expires; restore local spot counts and unwind every recursive frame; prevent overlap/improvement passes after cancellation. Preserve the best completed incumbent.","same deadline, poll interval, route order, bounds, memoization, node caps, beam, worker count, graph, comparator, incumbent, 1600 ms reserve and 800 ms submission floor; completed searches byte-identical; no role/score/traffic/fallback/action-format change; local elapsed excluded","ATTR-CERT-060 m-1837/m-1838 source and target-host attribution; implementation and manifest frozen before build","registered before source change; build passed with cached MSVC/CMake/Ninja toolchain; full unit suite passed once; candidate BTC SHA256 F452AA3936801A68C7E1209D95B5E1724AF8484F480BE44F6475B8677A22039F; offline evidence SHA256 F8AB1787E4400C72416D860A1F854FE87EF88E00C91EB2AE3BCFDA3CB0BCC4EA",D798DD62F7AFA090F2E2801200336B8A44768554569F7AAD50D792EA9057CD9E,"passed offline: parent/candidate replay-check stdout byte-identical on all 30 frozen low/default/high replays and all 300 states; all processes exit zero; zero invalid and zero validator disagreement; local elapsed excluded; the cancellation target also passed on all 27 target-host decisions that reached the solver, with global/nested material tails bounded to 6/10 ms","development m-1862 passed, but balanced holdout failed holistic runtime: low m-1863 was 10/10 valid and clean; default m-1864 terminated after 7/10 days with WinHTTP receive 12002 and same-match resume retrieved only final result; high m-1865 received day2 with only 1380 ms before deadline, causing one emergency and insufficient-authoritative-day-window no-POST. Aggregate 26/30 accepted actions, 24/24 observed transitions, one emergency, four missing POSTs; no replacement. Cancellation-tail causal result still passed: global max 6 ms, nested max 10 ms. Replays BE7E3753B95C3A566EA03DAC2592CBF02A36D9059A7FDDC5655EFD1F11198C2E/B4F187FD1D1B98DAD4FF8A6016131528A64DE2B497639AF03AA0DBD8E7834880/F2F28156A9CA2F84A427E61F333017ADEE9766466454C924D5FA92917808C9FC; evidence SHA256 53541BE0FD0ED26EAB77DBD0A94BBF67AB7CFBD6B27CC49AA7F12A6F58E82745",rejected,"Not promotable and no commit authorized. Retain cancellation propagation only as the frozen semantics-equivalent parent for an independently registered HTTP state-receive attribution/successor. Reopen holistic runtime only after WinHTTP receive 12002 and authoritative state arrival below the 1600 ms reserve are handled without lowering reserve/guard or changing solver semantics."
ATTR-CERT-060,2026-08-09,"rejected PERF-CERT-059 diagnostic parent binary 83EF15BE2139705ACE27B08727ED18074C8B9305E8FBD52566000BCC207B47E0","audit-only telemetry binary 2A1BDA4F9E67FC3EC70F3A4144AA14145B9DA5DF64F5DBE29C5B45CC3F203C04","Fresh target-host m-1836 kept pre-certification inside the total-minus-1600ms compute boundary on all ten days but future certification crossed it on days 3/6/8/9 by 363/47/307/218 ms; current-day exact orienteering separately overran its supplied deadline by 42 ms on day 4. Cooperative initialization is insufficient and the next operation is not attributed.","Measure existing monotone-floor, scenario setup, terminal viability, column generation with nested exact diagnostics, master, simulation, independent validation, state transition, WAIT fallback and final bookkeeping. Record call counts, elapsed microseconds, and the first phase ending after both the per-candidate slice and shared global certification deadline. Observe only; do not change any deadline or branch.","same exact deadline min(raw endsAt, receivedAt+5000ms), 1600 ms network reserve, 800 ms submission floor, candidates/scenarios/order/caps/roles/search/comparator/simulator/validator/fallback/actions unchanged; diagnostic timestamps excluded from quality and local performance claims; frozen 300-state replay-check stdout equivalence required before BTC","m-1836 target-host counterexample plus source call graph; no score tuning","diagnostic build and full unit suite passed; frozen binary SHA256 2A1BDA4F9E67FC3EC70F3A4144AA14145B9DA5DF64F5DBE29C5B45CC3F203C04; replay-check stdout byte-identical to PERF-CERT-059 on all 30 frozen low/default/high replays and 300 states with correct hashes, exit 0, zero invalid and zero validator disagreement; local elapsed excluded; evidence SHA256 183043B7992E1DA2359C965CE7D96DEE05B42F9C446FAFA9FD1236B2578D77BA",FA868D82D6880A408DC5C146293A4194EDCD59E716347787024C6D27CF78D402,"offline 300-state diagnostic-integrity gate passed","accepted attribution from two complete fresh fixtures: m-1837 and m-1838 produced 20/20 HTTP 200 valid actions and 18/18 reconciled transitions, no solver total exceeded the exact authoritative deadline or 5000 ms cap, and all certification-caused global crossings ended in column generation. Material m-1838 days4/5/6/9 spent 1394/879/802/791 ms in nested exact with maximum nested overruns 609/250/254/69 ms. Current-day day1 independently spent 2485 ms in exact finalization and reached 3000173 feasibility nodes. Source trace proves deadline expiry returns ordinary false inside recursion, so siblings continue to the node cap. m-1839 stopped after setup and was not replaced. Evidence SHA256 6D762D6C3D19DEF3B77B08ABB4F4BD404D228A83D79ECCBE0F693DAE108B47A1",accepted,"Reopen only if target telemetry contradicts exact-feasibility cancellation loss or a successor still crosses first in a different operation. Do not tune reserve, guard, poll interval, map, seed or bot from these diagnostics."
PERF-CERT-059,2026-08-09,"frozen DEADLINE-ALIGN-056 source candidate plus canonical cardinality-first score candidate","cooperative-exact-state-initialization binary 83EF15BE2139705ACE27B08727ED18074C8B9305E8FBD52566000BCC207B47E0","ATTR-CERT-058 proved that all 42/300 target-host compute-boundary overruns begin inside certification and localized the first non-preemptible operation: exact high-fuel workers initialize at least 36 MiB each over 4194304 dense states after one deadline poll and before the next; four joined workers can touch at least 144 MiB. Exact deadline alignment remains a necessary prerequisite but does not structurally close this hole.","Reserve the identical distance/fuel/parent/incoming capacities, then construct the identical sentinel values in fixed 65536-state chunks while polling the existing absolute deadline between chunks. Keep every index, graph transition, queue order, settled cap, worker count and reconstruction unchanged. Expiration during initialization returns the same supported/incomplete/empty reachability without waiting for full dense initialization.","exact deadline remains min(raw server endsAt, receivedAt+5000ms); same 5000 ms cap, 1600 ms network reserve and 800 ms submission floor; no role/search/profile/comparator/candidate-limit/fallback change; identical complete-search results; frozen replay action bytes or at minimum exact score/state/validator equivalence; no local timing claim; no seed/map/fuel/opponent dispatcher","ATTR-CERT-058 source proof and already-opened target-host root only; first fresh high-fuel BTC match m-1836","passed offline: unit suite passed once; all 30 frozen low/default/high live replays and all 300 recorded days produced byte-identical replay-check output against frozen DEADLINE-ALIGN-056, with 30/30 replay hashes correct, exit 0, zero invalid and zero validator disagreement; local elapsed excluded; equivalence evidence SHA256 394FF66499700E060B09BCFD299109045CCE8CA8610B794CBB87DE2F7CE54C75. Static boundedness reduced sentinel construction between polls to 576 KiB per worker or 2.25 MiB across four workers while retaining allocator and preprocessing as observation points; evidence SHA256 51856B408CE1A5C63FE9CEEA22BB0C6615E2F3AFBD80CB58578106E132946CDD",E9A6BF19348A1AE04325E59F9CAEC1552FE4690A5506C2EC2040F018D66D2B20,"offline frozen gate passed 30/30 replays and 300/300 states byte-for-byte; balanced BTC holdout remained unopened after the development failure","failed first target-host development fixture m-1836: 10/10 valid, 9/9 reconciled, zero emergency and replay-check score 6/60/407, but certification crossed the total-minus-1600ms compute boundary on days 3/6/8/9 by 363/47/307/218 ms and current-day exact orienteering overran its supplied deadline by 42 ms on day 4. Replay SHA256 B866ACB6A63C548D8BE05FBED03DDBD355422F78566CAC436A1C2E5BD6AC6676; evidence SHA256 DCD0C051D782B247CD3ADABA241DF0417CB1ABD003C8B3AFD09D6A26197A4419; rank ignored",rejected,"Not promotable as a complete boundary fix. Retain only as the frozen diagnostic parent because offline semantics are byte-equivalent and the first large unpolled initialization interval is removed. Reopen a successor only after independent telemetry localizes the next operation; do not retune chunk size, reserve or guards from m-1836."
ATTR-CERT-058,2026-08-09,"afcd2da plus canonical cardinality-first source candidate",read-only-certification-boundary-attribution,"PERF-P99-055 target-host telemetry shows 42/300 decisions consumed past the compute boundary that precedes the 1600 ms network reserve; 37/42 are high fuel and the three submission skips are the three largest tails. It is unknown whether pre-certification work, future-witness certification or post-certification finalization is responsible.","Decompose each recorded BTC decision into pre-certification and certification elapsed time against the frozen scheduler boundary, then trace the exact production call graph of the responsible phase to its first non-preemptible operation. Use only existing target-host timestamps and source semantics; do not infer candidate latency from local runs.","Read-only source and already-opened target-host telemetry; configured 5000 ms cap and raw server deadline kept distinct; exact official score and witness semantics preserved; no source/build/new fixture/holdout/BTC action/local timing/threshold change; DEADLINE-ALIGN-056 remains frozen and separate","All 300 already-opened PERF-P99-055 decisions, stratified 100 low/default/high, with exact focus on m-1827 day6 and m-1832 days6-7","closed: all 42 compute-boundary overruns entered certification before the boundary; certification alone crossed it. Counts low/default/high are 0/5/37, p95 overrun 405 ms and maximum 1574 ms. The first boundary hole is dense initialization in enumerate_exact_high_fuel_routes: after one deadline poll, each worker initializes at least 36 MiB over 4194304 states before the next poll, and four jthreads can touch at least 144 MiB before join. The semantics-equivalent successor is same-sentinel chunked initialization with the existing absolute deadline polled between chunks. Evidence SHA256 6DF72E0342AA141A39DD8DA1D030D72FFB05293BBCD8E0FACF08D5E81C9151C8",not-applicable,"No holdout opened; attribution defines a separately frozen cooperative-initialization mechanism layered after deadline alignment",not-applicable,accepted,"Reopen only if target-host telemetry after cooperative initialization still shows certification crossing the compute boundary, or another earlier non-preemptible operation is evidenced."
ATTR-SELECT-057,2026-08-09,"afcd2da plus canonical cardinality-first source candidate",read-only-selection-comparator-attribution,"A read-only scan of all 300 decisions in the already-opened PERF-P99-055 replay set found zero higher scoreAfterToday candidate and zero accepted exact bundle above selected, but seven decisions contain a certified non-selected candidate that appears better on finalCertifiedLowerBound or on finalQuantile50 after an equal lower bound. It is unknown whether those scalar views omit conditional tiers, confidence coverage, survival signature or another authoritative comparator component.","Trace the production selection comparator and reconstruct its complete ordered decision tuple for only the seven already-opened signals. Compare selected and challenger field by field, then classify each as true domination, intentional trade-off or telemetry projection mismatch. Do not modify selection logic unless a selected candidate is proven dominated under the exact production comparator.","Read-only source and replay attribution; official lexicographic score within each score component; preserve conditional tiers, coverage and survival semantics; no weighted sum; no source/build/new fixture/BTC action/holdout reuse/timing claim; no threshold or replay-specific dispatcher","Seven signaled decisions from already-opened PERF-P99-055 replays: m-1803 days6-8, m-1804 day9, m-1806 day8, m-1809 day6 and m-1813 day9","closed: eight challenger pairs across seven decisions. m-1803 day8 and m-1804 day9 improve projected future lower bounds only by losing current official score and are correctly excluded by the production current-floor gate. The other six pairs across five decisions tie current score and lower bound but improve only serialized q50; production orders q95 then q80 before q50 or applies the confidence gate, so none is a complete-tuple domination witness. Zero higher non-selected scoreAfterToday and zero accepted exact bundle above selected across all 300 decisions. Evidence SHA256 DAEF6B1842D8EDE357FA23BE2DA7DBD68CBFDE3DE572641C2718C83C8CC01F8F",not-applicable,"No holdout opened; the apparent anomaly is a telemetry projection mismatch and does not warrant a candidate",not-applicable,accepted,"Reopen only with a new exact dominated-selection witness under the complete production tuple, or telemetry that contradicts the q95/q80/confidence/current-floor attribution; never tune against these match IDs."
DEADLINE-ALIGN-056,2026-08-09,"afcd2da plus canonical cardinality-first source candidate",exact-millisecond-shared-deadline-binary-4636C380578F1AB79973A25E03AAE26E20809F8A5720F914D7DB7F38D1C3EFD6,"PERF-P99-055 exposed three general high-fuel submission skips. BTC raw windows 5030/5198/5032 ms were normalized to 4030/4198/4032 ms because the adapter ignored raw endsAt and floored receivedMs+5000 to integer seconds; certification then left only 760/25/349 ms at the 800 ms submission guard despite a 1600 ms network reserve.","Derive one exact deadline in HTTP mode as min(raw server endsAt in milliseconds, receivedAt+configured response budget); pass its exact remaining milliseconds into MatchSession/UdonShieldEngine and use the same absolute deadline for POST. Preserve the existing scheduler network reserve and runner submission guard; do not alter search/certification logic, route caps or score policy. If this alignment alone still skips, reject rather than lower the guard or simplify logic.","configured response budget remains hard-capped at 5000 ms; raw server deadline can only shorten it; no integer-second expansion; same planner and official lexicographic comparator; same 1600 ms network reserve and 800 ms submission floor; durable action record remains before POST; idempotent ACK/recovery unchanged; exact simulator/validator; no local timing claim; no map/fuel/opponent dispatcher","confirmed m-1827 day6 and m-1832 days6-7 for arithmetic attribution plus five unopened fresh high-fuel BTC matches after freezing the candidate binary","passed offline: unit suite passed; parent/candidate replay-check outputs were byte-identical on all 30 PERF-P99 replays and all 300 recorded days with zero failure or mismatch; no local timing claim; candidate BTC binary SHA256 4636C380578F1AB79973A25E03AAE26E20809F8A5720F914D7DB7F38D1C3EFD6; evidence SHA256 54F2C1EE87964495ACA50F317A400072CBA75829D5C0554FF27E3D34D561D854",6D6270CEBBD12D96ACDBF779A8298466A0378793F2173C25D8514A3E843DAC3F,"BTC development and holdout remained unopened; exact plumbing passed the frozen 300-state equivalence gate but ATTR-CERT-058 proved a separate unchanged certification boundary hole","not-run: BTC practice creation produced no new match; zero DEADLINE-ALIGN-056 live samples were consumed",inconclusive,"Superseded without retuning by PERF-CERT-059, which retains exact deadline alignment and separately closes the first proven certification boundary hole. Reopen standalone only for target-host isolation; never claim 056 alone closes certification overrun."
PERF-P99-055,2026-08-09,afcd2da,canonical-cardinality-first-binary-CE37B6D06F5AD92CDB3921DCCA6CAE21A4D6E688431232A78A7E25DDEF2EE6CF,"SCORE-QUEUE-048 passed one fresh ten-day BTC validity/hard-cap match, but the audit remains p99Calibrated=false because ten target-host response samples cannot establish a 99th-percentile breach bound.","Run the unchanged frozen executable on 30 fresh explicit-advanced BTC practice matches: ten low, ten default and ten high fuel, each hard/three bots/10 days/32x32/100 steps/5000 ms/8 agents/12 spots/6 brands. With zero hard-cap breaches in 300 fresh decisions, the exact one-sided 95% binomial upper bound is 1-0.05^(1/300)=0.994%, below 1%; report empirical p50/p95/p99/max and per-fuel tails.","BTC target-host telemetry only; exact executable hash unchanged; internal compute cap 5000 ms despite any outer window; 300/300 accepted valid decisions; all observable transitions reconciled; exact replay simulator/validator agreement; zero submission skip/retry/emergency/exact overrun/hard-cap breach; no local latency; rank ignored except asymmetric failure signal; no source/logic change during batch","existing m-1796 10/10 field/runner proof, excluded from the 300 fresh calibration decisions","passed before registration: explicit advanced fields and frozen runner completed 10/10 valid with p95/p99/max2759 ms; development only",52ADA0B0ECBF3ADE92381D2B4AF8926578D21FFF9433795B71A25A94BC4F225B,"opened exactly once: all 30 matches and 300 plans completed; all configs matched; 300/300 plans dual-valid and 270/270 transitions reconciled, but only 297/300 action results were accepted because high-fuel m-1827 day6 and m-1832 days6-7 recorded actions_deadline_skip plus actions_server_wait without POST; low 100/100, default 100/100, high 97/100; progress evidence SHA256 8DCDAE465FB065FA0E0CEACFB78B906BA43BE82F37C950B9B7E963136B90976A","rejected: frozen binary unchanged; zero HTTP-invalid result, transport retry, emergency or exact overrun, but three submission skips violate the preregistered zero-skip gate and expose tier2 daily losses 57 and52; 297 accepted response samples p50/p95/p99/max 2989/3575/3965/4328 ms are censored and cannot calibrate p99; attribution evidence SHA256 7F8628EC949D36F50E685F8BC719C1B0D189A4226B2EFF7F34DD4BBFDF81A7AF",rejected,"Reopen only after a semantics-equivalent critical-path change preserves durable pre-POST action recording and idempotent recovery while moving full decision telemetry serialization after the submission attempt; require frozen byte-equivalence and a new preregistered BTC calibration with zero skips."
ARCHIVE-QUEUE-054,2026-08-09,afcd2da,canonical-cardinality-first-binary-CE37B6D06F5AD92CDB3921DCCA6CAE21A4D6E688431232A78A7E25DDEF2EE6CF,"Synthetic SCORE-QUEUE-048 and ROBUST-QUEUE-052 matrices retain cardinality-first with one bounded serving loss, but they do not establish how often the capped queue trade-off appears on the full archived distribution of authoritative BTC terminal states.","Freeze one complete 32x32/10-day/8-agent/12-spot/6-brand replay per unique BTC match without selecting by rank or score. Reconstruct the accepted prefix ledger and terminal authoritative state with exact simulator/validator agreement, then use the existing research-only same-binary shallow/cardinality switch and exact stock-capped team DP. Development contains only already-opened m-1285 and m-1796; open the other 73 replay hashes once after adapter proof.","Official lexicographic score only; exact recorded setup/state/roles/traffic/prefix ledger; same 32-route and 1250000-state caps; both policies in reversed order; exact simulator plus independent validator; every patrol with current fuel at least two day-steps must use the policy-independent high-fuel path; whole-policy signatures must match on the ten high-config terminal states with constrained_patrols=0; no replay trajectory retuning, bot-rank inference, local timing, production source change or match/family dispatcher","m-1285 and m-1796 only; hashes already opened by prior queue experiments","passed 2/0/0: exact accepted-prefix reconstruction and same-binary oracle reproduced prior independent terminal deltas exactly: m-1285 6/60/320 to323 (+3) and m-1796 6/60/307 to312 (+5); both stable and dual-valid; evidence SHA256 8342634F93C2BEBA7AE346CE15ABCF7DDFF758C36426033B1346BAD2E39BA3A1",FC874C1CCDC9785EE3D178AE31C3E4262B4B54913CB421E6B856D30A3655FB3D,"opened once: 18/55/0 over 73 unique real BTC terminal states; all 18 differences tier3 with gains +1,+1,+1,+1,+3,+4,+1,+1,+3,+2,+3,+3,+1,+2,+1,+1,+2,+2 and no loss; low 5/12/0, default 12/24/0, high-config 1/19/0; wins span role masks1,4,16,32,64,128,192 and constrained counts1..7; 73/73 stable and dual-valid; ten policy-unreachable high controls byte-identical; evidence SHA256 B8C3F78B702BB84BCE47592C6CD91F41D56329EBB464C7946875025B2B4B0776",not-applicable,accepted,"Reopen only if a new authoritative terminal state produces a material/systematic loss, tier1/tier2 loss, invalidity or high-path divergence. Do not rerun or tune on these opened replay hashes."
ATTR-QUEUE-053,2026-08-09,afcd2da,canonical-cardinality-first-binary-CE37B6D06F5AD92CDB3921DCCA6CAE21A4D6E688431232A78A7E25DDEF2EE6CF,"ROBUST-QUEUE-052 found one bounded tier-3 regression: low-two-tanker balanced seed982008 scored 6/60/95 under cardinality versus 6/60/96 under shallow. The missing coordinated route witness and whether the loss is intrinsic to the retained frontier are not yet attributed.","On the already-opened seed982008 terminal state only, report each policy's exact stock-capped team witness masks, per-spot capped claims and route membership. Optimize the union of both frozen policy frontiers to determine which frontier contains the 96-serving witness; do not change queue order, retention, caps, fixture or score.","Read-only counterexample attribution in the isolated same-binary harness; official lexicographic score; identical state/ledger/roles/traffic and 32-route/1250000-state caps; dual exact validation; no threshold tuning, new seed, holdout reuse, production source change, local timing or promotion claim","opened ROBUST-QUEUE-052 seed982008 only","Shallow 6/60/96 requires patrol4 mask0x27C, absent from that patrol's cardinality frontier. Cardinality is 6/60/95. The union frontier restores 6/60/96 using the same shallow-only patrol4 mask but does not exceed shallow. All witnesses are stable and dual-valid; evidence research/evidence/ATTR-QUEUE-053.txt.",not-applicable,"No new holdout; the frozen 72-case result remains 4/67/1",not-applicable,accepted,"Reopen only if a new independent fixture exhibits the same structural loss; never tune against seed982008 or use it to authorize a mixed queue/dispatcher."
ROBUST-QUEUE-052,2026-08-09,afcd2da,canonical-cardinality-first-binary-CE37B6D06F5AD92CDB3921DCCA6CAE21A4D6E688431232A78A7E25DDEF2EE6CF,"SCORE-QUEUE-048 has only sparse positive terminal deltas on its first frozen holdout; under the fixed 1250000-settled-state cap, cardinality-first could still starve lower-cardinality routes that coordinate brands or scarce stock better at team level.","Use a research-only same-binary shallow/cardinality switch on deterministic terminal states. Run both policies in both orders with identical state, ledger and caps; solve the retained multi-agent route sets with an exact stock-capped team DP under the official lexicographic score. Development small maps also compare both capped frontiers against complete resource enumeration; open the frozen structural holdout exactly once after harness proof.","Official lexicographic lifetime/daily/servings only; no weighted sum; same state graph, dominance, 32-route and 1250000-settled caps; exact/full/high-fuel production path unchanged; exact simulator plus independent validator; no source production change or threshold/family dispatcher; local elapsed ignored; no BTC or real-opponent quality claim; reject any tier1/tier2 structural loss, invalid or validator disagreement and reject material or systematic tier3 downside","research/holdouts/ROBUST-QUEUE-052.csv development rows: 18 unopened small-map proof cases across balanced, duplicate-brand and stock-contention profiles","passed 0/18/0: all stable in reversed A/B order; both capped policies and complete resource team oracle produced identical official optimum on every case; exact simulator and independent validator agreed; cardinality frontier recall was never below shallow and was strictly higher on 6/18 cases; local elapsed ignored; evidence SHA256 4118AD4345D2849C46B3931BA64147C297D302F2EE51509B1CB9A0BAB377ED17",D017068D6F47C73D22164265A235D545A24C2EB3396463264CB7D30AF8AA5359,"opened once: 4/67/1 over 72 independent cases; all five differences tier3; gains +1,+2,+1,+4 and sole loss -1; low-one 2/22/0, low-two 0/11/1, depleted-default 2/10/0, missing-lifetime 0/12/0, high-fuel control 0/12/0 with identical signatures; 72/72 stable and dual-valid; evidence SHA256 6B1DF3B756BF54EE00C25A595623F6814819AD957266F472FE137B4BACDA2EFD",not-applicable,accepted,"Reopen only with a new independent structural counterexample showing material/systematic downside; do not retune or rerun these opened seeds. The audit retains SCORE-QUEUE-048 but does not authorize commit or replace real-opponent/BTC final gates."
ATTR-GAP-051,2026-08-09,afcd2da,canonical-cardinality-first-binary-CE37B6D06F5AD92CDB3921DCCA6CAE21A4D6E688431232A78A7E25DDEF2EE6CF,"Fresh m-1796 master hit its deadline on every day and reported positive optimistic serving tails on days1-8 plus a guidance tail on day10; it was unknown whether these were feasible score gaps or loose bounds.","Compare the selected candidate scoreAfterToday against every exact-evaluated audit candidate, optimisticUpperBound and searchGuidanceUpperBound on all ten authoritative decisions. Require an exact-valid higher candidate before opening a successor mechanism.","Read-only telemetry attribution; official lexicographic score; no weighted gap sum; feasible audit candidates separated from bounds; no source/build/holdout/BTC action; no elapsed performance claim; one replay cannot establish ceiling","all ten authoritative decisions in fresh m-1796 replay","Days1-8 incumbent-to-optimistic serving tails were +1,+3,+5,+2,+1,+2,+3,+3 but every exact-evaluated audit candidate tied the selected current-day score. Day9 optimistic and guidance closed. Day10 selected=optimistic 6/60/312 while guidance 6/60/314 was loose; no exact-valid higher witness exists. Master deadline alone does not open a score mechanism.",not-applicable,"No holdout opened and no candidate modified",not-applicable,accepted,"Reopen master/evaluator search only when an exact-valid higher-scoring bundle or first-differing feasible candidate is produced on new telemetry; do not tune against unwitnessed optimistic/guidance tails"
ATTR-REAL-050,2026-08-09,afcd2da,canonical-cardinality-first-binary-CE37B6D06F5AD92CDB3921DCCA6CAE21A4D6E688431232A78A7E25DDEF2EE6CF,"SCORE-QUEUE-048 passed diverse synthetic/frozen terminal lanes and a fresh BTC bot failure gate, but no real-opponent behavior had been checked in the current session.","Inventory the BTC replay archive, select only complete files explicitly identified as real-opponent live matches, verify two-team setup/result, then run clean parent and candidate on each identical recorded terminal state. Do not tune or extrapolate whole trajectories.","Read-only observational control; exact archived bytes and hashes; same terminal state/ledger per pair; official lexicographic score; 5000 ms internal cap despite 60000 ms outer window; dual exact validation; local elapsed ignored; no source/holdout/promotion change; byte plan comparison","complete archived real-opponent m-1038 and m-1042 terminal states","m-1038 candidate=parent 4/16/60 with byte-identical plan and closed bounds; m-1042 candidate=parent 4/16/59 with byte-identical plan and closed bounds; 0/2/0; zero emergency/overrun/validation failure. Both fixtures are 2-team 4-day 8x8 32-step fuel64 controls; replay SHA256 B5B9390D9946620652B7F63358CFC22FD3BDDB378311FA266A3314146AAB12D7 and 913DE968028031F4D48B1607478D167342C6054AD4CC4B8463B0A6FD1E3619AC.",not-applicable,"Observational real-opponent short/small-map controls only; not added to frozen SCORE-QUEUE-048 matrix","Archived live standings were m-1038 team-A 4/16/60 vs team-B 4/16/52 and m-1042 team-A 4/16/59 vs team-B 4/16/53; historical rank is not candidate promotion evidence",accepted,"Reopen only with a complete real-opponent replay from a materially different long-horizon, large-map or low-fuel configuration; fresh queue match remains the preferred gate"
ATTR-QUEUE-049,2026-08-09,afcd2da,canonical-cardinality-first-binary-CE37B6D06F5AD92CDB3921DCCA6CAE21A4D6E688431232A78A7E25DDEF2EE6CF,"Fresh m-1796 target-host telemetry proves the capped terminal queue executed and raised its internal seed route 39 to local40, but the official parent delta on that authoritative state was not yet measured.","Compile clean afcd2da in an isolated worktree and run parent/candidate replay-solve only on recorded m-1796 day10 state and prefix ledger in reversed order twice. Compare official lexicographic score and exact queue telemetry; do not replay or attribute the whole trajectory.","Read-only attribution; exact same terminal state and recorded ledger; harvest mode7; 5000 ms cap; dual exact validation; no source/candidate/holdout modification; local elapsed ignored; separate binaries cannot authorize promotion alone; no rank inference","authoritative m-1796 day10 same-terminal reverse-order parent/candidate repetitions","Candidate stable twice at 6/60/312 with exact seed/local39/40; clean afcd2da parent stable twice at 6/60/307 with seed/local35/35; tier3 +5; both supported6, zero emergency, exact overrun and validation failure. Parent executable SHA256 AB2556D6436C8AB14F53D6657E2C28FBA9E504DFD4BDF477A80C6CEC960D618A.",not-applicable,"Not added to frozen SCORE-QUEUE-048 holdout; fresh supportive development evidence only","Source replay m-1796 passed target-host failure gate; this offline terminal attribution is not target-host performance evidence",accepted,"Reopen only if a same-binary terminal switch contradicts the +5 or if a real-opponent replay exposes a terminal regression; never extrapolate to a whole-match paired result"
SCORE-QUEUE-048,2026-08-09,afcd2da,canonical-cardinality-first-binary-CE37B6D06F5AD92CDB3921DCCA6CAE21A4D6E688431232A78A7E25DDEF2EE6CF,"Complete team proof and archived production-mode m-1285 show the shallow capped queue misses coordinated deep masks and leaves two selected servings. ATTR-QUEUE-044..046 prove the only alleged -72 downside came from a mode6 harness where the mechanism was disabled; on the identical mode7 negative terminal state cardinality improved exact-local38 to39 and tied final score39.","For capped anytime resource enumeration only when minimumSpots is present, order pending labels by greater visited-spot cardinality, then lower used steps, lower used fuel and stable label index. Use a temporary same-binary policy switch for evaluation; if accepted, remove the switch and ship cardinality as the single canonical capped-anytime policy.","Official lexicographic score only; direct terminal/public fuel guard unchanged; same state graph, labels, Pareto dominance, reconstruction, 1250000 settled cap, 32-route retention and master; exact full-proof minimumSpots-null path unchanged; no mixed/weighted priority, seed/map/match/agent/bot dispatcher or cap increase; mode7 evaluator; same-terminal-state A/B/A/B; dual exact validation; 5000 ms hard cap; local timing ignored; zero invalid/emergency; BTC target-host final","same-binary m-1285 day10: shallow A/B both 6/60/320 exact34; cardinality A/B both 6/60/323 exact37; six supported agents; zero emergency and exact validation; ATTR-QUEUE-046 neutral final-score control; canonical binary replay 6/60/323 exact37 supported6 exact-valid zero emergency",passed,"research/holdouts/SCORE-QUEUE-048.csv SHA256 13EC4F536FA573AA3158D35D93CDC5A5D6F0DEBF6572E1D2BDEADDA471122231","original 4/74/0 over78; independent ROBUST-QUEUE-052 4/67/1 over72 with sole tier3 -1; independent ARCHIVE-QUEUE-054 18/55/0 over73 authoritative BTC terminal states. Aggregate frozen non-development evidence 26/196/1 over223, all differences tier3, gain tail +1..+4 and loss tail -1; low/default/high and diverse role masks covered; zero invalid/validator disagreement; no weighted tier aggregation used","passed target-host failure gate on fresh authenticated advanced m-1796 low1x 32x32 10d 5000ms: frozen binary hash unchanged; 10/10 valid; 9/9 transitions reconciled; exact validator agreement; response p95/p99/max 2759/2759/2759ms; decision max2699ms; zero skip/retry/emergency/overrun/hard-cap breach; day10 supported6 settled7500000 seed/local39/40; final6/60/312; replay SHA256 DCC0A6D36DFB7C2EFECB382ED220B977E37EBA145B25EF291DAF879C079EF272; rank1 is failure gate only; p99Calibrated remains false",accepted-integrated-7ef3694,"Closed through accepted FINAL-QUEUE-065 and canonical commit7ef3694. Reopen cardinality-first only on a new independent current-HEAD tier1/tier2 regression, systematic family/fuel downside, material tier3 tail, invalid/emergency or source/binary drift."
EVAL-PARITY-047,2026-08-09,afcd2da,research-harness-production-harvest-mode7,"ATTR-QUEUE-045 proved the protected historical harness constructs UdonShieldEngine with default harvest mode6, while BTC runtime defaults to mode7. The disabled terminal fuel-constrained path made SCORE-QUEUE-043 generated lanes incapable of measuring their candidate. old/README also still describes 60000 ms as the production-selection compute budget, contrary to the frozen 5000 ms contract.","Change only the shared research harness to instantiate harvest mode7 and future mode7 explicitly, emit the configured modes plus existing exact-orienteering support/settled/seed/local telemetry, and correct old/README so 5000 ms is the internal hard cap while 60000 ms is outer lifecycle only. Do not rebuild or rerun historical checkpoints.","No solver/planner/decision/simulator/validator change; fixture generation, roles, traffic and official score unchanged; dual exact validation; local elapsed has no performance authority; prior reports remain historical mode6 evidence and are not silently relabeled; future protected results declare mode7; no candidate score or promotion claim","compile harness against frozen afcd2da library and run one opened seed957002 wiring check","Harness emitted harvest/future mode7/7. Days1-9 exact_supported0 matched the terminal-only guard; day10 reported exact_supported7, settled711197 and exact seed/local31/32, with exact simulator/validator agreement and zero invalid/emergency. Local timing and score276 are wiring diagnostics only.",not-applicable,not-applicable,not-run,accepted,"Reopen on any BTC production mode change, missing mode declaration, terminal low-fuel exact_supported0 or harness/runtime mismatch; do not rerun history merely to rewrite reports"
ATTR-QUEUE-046,2026-08-09,afcd2da,research-only-production-mode-terminal-queue-switch,"ATTR-QUEUE-045 produced byte-identical policies only because the historical harness instantiated default harvest mode6 and reported exact_supported0. BTC production defaults to mode7, the required guard for terminal fuel-constrained anytime routing.","Reuse the already registered same-binary same-state fork, but instantiate both prefix and fresh terminal engines explicitly with harvest mode7 and future mode7. Require exact_supported>0 and nonzero settled states before comparing shallow versus cardinality-first in forward and reverse order. No other harness or queue change is permitted.","Same binary/layout/state hash/ledger/traffic/submitted history; explicit production harvest mode7 on every engine; queue switch only on capped anytime minimumSpots path; unchanged 1250000-state/32-route caps and exact proof path; dual exact validation; 5000 ms cap; local elapsed ignored; temporary switch reverted; opened attribution fixture only; no holdout/BTC/promotion","opened seed957002 terminal state with one frozen mode7 prefix","All runs used state hash7024081118606904448 and prefix6/54/312. exact_supported was7 and both policies were stable across reversed order. Shallow and cardinality both selected exact6/39 cumulative6/60/351 with zero invalid/emergency; hashes differed by policy. Cardinality improved exact local38 to39 while shallow final selection already reached39 elsewhere, so causal official delta was0, not -72.",not-applicable,not-applicable,not-run,accepted,"Causal negative attribution is closed. Any successor must restore parent, freeze a new mode7 production-parity holdout and evaluate same-state terminal pairs; do not reuse opened SCORE-QUEUE-043 seeds"
ATTR-QUEUE-045,2026-08-09,afcd2da,research-only-same-binary-terminal-queue-switch,"ATTR-QUEUE-044 shows the observed -72 binary tail starts with different day1 action bytes and a day2 score loss, while the intended current-day anytime low-fuel queue is guarded to the terminal day. Cross-binary deadline/layout divergence therefore confounds causal attribution.","Add a temporary research queue-policy switch in one binary. Generate one shallow-policy prefix through day9, retain every accepted DecisionResult and exact transition, then instantiate fresh engines and replay the identical submitted decisions so belief/response-ledger state is equal and route caches are equally cold. On the identical day10 state and ledger, run shallow and cardinality-first policies in both orders; compare official score, exact plan hash and existing exact-orienteering diagnostics.","Same binary and code layout; identical frozen day10 state/ledger/traffic and submitted-decision history; policy affects only capped anytime queue ordering when minimumSpots is present; 1250000-state and 32-route caps unchanged; exact full-proof path unchanged; exact simulator and independent validator; 5000 ms cap; local elapsed ignored; temporary research switch fully reverted; no holdout/BTC/promotion","opened seed957002 terminal state with one frozen parent prefix","All four day10 solves used state hash2130807422699737667 and prefix6/54/244, then returned exact6/30 cumulative6/60/274 with identical plan hash14218929452539799733 and zero invalid/emergency. But every run reported exact_supported0, exact_settled0 and exact_bundles0: the queue policy was not executed because the harness used default harvest mode6.",not-applicable,not-applicable,not-run,inconclusive,"The evaluator mismatch is closed. Reopen the causal question only with explicit production mode7 in the same registered harness; the -72 tail cannot justify a dual/mixed queue"
ATTR-QUEUE-044,2026-08-09,afcd2da,read-only-threshold-corridor-first-difference,"SCORE-QUEUE-043 gains two on its causal fixture but loses 72 servings on independent BTC-like low-fuel threshold-corridor seed957002. The candidate changes a terminal low-fuel route queue, so the loss must be localized before considering any architecture that preserves multiple frontiers.","Run exactly one parent/candidate paired historical fixture for frozen seed957002 with day details. Compare cumulative and exact day scores, plan hashes, validity/emergency and identify the first differing day and magnitude. Trace only the already frozen parent/candidate binaries; do not change or rerun queue priorities.","Read-only attribution; frozen binaries and fixture; official lexicographic per-day/cumulative scores and exact plan hashes; no local timing claim; no source change, candidate tuning, BTC or promotion","btc-lowfuel threshold-corridor seed957002 day details","Parent/candidate reproduced 6/60/346 versus 6/60/274 with zero invalid/emergency. Plan hashes differ from day1 despite equal 6/36; first official score difference is day2 at cumulative 74 versus72. Candidate then loses 13 servings on day3 and remains lower every later day, reaching -72. The regression is a full-trajectory cross-binary divergence, not localized to terminal day10.","source holdout SCORE-QUEUE-043 SHA256 BFFB6312262CC28A21D8131968BF5A603CB37B12EB087472F1D0E2CBDE8AE48B",not-applicable,not-run,accepted,"Causal queue attribution remains open only through a same-binary same-terminal-state switch. Do not design dual/mixed priority from the -72 tail or tune on seed957002"
SCORE-QUEUE-043,2026-08-09,afcd2da,rejected-cardinality-first-anytime-resource-queue,"Complete route/team proofs show a dual-valid 6/60/322 plan requiring seven-spot masks, while the production 1250000-state anytime queue retains only six/five-spot masks and stops at exact34/final35. The queue explores by shallow used steps/fuel even though the retained frontier ranks spot cardinality first.","Change only the capped resource-search queue key so labels with greater visited-spot cardinality are expanded first, then lower used steps, lower used fuel and stable label index. Keep the same state graph, Pareto dominance, reconstruction, retention rank, 32-route cap and 1250000 settled-state cap. Full search semantics remain identical when complete; high-fuel enumeration is untouched.","Official lexicographic comparator only; exact resource feasibility unchanged; same labels and Pareto dominance; stable deterministic queue key; no replay masks/agent IDs/map/fuel dispatcher; no cap increase; exact simulator and independent validator; high-fuel path byte-equivalent; 5000 ms internal hard cap; zero invalid/emergency; BTC target-host performance final","m-1285 day10 positive then m-1286 day10 closed-bound control","Unit passed. m-1285 frontier exposed seven-spot masks and exact seed/local rose34 to37; final improved 6/60/321 to323. m-1286 tied412. Fresh general-fixed was 0/18/0. First four BTC-like low cases were 0/3/1: seeds957000,957001,957003 tied, but threshold-corridor seed957002 regressed 346 to274 at tier3. Zero invalid/emergency.","research/holdouts/SCORE-QUEUE-043.csv SHA256 BFFB6312262CC28A21D8131968BF5A603CB37B12EB087472F1D0E2CBDE8AE48B","general-fixed 0/18/0; btc-like-low first four 0/3/1 with loss tail -72; remaining lanes unopened",not-run,rejected,"Do not tune cardinality/steps weights or alternating priority on opened m-1285 and seed957002. Reopen only from a new diverse design preserving shallow diversity and deep discovery by construction under a new holdout"
ATTR-TEAM-042,2026-08-09,afcd2da,read-only-complete-resource-team-dp,"ATTR-OPTIMAL-041 proves no complete resource route can improve the frozen 35 witness by one patrol substitution, but a coordinated two-or-more-agent exchange can still improve capped stock allocation even when each individual substitution does not.","Enumerate complete inclusion-maximal exact resource routes for every unique patrol start/fuel state. Run a deterministic dynamic program across all patrols keyed by per-spot claim counts capped at public stock, retaining one route choice vector per count state. Maximize official daily brands then servings, reconstruct the best full team plan with frozen tanker actions, and require ExactStepSimulator and IndependentDayValidator agreement.","Read-only mathematical oracle; complete canonical single-agent resource frontiers; exact count-state DP without weighted sum; public stock and brand masks only; dual exact validation of reconstructed optimum; no elapsed-time/performance claim; no production source/cap/rank change, BTC or promotion","m-1285 day10 all six patrols from frozen state","All six frontiers completed: five agents had 3148570 settled/78 routes and agent3 had 2831326/76. Count-state DP found a 36-serving state after 38 nodes and seven memo states. Reconstructed masks were agent3=0xB59, agents0/1/2/4=0x9D9, agent7=0x1EC; dual exact validation produced 6/60/322.","replay SHA256 D638BE3D0E136EF94542BBCE58AA6B086D6A7C872732EF27188392D5D19D2F77; witness SHA256 787F2C1774D11D08125115FD3F75488A222572CB0CB79692F14A877F5EB81DA4",not-applicable,not-run,accepted,"Feasibility is proven. Successor may align capped exploration order with the existing cardinality-first retention objective under a new holdout; do not copy masks or raise cap"
ATTR-OPTIMAL-041,2026-08-09,afcd2da,read-only-complete-resource-one-exchange,"ATTR-DENIAL-040 proves no retained production exact route can improve the 35 witness. It remains unknown whether guidance36 is resource-feasible outside the capped frontier or is only an unattainable stock upper bound.","For the two unique start/fuel states among agents 2,4,7 that claim oversubscribed spot0, run canonical enumerate_exact_resource_routes with no wall deadline and require complete=true. Substitute every returned inclusion-maximal resource route into the frozen 35 plan and dual-validate. Inclusion-maximal masks are sufficient for total servings because adding a first-visit claim cannot reduce the team total min(claimCount,stock) at any spot.","Read-only mathematical oracle; frozen parent library/replay/plan; unchanged resource semantics and Pareto dominance; completion required; official lexicographic score and dual exact validation; no elapsed-time/performance claim; no production cap/rank/source change, BTC or promotion","m-1285 day10 unique spot0-claimant states agent2 and agent4","After correcting the non-proof anytime wrapper method, exact resource enumeration returned supported=1 complete=1 for agents2 and4, each with 3148570 settled states and 78 inclusion-maximal routes. All 156 substitutions were dual-valid; every best remained 6/60/321 and none reached guidance36.","replay SHA256 D638BE3D0E136EF94542BBCE58AA6B086D6A7C872732EF27188392D5D19D2F77; witness SHA256 787F2C1774D11D08125115FD3F75488A222572CB0CB79692F14A877F5EB81DA4",not-applicable,not-run,accepted,"One-agent resource feasibility is closed. Reopen only through exact multi-agent count-state coordination over complete frontiers; do not add or retune one-agent repair"
ATTR-DENIAL-040,2026-08-09,afcd2da,read-only-exact-frontier-one-exchange,"The frozen 35-serving witness has exactly one denied claim at spot0 and guidance36, but SCORE-ALNS-039 proves that merely prioritizing existing proof repair regresses. It is unknown whether any already enumerated canonical exact route can close the final serving gap by one patrol substitution.","Reconstruct the frozen m-1285 day10 ledger/state and 35 plan. For every patrol, enumerate its canonical anytime resource frontier with minimum5, maximum32, 1250000 settled states, preferredBrands0 and no wall deadline. Replace only that patrol action path in the frozen plan with each retained maximal route, then require ExactStepSimulator and IndependentDayValidator agreement and report the lexicographic best one-exchange score/mask/agent.","Read-only research probe; frozen parent library/replay/plan; canonical fixed-work exact frontiers; official lexicographic score; exact simulator and validator for every mutation; no elapsed-time claim; no source/cap/rank/operator change, BTC or promotion","m-1285 day10 frozen 35-serving witness","All 32 substitutions were exact-valid for each patrol 0,1,2,3,4,7, for 192 validator-agreed mutations. Every per-agent and global best remained 6/60/321; no retained exact route reached guidance36.","replay SHA256 D638BE3D0E136EF94542BBCE58AA6B086D6A7C872732EF27188392D5D19D2F77; witness SHA256 787F2C1774D11D08125115FD3F75488A222572CB0CB79692F14A877F5EB81DA4",not-applicable,not-run,accepted,"Canonical-frontier exchange is falsified. Reopen feasibility only through complete resource enumeration of unique oversubscribed-claim start states; do not implement exchange over the same 32 routes"
SCORE-ALNS-039,2026-08-09,afcd2da,rejected-proof-guided-prefix-before-generic-alns,"On frozen m-1285 day10 exact seed/local reach 34, regular ALNS reaches the exact-valid 35 witness, valid guidance remains 36, but the existing proof-guided phase receives zero iterations because it is scheduled after generic ALNS exhausts the absolute deadline. ATTR-ALNS-038 confirms regular StockMultiVisit activity but no proof-guided work.","When and only when proof_gap_operation reports a valid lexicographic score gap, execute at most one patrol sweep of the existing proof-guided repair loop before generic ALNS. Reuse the same synthesize_repair_columns, StockMultiVisit partner rule, exact evaluator, seen set and population retention. Then run the unchanged generic loop and any remaining proof iterations under the original absolute deadline and caps.","Official lexicographic comparator only; proof upper bound already computed by canonical planner; exact simulator and independent validator for every accepted mutation; total maximum generic/proof iteration counts and 5000 ms deadline unchanged; no route/rank/cap/operator change; no seed/map/match/fuel dispatcher; no mask bytes; closed-bound behavior unchanged; zero invalid/emergency; BTC target-host performance final","m-1285 day10 positive and m-1286 day10 closed-bound control","Unit suite passed. Candidate proof prefix ran 6 iterations, produced 36 routes and accepted 6 exact candidates but improved none. Generic ALNS fell from parent 35 iterations/1 improvement to candidate 31/0; candidate selected 6/60/320 versus parent frozen witness 6/60/321. Exact seed/local stayed34 and recombination improvement stayed0.","research/holdouts/SCORE-ALNS-039.csv SHA256 83CB73EF1A1EB78C841E2AFB966E12FEF511A1F85EB3680EBD14E71428F43E18","Unopened after the first causal gate regressed official tier3",not-run,rejected,"Do not retune prefix length/order on m-1285. Reopen proof scheduling only from a new diverse counterexample proving a specific existing proof repair improves before generic ALNS"
ATTR-ALNS-038,2026-08-09,afcd2da,read-only-alns-substage-counters,"ATTR-POOL-037 narrows the exact 34 to selected 35 transition to the ALNS interval but current btc_main output omits counters that distinguish existing-column mutation from synthesized/proof-guided Pareto repair.","Extend the research-only claim probe, linked against the unchanged frozen parent library, to invoke one canonical solve and print the existing AlnsDiagnostics fields: accepted/improvements, synthesized routes/accepted, proof-guided iterations/routes/accepted/improvements and attempted/accepted arrays by operator. Require the selected plan to equal the frozen 321 witness before interpreting provenance.","Research probe only; unchanged parent library and source; same frozen replay/state/ledger and 5000 ms cap; exact plan-byte equality required; one instrumented run; local elapsed time ignored; no logic/cap/rank change, BTC or promotion","m-1285 day10 parent ALNS diagnostics","Selected 6/60/321 plan matched frozen witness bytes. Regular ALNS was 35 iterations, 25 accepted, 1 improvement; 66 synthesized routes and 11 synthesized accepted. StockMultiVisit index4 was attempted5/accepted5. Proof-guided and recombination improvements were both zero. Existing aggregate counters cannot attribute the sole improvement to portfolio versus synthesized route, but prove proof-guided starvation while guidance remained 6/60/322.","replay SHA256 D638BE3D0E136EF94542BBCE58AA6B086D6A7C872732EF27188392D5D19D2F77; witness plan SHA256 787F2C1774D11D08125115FD3F75488A222572CB0CB79692F14A877F5EB81DA4",not-applicable,not-run,inconclusive,"Exact subsource remains unobservable. A new candidate may test only schedule priority of the existing proof-guided phase under a separately frozen diverse holdout; do not infer route synthesis provenance"
ATTR-POOL-037,2026-08-09,afcd2da,read-only-better-route-provenance,"ATTR-ROUTE-036 proves the feasible 0x9D8 route is not discovered by the capped exact enumerator. The canonical pipeline nevertheless produced it, so changing enumerator cap/order before identifying its existing source would duplicate capability and risk another circular tradeoff.","Trace the selected 35-serving plan through current decision/master/ALNS/recombination wiring and one frozen-parent replay-solve attribution run. Determine whether 0x9D8 originates in the initial route portfolio, independent candidate, ALNS candidate-route augmentation or recombination; report stage counters and action membership only.","Read-only source/runtime attribution; frozen parent binary and replay; one run, no repeated sampling or local performance conclusion; official score and exact validation only; no source change, cap/rank tuning, BTC or promotion","m-1285 day10 frozen-parent pipeline provenance","Frozen parent reproduced the exact witness at 6/60/321. Exact seed/local stayed 34 with zero exact improvements over 504176 nodes; final was 35, ALNS improvements=1 and recombination improvements=0. This narrows the gain to the one-agent ALNS interval, but current wire output omits per-operator, synthesized and proof-guided counters, so portfolio-column versus synthesized-repair provenance is not observable from this run.","replay SHA256 D638BE3D0E136EF94542BBCE58AA6B086D6A7C872732EF27188392D5D19D2F77; witness plan SHA256 787F2C1774D11D08125115FD3F75488A222572CB0CB79692F14A877F5EB81DA4",not-applicable,not-run,inconclusive,"Reopen only through a research wrapper exposing already existing AlnsDiagnostics from the unchanged parent library; do not add production telemetry or rerun the same output schema"
ATTR-ROUTE-036,2026-08-09,afcd2da,read-only-agent0-frontier-membership,"ATTR-MASTER-035 proves the entire 35-versus-34 gain is one agent-0 mask substitution from 0x999 to 0x9D8, but does not establish whether 0x9D8 is absent from the exact route frontier or present and missed by coordination.","Reconstruct the frozen m-1285 day10 state and invoke the canonical anytime resource enumerator for agent 0 with production semantic parameters: minimum five spots, 32 retained routes, 1250000 settled-state cap, preferredBrands zero. Use no wall deadline and report deterministic settled count plus membership/rank data for masks 0x999 and 0x9D8 in maximal/supplemental/terminal frontiers.","Read-only research probe; canonical parent library and frozen replay; exact production route semantics and fixed operation cap; no planner/decision/source change; no local timing claim; no threshold/cap tuning; no BTC or promotion","m-1285 day10 agent0 canonical frontier","Supported but incomplete at exactly 1250000 settled states; 32 maximal routes, no supplemental/terminal routes. 0x999 is retained at index1; feasible 0x9D8 is absent. Frontier includes eight five-spot masks, so discovered six-spot 0x9D8 could not have been rank-evicted. Its exact path uses 96 movement steps plus wait4 and raw fuel73 from initial100, ruling out refuel-dependent infeasibility.","replay SHA256 D638BE3D0E136EF94542BBCE58AA6B086D6A7C872732EF27188392D5D19D2F77; target masks derived independently in ATTR-MASTER-035",not-applicable,not-run,accepted,"Attribution complete: omission is cap-limited exploration before discovery. Do not reopen by merely increasing cap or retuning rank against m-1285; first trace the existing canonical source of 0x9D8"
ATTR-MASTER-035,2026-08-09,afcd2da,read-only-exact-claim-attribution,"SCORE-EXACT-034 proves a second supplemental frontier does not improve the 34-serving exact bundle, while an exact-valid canonical parent solve has an archived 35-serving day10 plan. The missing capability cannot be inferred safely without comparing per-agent/per-spot claim masks.","Build a research-only executable against the canonical simulator/validator. Reconstruct the authoritative m-1285 day10 state and ledger from accepted replay events, parse the frozen 35-serving plan, independently validate it, and report served/denied claims by agent, spot, stock and mask; do not call search or alter production source.","Read-only attribution; exact replay state and accepted-ledger reconstruction; canonical simulator and independent validator agreement; frozen plan bytes; no timing/performance claim; no planner/decision/source change; no BTC or promotion","m-1285 day10 replay and frozen parent 321 plan","Both frozen plans independently validated from ledger 6/54/286. Agents 1..7 are byte-identical. Agent0 changes only mask 0x999 {0,3,4,7,8,11} to 0x9D8 {3,4,6,7,8,11}; both claim and serve six. The exchange removes one excess stock claim at spot0 and uses spare stock at spot6, changing exact day score 34 to 35 with no other action change.","replay SHA256 D638BE3D0E136EF94542BBCE58AA6B086D6A7C872732EF27188392D5D19D2F77; 35-plan SHA256 787F2C1774D11D08125115FD3F75488A222572CB0CB79692F14A877F5EB81DA4; 34-plan SHA256 60CBC8BE30326307ED895B1111CCA39EB1E1BAA0B60EDC9CE6E726DCC9FE0832",not-applicable,not-run,accepted,"Attribution is complete; successor may inspect exact-frontier membership but may not infer or tune a retention policy from this single replay"
SCORE-EXACT-034,2026-08-09,afcd2da,rejected-lifetime-complete-supplemental-exact-routes,"On m-1285 day10 the accepted exact bundle serves 34 and exact coordination explores 504176 nodes including 500129 overlap nodes with zero improvement, while the canonical master/ALNS can reach 35 and guidance is 36. The low-fuel anytime enumerator retains only 32 maximal spot masks when lifetime coverage is already complete because supplemental retention is disabled at preferredBrands==0, even though daily distinct and servings remain official objectives.","Inside the existing fuel-constrained anytime path only, pass all public config brands as the preferred set when the ledger has no missing lifetime brand. This activates the existing separately capped supplemental exact-mask frontier and existing enhanced coordination pass; incomplete-lifetime behavior, high-fuel enumerator, route semantics, caps and official comparator stay unchanged.","Official lexicographic score only; no weighted sum or map/seed/match routing; exact simulator and independent validator for every admitted plan; existing 32-route cap per maximal/supplemental frontier and 1250000 settled-state cap; high-fuel and incomplete-lifetime paths unchanged; 5000 ms internal hard cap; zero invalid/emergency; BTC target-host performance final","m-1285 day10 exact-bundle attribution; unit exact-route validity","Unit suite passed. The candidate created two exact bundles instead of one and added one exact column per patrol, but exact seed/local remained 34 and final stayed 6/60/320 with guidance 6/60/322; zero invalid/emergency and exact overrun.","research/holdouts/SCORE-EXACT-034.csv SHA256 6A9D06F06DBB49FDE8B3EAC1CA983C3CD8D2C33683CD012DADFEB775A7D2655B","Unopened after the first causal positive gate produced no gain",not-run,rejected,"Reopen exact-route retention only from exact claim-mask attribution of a better canonical witness; do not retune supplemental rank or cap against m-1285"
PERF-SYNC-033,2026-08-09,afcd2da,rejected-incremental-partial-synchronization,"Archived low-fuel BTC m-1285 leaves the master deadline-open by 2-5 servings on all ten days. DFS performs up to 116625 partial synchronization checks/day; the current predicate reconstructs assigned masks, escort counts and selected refuel coverage by rescanning the whole partial selection on every node. High-fuel m-1286 is a closed-bound negative control.","Replace only the DFS full rescan with a reversible incremental state: push the newly selected column, maintain assigned-agent mask, escort member/tanker counts and selected required/provided refuel-event counts, evaluate the same feasibility predicate against the existing global provider masks, then pop exactly on rollback. Beam and final complete synchronization validation remain independent controls.","Official lexicographic comparator and portfolio/branch order unchanged; predicate equivalence for every partial selection; exact simulator and independent validator unchanged; no role/fuel/map/seed dispatcher; no new work budget; 5000 ms internal hard cap; zero invalid/emergency; local latency has no promotion authority; BTC target-host performance final","Unit suite and six fresh fixed-role semantic fixtures passed; final causal gate was m-1285 day10 against an exact frozen parent","Fresh fixed screen matched all 27/27 day plan hashes, scores and combination counts. On m-1285 day10 parent reached 6/60/321 with 5119 combinations and 195961 partial checks; candidate reached 6/60/320 with 1129 combinations and 9685 checks. Both were exact-valid and deadline-bound with guidance 6/60/322.","research/holdouts/PERF-SYNC-033.csv SHA256 C40DD7A1FDA69FEA54ABE1ED3B374506C56B82628386855465F30664C9B74CA1","Seeds 936000..936005 were opened for semantic screening and matched exactly; remaining lanes unopened after causal rejection",not-run,rejected,"Reopen synchronization performance only with target-host profiling that identifies a different concrete implementation bottleneck; do not retune incremental containers or use local elapsed time"
SCORE-ROLE-032,2026-08-09,afcd2da,rejected-operation-bounded-role-evidence,"SCORE-FINAL-001 changed no role source yet native seed 923007 flipped from mask8 at 6/24/38 to mask4 at 6/24/32; same-candidate fixed masks reproduce 38 versus 32. rollout_role_assignment feeds a 60 ms wall-clock-truncated Portfolio seed into official role score even in exhaustive selection, while timed selection also compares unequal-depth partial rollouts","Preserve EventConflict, MacroMCTS, route master, exact simulator and independent validator, but give each role assignment/day a candidate-independent fixed work allowance derived from the existing maximumCombinationsPerDay; wall-clock remains only an outer abort. A partial unit may not outrank a completed equal-depth unit; public config and fixed work limits only, no seed/map/match/fuel heuristic","Official lexicographic role and day score; same Portfolio/MCTS/master capability; equal work per assignment; deterministic seed and traversal; exact validation; 5000 ms role/solver hard cap; short and long horizons share one implementation; no weighted sum or fixture dispatcher; zero invalid/emergency; target-host performance final","Unit suite plus exact development seed 923007; frozen holdout research/holdouts/SCORE-ROLE-032.csv SHA256 FAB2F1E71CC90185AB56D11ADF7FBD604F1FD1331AD77C528C8F3C9E8BDDA44E.","Seed 923007 selected mask4 and finished 6/24/32 under both parent and candidate; operation-bounded evidence stabilized the losing coarse evaluation instead of recovering exact-better mask8 at 6/24/38.",FAB2F1E71CC90185AB56D11ADF7FBD604F1FD1331AD77C528C8F3C9E8BDDA44E,"Unopened after the first causal gate failed",not-run,rejected,"Reopen only with a new capability mismatch not already falsified by SCORE-ROLE-008/012/030/031/032; do not tune work counts or add width/time to force seed 923007"
SCORE-FINAL-001,2026-08-01,afcd2da,rejected-final-day-search-reallocation,"m-1285 day10 selected exact 6/60/320 below guidance 6/60/322 while master hit deadline and measured certification was zero; m-1286 day10 is the closed-bound negative control at 6/60/412","Only on the terminal day certify scenario profiles directly from already exact-simulated independently validated current-day candidates; reduce certification to the existing validation floor, transfer the released duration to search and remove the F0 future-profile reserve","Official lexicographic score; exact simulator and independent validator before candidate admission and after selection; 150 ms F0 guard; 25 ms validation floor; 1600 ms BTC network reserve; total and internal hard cap unchanged; all non-terminal paths byte-equivalent; zero invalid/emergency; BTC target-host performance final","Unit suite plus m-1285/m-1286 causal controls; frozen holdout research/holdouts/SCORE-FINAL-001.csv SHA256 CDBC63E7AF1FFA22E0B6C9CD5342CA3C0BC8A2E269B668C18567DACDC0116E66.","m-1285 day10 improved 6/60/320 to 6/60/321 and m-1286 tied 6/60/412 with zero invalid/emergency. General-fixed 0/12/0. Native lane stopped after seed 923007 changed role mask 8 to 4 and lost 6/24/38 to 6/24/32; exact parent provenance confirmed from 08771f1 whose planner/decision diff to afcd2da is empty.",CDBC63E7AF1FFA22E0B6C9CD5342CA3C0BC8A2E269B668C18567DACDC0116E66,"Opened general-fixed 0/12/0; native stopped on first causal regression",not-run,rejected,"Reopen terminal budget reallocation only after role evidence is operation-bounded and invariant to code-layout/local scheduling; do not hide a native-role regression behind fixed-role gains"
SCORE-ROLE-031,2026-08-01,afcd2da,rejected-parallel-isolated-role-rollouts,"m-1286 exact masks4/1 tie at 41 on day1 but diverge to 412/422; SCORE-ROLE-030 proves more serial width through 96 percent leaves the coarse rank wrong, and all-patrol day1/three-day marginal contributions incorrectly favor removing agent2, so neither centrality nor patrol-opportunity proxies are causal","For only long-horizon fuel above twice maximum day steps, decompose the independent role-assignment rollouts across isolated engine instances launched concurrently after the common probe; every assignment gets the same existing global 85 percent deadline and unchanged 256-combination/day exact rollout, then results merge under the unchanged official comparator","No proxy, learned score, tier relaxation, seed/map/match routing or search-space change inside an assignment; same beam and rollout function; isolated mutable caches; common deadline; low/default/medium and short paths byte-equivalent; returned width unchanged; 5000 ms hard cap; exceptions fail closed; zero invalid/emergency; BTC target-host performance final","m-1286 causal pair; m-1285 disabled negative control; concurrency safety and determinism","On the contended development host the isolated tasks made evidence quality depend on CPU competition: mask4 remained first at rollout 6/60/228 while exact-better mask1 fell to 6/55/218; elapsed 2947 ms is not a performance verdict, but the causal rank remained wrong and host-independence invariant failed","research/holdouts/SCORE-ROLE-031.csv SHA256 BAEC90234791109009D56D10402C5DD720B2399DB0A1A67DFF38036A14144EA2","Unopened after the development rank and host-independence gates failed; candidate and diagnostic instrumentation fully reverted; source byte-identical to afcd2da",not-run,rejected,"Reopen parallel role evaluation only with operation-bounded per-assignment work and deterministic evidence independent of CPU scheduling; do not use wall-clock concurrency to rank roles"
SCORE-ROLE-030,2026-08-01,afcd2da,rejected-high-fuel-finalist-refinement,"Fresh explicit-advanced BTC m-1286 high-fuel selected central one-tanker mask4 and scored 6/60/412; same-binary exact counterfactual mask1 stably reproduced 6/60/422 twice while the incomplete role rollout ranked mask4 only one serving ahead at 231 versus 230","Only for horizons above five days with fuel strictly above twice the maximum day steps and incomplete full-horizon evidence, take the top two assignments with the same patrol count as the official-rollout leader; split a bounded refinement window equally, rerun the canonical exact rollout with the richer existing 8000-combination portfolio, retain the lexicographic maximum old/new evidence for each identical mask, then apply the unchanged official comparator","No centrality/facility/seed/map/match routing; no weighted sum or tier relaxation; equal slices and identical canonical simulator/validator; old evidence cannot decrease per mask; low/default/medium and short horizons byte-equivalent; returned beam width unchanged; role wall at most 96 percent of 5000 ms; zero invalid/emergency; BTC final","m-1286 masks4/1 only; m-1285 negative control; historical central-role failures are protected","The bounded 8000-combination refinement consumed the window through 4794 ms but left the causal order unchanged: mask4 rollout 6/60/231, mask1 6/60/230; it did not expose the stable exact +10","research/holdouts/SCORE-ROLE-030.csv SHA256 4F399B26E148A0B58DAEB44551C12BF7502711D987B24C7DBFE73126EA2D859C","Unopened because the development counterexample remained; source and tests restored byte-identical to afcd2da",not-run,rejected,"Reopen m-1286 only with new trajectory-consistent multi-day attribution that explains days 2/4/5/7/10; do not retry wider or longer versions of the same coarse rollout"
PERF-DEADLINE-003,2026-08-01,08771f1,accepted-identical-action-resend,"BTC m-1278 received six valid ACKs at 3121..3130 ms, sent day7, then WinHTTP 12002 terminated the client; days8-10 were lost and a live lead became rank4 6/44/196","Use a request-level bounded ACK receive slice for POST actions; on retryable WinHTTP timeout or resend error, wait at least the BTC poll interval and resend the byte-identical body only while the authoritative day deadline permits another attempt; record retry telemetry","No solver/role/comparator/action-body change; no extra compute; 5000 ms hard cap unchanged; identical resend only; accepted ACK day must equal wireDay plus one; ledger applies once; zero invalid/stale/emergency; normal no-timeout path equivalent; BTC final","m-1278 transport attribution; controlled timeout-resend server; no local performance verdict","Controlled delayed-ACK probe produced two byte-identical bodies, one applied ACK and one retry event; this validates resend semantics only, not local performance","research/holdouts/PERF-DEADLINE-003.csv SHA256 AEF7B9C72F08FEAA2E79BE69CAFB6C16AC8D6FAC6942AD1A598C91DEFE680A6A","m-1283 normal production path and m-1284 forced exact-body resend both completed 10/10 valid applied ACKs, 9/9 reconciled transitions, zero invalid/stale/emergency and exact replay-check summaries","m-1283 rank1 6/60/312, max response 2958 ms, max solver 2925 ms, replay SHA256 E085ACA345C2361FBBD05142905FF64EC4341D27EB6AF2795A3C6A965CF6A173; m-1284 forced resend rank1 6/60/277, max response 3060 ms, max solver 2848 ms, replay SHA256 F0454045E278E7D696FBA365335CB41764971D0E5EC0587A2808DBDE9EEBAAA9; final production exe SHA256 ACA63DCC68DA5339DF98A7D5BCC792AF168D97CF09F382861540A1341B4BF7E0",accepted,"Reopen only on action-body drift, duplicate ledger application, stale-day acceptance, invalid response, 5000 ms violation or fresh target-host ACK-tail failure"
SCORE-ROLE-029,2026-08-01,08771f1,rejected-terminal-day-executable-probe,"Exact day trajectories separate the positive and negative archive examples at the final day: m-1266 one/double servings 18/29 while m-1241 one/double are 37/30; aggregate role rollout hides this because all 16 masks share tiny per-day slices and the simplified portfolio cannot express fuel-supported late harvest","End coarse low-fuel long-horizon rollout at 75 percent; retain the start state and ledger of the final simulated day for the best one-tanker and best two-tanker; split the interval to the existing 92 percent role wall equally and re-solve that final day with production-like columns, harvest extensions and conditional exact orienteering; admit two tankers only if coarse lifetime ties and the executable terminal score is no worse in lifetime/daily and lexicographically beats one tanker","No weighted sum or aggregate tier trade; terminal probe is an exact simulated official day score from the candidate's own coarse state; no seed/map/family routing; same role masks and caller width; short/default/high unchanged; exact simulator/validator; 5000 ms hard cap and 92 percent role wall; zero invalid/emergency; BTC final","Loaded-local diagnostic produced only 4/4/9 for the best one-tanker and 3/3/10 for mask192; because the result is deadline-sensitive on a contended local host it is not a valid performance rejection","Fresh BTC m-1278 and m-1280 selected two tankers only where one- and two-tanker coarse lifetime/daily already tied, so the parent SCORE-ROLE-023 fallback was sufficient; the terminal probe remained at 4/4 on m-1280 while production reached 6/6","research/holdouts/SCORE-ROLE-029.csv SHA256 61BE95EAB2FCDA6886CF8EB68CC3009C42F39B55DE3FEDC3B320F8C993C8A6DB","Holdout unopened because the mechanism failed causal attribution; candidate absent from source","m-1278 transport-incomplete rank4 6/44/196; m-1279 mask1 rank1 6/60/310; m-1280 mask192 10/10 valid rank1 6/60/300 but parent equality fallback already explains the selection; replay SHA256 FAB35645B9FEBA89E4A2DC0DEF0C864B24F8172D2DBB5542E97875CF65E86F44",rejected,"Reopen only with a trajectory-consistent multi-day finalist witness inside 5000 ms; do not re-solve a terminal day from an already-diverged coarse state"
SCORE-ROLE-028,2026-08-01,08771f1,inconclusive-role-rollout-harvest-parity,"Exact m-1266 mask192 produced 25-29 servings per day and 6/60/267 in the current run versus live mask1 6/60/228, with gains concentrated after day3; role rollout mask192 saturated patrol fuel at 600/600 but repeated about 18 servings per day because rollout generation never enables the harvest-extension capabilities used by the full production solver","For long-horizon low-fuel full role rollouts only, enable the engine's existing production harvest-extension path with the same configured mode, uncached-target allowance, source count and day-dependent extension depth; retain the current master, official comparator, role beam and deadline","No new heuristic or proxy; reuse canonical production generator semantics; no weighted sum/seed/map/family routing; short/default/high and one-day probes unchanged; exact simulator/validator; same 5000 ms and 85 percent rollout wall; caller width unchanged; zero invalid/emergency; BTC final","Loaded-local diagnostic left one tanker ahead and mask192 at 6/46/164, but the timed result is load-sensitive and cannot reject the candidate","No semantic invalidity observed; local timing has no authority","research/holdouts/SCORE-ROLE-028.csv SHA256 0EF4FBFEA6850208765A92E5772849A08D52EC8A28544E8E9DBC7B55F850EA1D","Unopened pending BTC target-host development gate",not-run,inconclusive,"Resolve only on BTC live at 5000 ms; do not use contended-local timing to reject or promote"
SCORE-ROLE-027,2026-08-01,08771f1,rejected-brand-stratified-anytime-columns,"Temporary day-level telemetry on m-1266 mask192 showed master selected every day and patrol fuel reached the full 600/600 by day4, yet the role rollout repeatedly delivered 18 servings while covering only four or five of six brands; RouteColumnGenerator sorts target spots by rarity/stock and truncates queries/seeds by spot rather than brand, so duplicate high-stock brands can consume the six-target anytime cap","Preserve the existing priority order but promote the first reachable target of every brand ahead of duplicate-brand targets in both query order and retained seed order; after one-per-brand coverage, fill remaining slots by the unchanged priority and spot-diversity rules","Official lexicographic daily coverage precedes servings; no weighted sum; no seed/map/family routing; identical query/seed caps and deadlines; no added search complexity class; exact simulator/validator; caller role width unchanged; 5000 ms hard cap; zero invalid/emergency; BTC final","On m-1266 brand stratification raised one-tanker mask2 rollout to 6/60/169 and selected it over mask1, while the best visible two-tanker remained only 6/52/179; archive exact scores are mask2 6/60/206 versus mask1 6/60/228, so the candidate chose a mask known to lose 22 servings and still failed to expose profitable mask192","Better proxy coverage did not improve exact role ranking and instead overfit the incomplete evaluator's daily tier","research/holdouts/SCORE-ROLE-027.csv SHA256 4CFF75E3D849C82466BBCCB1FEC1ED2FFB8ADAE98C800083474877C1BAF763D8","Unopened after development failed; m-1241 and protected lanes were not run",not-run,rejected,"Reopen column diversity only with exact-plan attribution proving the newly retained columns also improve the actual day solver; do not promote on rollout coverage alone"
SCORE-ROLE-026,2026-08-01,08771f1,inconclusive-paired-finalist-refinement,"At 5000 ms the expanded 16-mask low-fuel beam receives equal coarse slices only through 85 percent of the role budget; m-1266's profitable two-tanker mask192 trails the best one-tanker on coarse rollout daily score and is rejected, while the remaining 7 percent to the 92 percent role wall is used only for selected-role prewarming","Within the existing 92 percent role wall, re-run only the current best one-tanker and best two-tanker finalists using the richer 8000-combination rollout configuration and equal deadline slices; retain the lexicographic maximum old/new evidence for each identical mask, then apply the unchanged lifetime-and-daily equality fallback","No weighted sum or daily relaxation; no seed/match/family routing; same masks and official score comparator; per-mask evidence only improves lexicographically; caller width unchanged; 5000 ms hard cap and 92 percent role wall unchanged; exact simulator/validator; zero invalid/emergency; BTC final","Loaded-local diagnostic left mask192 at rollout 6/48/176; this deadline-sensitive observation has no performance authority","No semantic invalidity observed; local timing cannot resolve the mechanism","research/holdouts/SCORE-ROLE-026.csv SHA256 A785F6F89FA8AEBD7BA4924CF1FA4FDFA529798F5C3B9D9507C0F6D67B65D238","Unopened pending BTC target-host development gate",not-run,inconclusive,"Resolve only on BTC live at 5000 ms; local may verify equivalence and invariants only"
SCORE-ROLE-025,2026-08-01,08771f1,rejected-terminal-fuel-two-tanker-gate,"m-1266 retained two-tanker mask192 exact 6/60/275 versus champion mask1 228, but strict rollout daily equality rejects 6/48/176 versus 6/51/192; SCORE-ROLE-024 proved servings-per-patrol is unsafe","Retain lifetime equality and existing exact-daily equality path; when two-tanker daily trails by at most one configured brand-day, admit it only if terminal patrol fuel per patrol is strictly higher than the best one-tanker, compared exactly by int64 cross multiplication","No weighted sum; no seed/match/family routing; terminal fuel is simulator state not local timing; daily gap bounded by brand count; 4/5-day and default/high unchanged; caller width and 5000 ms unchanged; exact simulator/validator; zero invalid/emergency; BTC final","m-1266 mask192 has terminal fuel 600/6 versus single486/7 and exact +47. On the development counterexample m-1241 the candidate instead selected mask96 from rollout 6/56/211 and fuel466/6 over mask32 at 6/57/195 and fuel328/7; exact mask96 scored 6/60/302 versus mask32 6/60/331, a 29-serving loss","Terminal fuel measures unused surplus after under-serving and fails to separate the positive and negative examples","research/holdouts/SCORE-ROLE-025.csv SHA256 1440E646C8C91B0485E181734B201132368E4306AF581836270C07FAB3B20A66","Unopened after the development counterexample triggered rejection",not-run,rejected,"Reopen only with a new pre-score capacity signal causally tied to deliverable late-horizon servings that separates m-1266 mask192 from m-1241 mask96; do not tune on the frozen SCORE-ROLE-025 holdout"
SCORE-ROLE-024,2026-08-01,08771f1,rejected-patrol-normalized-two-tanker-gate,"BTC m-1266 live one-tanker mask1 scored 6/60/228 while retained two-tanker mask192 exact counterfactual scored 6/60/275; strict incomplete-rollout daily equality rejects mask192 at 6/48/176 versus 6/51/192","Keep lifetime equality; permit two-tanker rollout daily to trail the best one-tanker by at most one configured brand-day only when two-tanker tier3 servings per patrol are at least the one-tanker rate, compared exactly by cross multiplication; retain all SCORE-ROLE-023 beam and capacity gates","No weighted sum; no seed/match/family routing; daily loss bounded by brand count; per-patrol rate uses int64 exact cross multiplication; 4/5-day and default/high unchanged; caller width unchanged; same 5000 ms; exact simulator/validator; zero invalid/emergency; BTC final","Development: m-1266 mask192 exact +47; m-1241 normalized rate rejects exact -49; m-1264 mask80 exact +49; m-1255 prior mask80 exact +27","The discriminator explains three opened gains and one loss but fails total-capacity protection on fresh high-stock and threshold fixtures","research/holdouts/SCORE-ROLE-024.csv SHA256 3CE6EFA05711CC4C12769557CC44EDCB169FBF5F23B6B737D674F32AEA415AEB","General short 0/6/0 exact. All 12 low cases reached 6/60 with zero invalid/emergency; 7 retained the same role mask and exposed local cutoff noise as large as -83. Five masks changed. Seed861001 was unstable across fixed repeats and excluded from causal verdict. Stable same-binary fixed attribution on the other four flips was 2/0/2: gains +6,+5=11 versus losses -54,-15=69, tails +6/-54 across overnight and rare-brand gains versus high-stock and threshold losses. Default/high and BTC were not opened after the material global reject condition fired",not-run,rejected,"Reopen only with new pre-score telemetry for total late-horizon capacity that independently separates m-1266 from high-stock seed861004 and threshold seed861008; do not tune on opened holdout masks"
SCORE-ROLE-023,2026-08-01,5599e76,accepted-lowfuel-stratified-comparison-beam,"Timed selector probes only all-patrol and at-most-one-tanker masks; with production width8 those refined masks fill the beam and make the SCORE-ROLE-022 discriminator unreachable even though width16 exposes profitable m-1264/m-1255 two-tanker masks","For long-horizon low-fuel matches only when two tankers still leave at least one patrol per brand, internally expand the same-deadline comparison pool to min(mask count,max(requested width,2*agent count)); retain the caller-visible requested width after selection; on incomplete evidence select the best two-tanker only when its rollout lifetime and daily tiers exactly tie the best one-tanker","No extra time beyond 5000 ms; no seed/match/family routing; requested result width unchanged; 4/5-day and default/high fuel semantically unchanged; first two rollout tiers cannot regress; exact simulator/validator; zero invalid/emergency; BTC final authority","Production beam8 integration selected m-1264 mask192 for exact +65 and m-1255 mask80 for +27 while retaining m-1241 mask32 and avoiding its -49 counterexample; unit suite passed","The production-width mechanism reproduces two independent gains and one protected counterexample within the same role deadline","research/holdouts/SCORE-ROLE-023.csv SHA256 B2F0A6E8532F0CEFA8408BAF5A6378133FBCFE441943D6C99D9091799081676A","Fresh low-fuel 4/1/3, all tier3, gains +9,+1,+46,+5=61 versus losses -3,-23,-8=34, tails +46/-23, zero invalid/emergency. General short raw 1/5/0 with one noncausal timed mask crossover +1. Default raw 0/1/3 (-3,-5,-23) and high raw 1/1/2 (+3,-9,-6), but all eight default/high cases retained identical masks with candidate branches disabled, so causal 0/8/0; no tier1/tier2 regression","m-1266 explicit advanced low: live mask1 rank1 6/60/228 versus next bot 6/59/158; parent selector chose mask4 and exact counterfactual scored 6/60/220, causal +8. Role wall4641 ms; action p95/p99/max3178 ms; decision max3105 ms; 10/10 HTTP200 valid; 9/9 transitions; emergency0; replay SHA256 11F037E67D344D14D0E9A8AA9230D4DC482D3A5272DA764732C340980F690649",accepted,"Reopen on any target-host role wall at or above 5000 ms, tier1/tier2 regression, systematic low-fuel tier3 downside, caller-visible beam-width drift, invalid/emergency output or new exact counterexample where the equality guard admits a materially losing two-tanker assignment"
SCORE-ROLE-022,2026-08-01,5599e76,rejected-tier-preserving-two-tanker-fallback,"Long-horizon low-fuel role rollout underprices two-tanker future logistics: m-1264 mask128 6/60/261 versus masks192 326 and144 330; m-1255 mask64 286 versus masks80 313 and48 305; blanket two-tanker loses m-1241 mask32 331 versus mask96 282","When long horizon and low fuel have incomplete evidence, compare the best existing one- and two-tanker beam members; choose two tankers only if at least one patrol remains per brand and lifetime plus daily-distinct rollout tiers exactly match the one-tanker fallback; use the official comparator only within each tanker-count class","No seed/match/family routing; 4/5-day and default/high fuel unchanged; original beam/search/budget; first two official tiers may not regress in the fallback evidence; exact simulator/validator; zero invalid/emergency; 5000 ms; BTC final authority","Development beam16 selected profitable masks192 and80 and protected m-1241 mask32, but production beam8 retained no two-tanker assignment on m-1264 or the three archive probes","At beam16 two-tanker gains +65 on m-1264 and +27 on m-1255 while m-1241 is protected; at production beam8 the mechanism is unreachable because probed all-patrol and one-tanker assignments fill the beam","research/holdouts/SCORE-ROLE-022.csv SHA256 15A17CBA3606B5141237928DD2405B58888D1C01D59AB837E1316AF736285E92","General short 0/6/0 raw and causal with exact masks/scores; BTC-low raw 0/2/2 with same-mask tier3 noise -4/-2, causal 0/4/0; archive m-1252/m-1138/m-1134 and m-1264 production beam8 expose no two-tanker member; zero invalid/emergency",not-run,rejected,"Reopen only with a separately preregistered mechanism that guarantees tanker-count diversity inside the same 5000 ms beam and preserves the caller-visible beam contract"
SEM-REFUEL-001,2026-08-01,8caea45,no-source-change,"m-1258 transitions to days 9 and 10 gave full fuel 300 to patrols that first arrived on the tanker cell at terminal step 100; simulator predicted 185 and 194 under the documented full-colocation-step rule","Create a preregistered advanced BTC conformance match and submit a plan where one patrol first reaches the stationary tanker exactly on the final step while a control patrol completes at least one full co-location step; compare authoritative next-day fuel with both independent local engines","No source or solver change; exact submitted actions and server states retained; one mechanism only; 5000 ms; no score-promotion authority; distinguish terminal arrival from sustained co-location and ordinary carryover","All 37 archived live replays; m-1258 is the only terminal-arrival/full-refuel example","m-1258 a5 day8 expected 755/185 actual 755/300 and a7 day9 expected 755/194 actual 755/300; m-0922 has unrelated same-position +7 fuel mismatch with tanker elsewhere; no other live transition mismatch of this shape","research/holdouts/SEM-REFUEL-001.csv SHA256 A0BB8C62110D8EB434E07AFE76771867574864FB799E031F13DE7E4A26DFF937","m-1261 accepted assignment [tanker,patrol,patrol] and the exact day1 probe; terminal-arrival patrol reached tanker cell63 only at step20 and authoritative day2 fuel was full20 instead of local14; sustained control also returned full20; evidence research/evidence/SEM-REFUEL-001-m1261.json","authoritative rule page still says co-location at least one step, but m-1258 natural cases and isolated m-1261 prove the day boundary counts terminal co-location for next-day fuel",accepted,"Reopen attribution only if BTC changes server semantics; implementation and protected parity are tracked separately as SEM-REFUEL-002"
SEM-REFUEL-002,2026-08-01,8caea45,accepted-end-day-refuel-transition,"SEM-REFUEL-001 proved BTC gives full next-day fuel when a patrol first reaches a tanker on the terminal step, while both local engines preserve pre-arrival fuel","After all current-day action validity, pickup, traffic and scoring are finalized, set next-day final fuel to capacity for every patrol sharing its terminal cell with any tanker; implement independently in simulator and validator and expose the boundary state in the final trace snapshot","No fuel may be spent retroactively; current-day validity, score, claims and road footprint byte-equivalent; only terminal co-location changes final fuel; noncolocated and intra-day full-step behavior preserved; 5000 ms; independent validator; BTC final authority","m-1261 isolated counterexample; independent unit branches pass; all 37 live replays rescanned","m-1258 transition reconciliation improved 7/9 to 9/9 with no new mismatch in 37 live replays; the only remaining mismatches are unrelated m-0922 +7 fuel with tanker elsewhere and incomplete/reconnect m-1131","research/holdouts/SEM-REFUEL-002.csv SHA256 602B29A9A43E626C99F2C4919985B11DE8839B8CB11DF9236BEF54B22FF94626","Frozen paired matrix 8/11/5 with zero invalid/emergency. Fixed general 3/3/0; native general 1/4/1 with one tier2 win and one -5 tier3 loss; BTC default 1/0/3 with +5 win and three -1 losses; low 3/1/0 with +1,+86,+24; high 0/3/1 with one -1 loss. All losses tier3; largest downside 5","m-1264 explicit advanced low-fuel: mask128; rank1 6/60/261 versus 6/60/202 next; 10/10 HTTP2xx valid and validator-agreed; 9/9 transitions reconciled; zero skip/WAIT/emergency/overrun; max solver2845 ms; role replay3956 ms; replay SHA256 2811EC26C075829D63F61B7949394470B568CFDA72F6B30A51838CF9ACD4540A",accepted,"Reopen only on new authoritative BTC contradiction, any noncolocated fuel change, simulator-validator disagreement, systematic tier1/tier2 regression or target-host hard-cap failure"
BTC-COMBINED-001,2026-08-01,6f84a06,PERF-DEADLINE-001+SCORE-ROLE-016,"The frozen role candidate required a target-host safety and score gate after the performance fix cleared the prior m-1228 deadline failure","Run the unchanged combined binary on a fresh explicit-advanced low-fuel BTC practice match","Hard; three bots; 10 days; 32x32; 100 steps/day; 5000 ms; eight agents; 12 spots; six brands; fuel 1x=100; zero invalid/emergency/overrun; independent validator","No development tuning on m-1241","Live assignment mask 32; parent and candidate replay-role scans also select mask 32, so this is safety/runtime evidence rather than causal role-gain evidence","Replay SHA256 88DB2191111AAFB039CCB5477CFB2624EF12354CA48E1857CA00EB1621918DFA","10/10 HTTP 200 valid; max response 3224 ms; zero emergency and exact overrun; replay-check reconstructed 6/60/340","m-1241 rank 1 at 6/60/340 versus bots 6/58/181, 6/58/171 and 6/57/185",accepted,"Reopen this lane only on invalid/emergency/deadline failure or a materially different published BTC configuration"
PERF-DEADLINE-001,2026-08-01,6f84a06,provisional-working-tree,"BTC m-1228 day 1 spent 7333 ms in exact orienteering and 7532 ms total against a 4353 ms internal solver profile; stale queue entries were not counted by deadline polling and exact team feasibility still searched after reaching a proven absolute score bound","Poll deadlines by processed bucket/queue entries; cache exact terminal hex distances; enumerate independent high-fuel patrol starts with at most four workers; cancel team coordination cooperatively; skip feasibility only when the incumbent equals the absolute all-brand and sum(min(stock,patrolCount)) upper bound","No score/comparator/route-width/role/simulator change; byte-equivalent action portfolio when work completes before deadline; exact simulator and independent validator agreement; zero invalid/emergency; internal hard cap 5000 ms; BTC target host final authority","Targeted expired-deadline and no-deadline equivalence tests plus m-1228 day-1 replay on parent/candidate","Tests pass; m-1228 parent/candidate byte-identical at 6/36 and fresh BTC m-1235 passed 10/10 valid with rank 1 at 6/60/337","Repeated fixed-role BTC-scale screen seeds 700000/710000/720000","General fixed/native tied 6/6 each with zero invalid/emergency; all BTC-scale runs kept 6/60 and validated, while tier-3 deltas were default -3 then -2, low -13 then +14, and high -7 then 0, proving local deadline/load cutoff noise is inconclusive","m-1235 explicit hard/3-bot/10-day/32x32/100-step/5000-ms/8-agent/12-spot/6-brand/fuel200: 10/10 HTTP 200 valid, max response 2647 ms, zero emergency, zero exact overrun, validator agrees all days, rank 1 at 6/60/337 versus 6/60/293 next",inconclusive,"Run the frozen combined stack on a fresh explicit BTC low-fuel 1x match; reject only on target-host invalid/emergency/deadline or material score failure, not local tier-3 cutoff noise"
SCORE-ROLE-016,2026-08-01,6f84a06,inconclusive-global-enable,"The exact SCORE-ROLE-002 mechanism had two demonstrated gains/preservations and a six-replay tie but was rejected solely because m-0929 lost 10 tier-3 servings with lifetime/daily unchanged; the corrected promotion rule allows bounded sparse downside when global paired benefit is sufficiently large","For each timed beam assignment retain the parent narrow rollout and add a production-width rollout from the same unrefined assignment only with remaining time; choose their exact lexicographic maximum, then measure selected-role consequences across unique complete BTC setups without retuning","Official per-match lexicographic score; no weighted tier sum; exact simulator/validator agreement; zero invalid/emergency; internal role/day cap 5000 ms; global verdict reports W/T/L, first differing tier, gain/loss magnitude and strata; BTC target host is final authority","Previously opened m-1143/m-1138/m-0929; 22-replay BTC archive; 60-map exhaustive-role control","22-replay BTC archive exact 3/17/2 with daily net +5 and servings net +148; the 0/56/4 exhaustive control did not call select_roles_until and included PERF-DEADLINE-001, so it has no causal role verdict","research/holdouts/SCORE-ROLE-016.csv SHA256 16F8E3A820D33BF42FA0791D64E125D635962C6E926298213AEDCD8B19C78312","Positive non-monotonic archive evidence; exhaustive control retained only as combined-build timing evidence","m-1241 combined safety gate passed rank 1 at 6/60/340, but live mask 32 matched parent and does not prove causal role gain",inconclusive,"Resolve only with a frozen deadline-role parent-versus-candidate gate on the actual select_roles_until runtime path"
SCORE-ROLE-017,2026-08-01,6f84a06,rejected-measurement-design,"SCORE-ROLE-016 gained on 32x32 setups with 12/13 spots while the apparent small-input losses came from a later-proven non-causal exhaustive control","Run the frozen nested production-width role rollout only when configured spot_count exceeds the parent narrow maximumTargetSpots cap of 8; otherwise skip the duplicate pass and retain the parent path","Observable semantic capacity boundary only; no seed/match/family routing; unchanged wide mechanism above the boundary; exact parent role path at or below the boundary; 5000 ms; exact simulator/validator; zero invalid/emergency","General seed 320003 causal audit","Base scored 6/30/39 mask4; PERF-only 6/30/34 mask8; guarded build 6/30/39 mask4 even though spots<=8 executes the same narrow logic, proving cross-binary wall-clock confounding","research/holdouts/SCORE-ROLE-017.csv SHA256 80FB3CE309A2E3D43F5A36EDBAD0F37C56FA4127713B85B5B8DE8879BA989159","Manifest used exhaustive mode and therefore did not execute the timed candidate path; no valid candidate holdout opened",not-run,rejected,"Reopen only as a new two-phase candidate with a deadline-role manifest and a causal PERF-only parent"
SCORE-ROLE-018,2026-08-01,PERF-DEADLINE-001,rejected-two-phase-slack,"Interleaving wide rollout inside each assignment slice could consume time before later parent narrow witnesses were constructed; prior exhaustive matrices did not exercise this timed path","Run every parent narrow beam member through the original shared 85% rollout boundary; use only genuine remaining pre-85% slack for same-assignment production-width rollouts when spot_count>8","Official lexicographic comparator; exact simulator/validator; no seed/map/family routing; role/day hard cap 5000 ms; BTC final authority","Cross-binary general seeds 330000-330005 then same-binary causal seeds 340000-340005","Cross-binary screen appeared 1/5/0 but changed masks when the wide stage was unreachable; same-binary screen then appeared 0/3/3 despite the same unreachable stage, proving wall-clock cutoff noise and no causal general benefit","research/holdouts/SCORE-ROLE-018.csv SHA256 A4688DA19C5B6A6611125DF7C3E13659C5EA5727C7FDCE2431CEA9D996590726","No BTC-like holdout seeds opened; mechanism removed without tuning","m-1252 low-fuel live returned all-patrol mask 0 and rank 4 at 6/52/138; exact-valid one-tanker counterfactuals reached mask64 6/60/315 and mask4 6/60/284; replay SHA256 B443AB6C3AC0A73EE6FB623E559684AF0A590CE1C2B8DCA3FD6F5ABCA45B87A4",rejected,"Reopen wide role rollouts only with a deterministic evidence-comparability design and a new counterexample not explained by incomplete timed evidence"
SCORE-ROLE-018-CAUSAL,2026-08-01,PERF-DEADLINE-001,rejected-measurement-design,"The first deadline-role general screen changed masks even when spot_count<=8 made the candidate stage unreachable, proving cross-binary wall-clock confounding","Run the same binary twice with only the research wide-slack switch disabled/enabled","Identical binary/code layout/day planner/PERF parent; official lexicographic score; 5000 ms role/day cap; exact simulator/validator; zero invalid/emergency","Same-binary seeds 340000-340005","Candidate appeared 0/3/3 even though the wide stage was unreachable; toggling a timed path is not a deterministic causal A/B when wall-clock cutoff changes incumbent construction","research/holdouts/SCORE-ROLE-018-CAUSAL.csv SHA256 2626EED2A950B53CBF7915DFD9316695D5EA0C0195CAD4DCF6171A4334573F15","No BTC-like seed opened",not-run,rejected,"Reopen only with fixed-operation evidence or explicit completeness telemetry; do not interpret wall-clock mask drift as a mechanism score"
SCORE-ROLE-019,2026-08-01,PERF-DEADLINE-001,rejected-validity-as-completeness,"BTC m-1252 low-fuel role selection returned all patrols and finished 6/52/138 while exact-valid one-tanker counterfactuals restored daily coverage to 60","Track whether every narrow-beam assignment returned a valid full-horizon plan; under low fuel and any invalid rollout, prohibit all-patrol from winning the cutoff","Official lexicographic comparator; no seed/match/map-family/tanker-ID routing; 5000 ms; exact simulator/validator; zero invalid/emergency","Frozen general seeds 350000-350005","All six plans were valid and the mechanism did not causally act; two mask/serving differences across separate timed processes were wall-clock noise","research/holdouts/SCORE-ROLE-019.csv SHA256 4950DD5E3EBF4C73E520374C43190A13AA9E50C0033587DA7C00BB84B85DF957","BTC-like seeds were not opened under this mechanism because rolloutValid did not measure equal-depth deadline completion",not-run,rejected,"Reopened immediately as SCORE-ROLE-020 only after adding explicit per-stage deadline-completion telemetry; the old manifest is retired"
SCORE-ROLE-020,2026-08-01,PERF-DEADLINE-001,safe-scoped-deadline-complete-lowfuel-fallback,"BTC m-1252 mixed unequal-depth timed role evidence and returned all patrols at 6/52/138; exact one-tanker counterfactuals reached 6/60/315 and 6/60/284","Track rolloutComplete separately from rolloutValid; if any narrow-beam evidence is incomplete and fuelLimit<=max(daySteps), prohibit all-patrol and return the best existing exactly-one-tanker assignment by the official comparator","Official lexicographic comparator; no weighted sum; no seed/match/map-family/tanker-ID routing; original narrow beam and 5000 ms boundaries; default/high fuel unchanged; exact simulator/validator; zero invalid/emergency; BTC final authority","m-1252 attribution; BTC-like low-fuel seeds 760000-760003 development only","Unit branches pass; development causal 1/3/0 with seed760001 mask0 6/60/160 versus mask32 6/60/422; zero invalid/emergency","research/holdouts/SCORE-ROLE-020.csv SHA256 12193CD454ACBF9EA5248C9CBB1A24DE46FA0F67BD280519929099834B4081D8","General 6, BTC-low 4, default 2 and high 2 were 14 causal ties after same-mask cutoff noise and two crossover reproductions were excluded; zero invalid/emergency; no systematic tier downside","m-1255 mask64 in 3911 ms; 10/10 HTTP 200 valid; validator all days; max solver 2564 ms; zero emergency/overrun; rank1 6/60/247 versus 6/60/222 next; replay SHA256 E3A467251223CE545680DE2731C336805FA6A9788A8CB48D1F71A425AAADC3B0",inconclusive,"Retained only as safe scoped evidence; superseded by SCORE-ROLE-021 because default-fuel 10-day timed selection can also flip all-patrol and lose tier 2; no commit"
SCORE-ROLE-021,2026-08-01,PERF-DEADLINE-001,accepted-long-horizon-incomplete-fallback,"Default-fuel 10-day seed771001 crossed between all-patrol 6/56 or 6/50 and one-tanker 6/60 solely with run order; unequal-depth timed role evidence can lose tier 2 across fuel regimes","For horizons longer than five days, if any narrow-beam role rollout hits an internal deadline, prohibit all-patrol and return the best existing exactly-one-tanker assignment; preserve 4/5-day horizons","Official lexicographic comparator; no seed/map/fuel/tanker routing; original beam and 5000 ms; exact validator; zero invalid/emergency; BTC final authority","No score before manifest freeze","Unit tests pass; short-horizon branch protected","research/holdouts/SCORE-ROLE-021.csv SHA256 31D9677FC73E4189CD2FC6604979427E349808E776827020359430CF7F229325","Frozen screen 3/15/0 causal with zero invalid/emergency: general 6 ties; low/default 8 same-mask ties; high seed782001 gained daily +2, seed782002 gained daily +3 and reproduced +8, seed782003 gained 67 servings, seed782000 tied","m-1255 low fuel rank1 6/60/247 with 10/10 valid; m-1257 exposed a submission-floor block rather than a role invalidity; composed PERF-DEADLINE-002 target m-1258 selected mask16 and finished rank1 6/60/415 with 10/10 HTTP200 valid, zero skip/WAIT/emergency/overrun, replay SHA256 6BA3E14F97259CB0259DEB4F014C6FF86DBC28EE71ED6BC58143052C2C499D1B",accepted,"Reopen only on a new frozen counterexample showing a systematic or material role regression, invalid/emergency output, or a 5000 ms target-host violation; do not retune on opened fixtures"
PERF-DEADLINE-002,2026-08-01,PERF-DEADLINE-001+SCORE-ROLE-021,accepted-submit-floor-800,"BTC m-1257 discarded four exact-valid decisions with 989-1498 ms remaining because the final HTTP gate required 1500 ms, producing server WAIT and 6/52/254","Keep the 1600 ms solver network reserve and all search/actions unchanged; lower only the final submission go/no-go floor to 800 ms; retain authoritative post_until_deadline and exact WAIT below the floor","No solver/role/comparator/action change; exact simulator/validator; no invalid/stale action; internal 5000 ms hard cap; BTC target-host final authority; report p95/p99/tail rather than local latency","366 replay files and 794 successful action POSTs plus m-1257 skip attribution","Archive POST RTT p50 13 ms p95 81 ms p99 594 ms max 4773 ms; 8 above 500 ms and 4 above 1000 ms; m-1257 observed 8-12 ms except one 443 ms; 800 ms is p99 plus 206 ms margin","research/holdouts/PERF-DEADLINE-002.csv SHA256 2A52D220E342B2780063DE65D3F0DE4FE4DF75B931F3B508E4C355A403144A57","Replay audit showed all four m-1257 skips had at least 800 ms remaining; fresh m-1258 then submitted all 10 days with HTTP200, zero skip/WAIT/emergency/overrun, max solver 3130 ms and POST RTT 7-49 ms","m-1258 rank1 6/60/415 versus 6/60/363, 360 and 351; independent validator accepted every plan; replay SHA256 6BA3E14F97259CB0259DEB4F014C6FF86DBC28EE71ED6BC58143052C2C499D1B",accepted,"Reopen only if a fresh target-host sample shows invalid/stale submission or a systematic loss caused by the 800 ms final gate; solver reserve remains 1600 ms"
PERF-ATTRIB-002,2026-08-01,6f84a06,observational-harness-only,"PERF-DEADLINE-001 first appeared to lose tier-3 score on three fixed-role BTC-scale screens","Record per-day exact score, deadline and deterministic plan identity for parent and candidate on seeds 700000/710000/720000 without altering score logic","No production logic change during attribution; fixed roles and identical fixtures; exact simulator/independent validator; 5000 ms cap; opened seeds are development only; no use of SCORE-ROLE-016 holdout for tuning","BTC-scale fixed-role seeds 700000 default, 710000 low, 720000 high","Every run preserved 6/60 and validated; all days were deadline-limited and action hashes varied; low flipped candidate delta from -13 to +14 and high from -7 to tie, so no stable causal regression exists to ablate",not-opened,"No logic holdout opened",not-run,inconclusive,"Do not create PERF-DEADLINE-002 from local tier-3 noise; reopen only if target-host telemetry exposes a stable attributed failure"
SCORE-ROLE-015,2026-08-01,6f84a06,working-tree-attribution,"SCORE-ROLE-014 runs the fixed production-width portfolio every day but mask 4 still misses one daily brand on days 2 and 3; the frozen production solver accepted an independent-planner candidate each day, but the replay does not expose that candidate's exact score or whether it became the final incumbent","Add observational replay fields for the independent candidate exact score and stable-id equality with the final selected candidate; run the frozen parent logic on m-1143 mask 4 without changing generation, comparison, deadlines or actions","No decision, candidate-pool, comparator, deadline or action semantics change; exact simulator/validator remain authoritative; m-1143 only; no holdout or promotion authority","m-1143 mask-4 stage attribution only",pending,not-opened,not-opened,not-run,inconclusive,"Use the result only to select the earliest missing production stage; remove instrumentation before any logic candidate"
SCORE-ROLE-014,2026-08-01,6f84a06,rejected-working-tree,"SCORE-ROLE-013 preserves all m-1143 mask-4 lifetime brands but reaches only daily 22 because fixed MacroMCTS is used only on days 2-3 and the cheap day-4 continuation falls to 4 daily; the frozen production sequence is 7,6,8,6 versus 7,5,6,4","For every remaining day after the fixed production-quality day-1 seed, run the same fixed 64-rollout MacroMCTS seed plus production-width portfolio and 40000-combination exact master, advance its lexicographic maximum with the cheap candidate, and retain the complete no-seed whole-horizon floor","Official lexicographic order; exact simulator/validator agreement each day; fixed operation counts; no stopping after lifetime coverage because tier-2 witnesses remain live; original rollout additive; no map/seed/family dispatch; unchanged width/depth/rollout caps; 5000 ms hard cap; BTC final authority","m-1143 one-shot full-horizon gate, then repeat stability and m-1138/m-0929 only on pass","At 4250 ms mask 4 reached only 13/25/26 with daily sequence 7/8,5/5,7/7,6/6, below the frozen 13/27/28 target; mask 2 ranked first at 13/27/27 and all-patrol scored 13/25/27. The candidate completed and validated but failed the first preregistered score gate",not-opened,"Rejected before repeat, m-1138, m-0929 and holdout; source will be fully reverted",not-run,rejected,"Reopen a production continuation stage only after attribution identifies which additive stage supplies the missing day-2/day-3 daily brand; do not increase existing operation caps"
SCORE-ROLE-013,2026-08-01,6f84a06,rejected-working-tree,"SCORE-ROLE-012 closes the m-1143 mask-4 day-1 gap at 7/8, but its fixed cheap continuation from that exact terminal state loses a lifetime brand and ends at 12/21/22","Keep the fixed production-quality day-1 seed, then on each later day while lifetime brands remain missing add one deterministic 64-rollout MacroMCTS continuation candidate to the fixed cheap portfolio result; exact-evaluate both, advance their lexicographic maximum, and retain the original complete no-seed rollout as a whole-horizon floor","Official lexicographic order; exact simulator/validator agreement on every advanced day; fixed operation counts determine ranking; original rollout and day-1 seed remain additive; no map/seed/family dispatch; no changed width/depth; 5000 ms hard cap; BTC final authority","m-1143 one-shot full-horizon gate, then repeat stability and m-1138/m-0929 only on pass","Two stable runs at 884 and 835 ms restored mask 4 lifetime coverage to 13 but only reached 13/22/24, below all-patrol 13/24/27. Its exact daily sequence was 7/8,5/5,6/7,4/4 versus the frozen production sequence 7/8,6/6,8/8,6/6; MacroMCTS ran only on days 2-3 because the lifetime-only trigger stopped after all brands were reached",not-opened,"Rejected before m-1138, m-0929 and holdout because mask 4 still lost tier 2 on the first gate; source will be fully reverted",not-run,rejected,"Reopen continuation only with a tier-2-aware trigger that keeps production-quality search active after lifetime coverage is complete; do not change the fixed rollout count or portfolio caps"
SCORE-ROLE-012,2026-08-01,6f84a06,rejected-working-tree,"The earliest measured m-1143 mismatch is day 1: the complete fixed role probe scores mask 4 at 4/4, while the frozen 5000 ms production counterfactual scores the same authoritative initial state at 7/8","For each deterministic three-role beam member, generate one day-1 seed with a fixed 64-rollout deterministic MacroMCTS and a deadline-free production-width portfolio (4 paths, 16 columns, 12 targets, 16 escorts, 4 harvest sources, production depth); retain the seed as an atomic bundle, solve at a fixed 40000 master-combination cap, continue its exact terminal state with the fixed cheap evaluator, and take the lexicographic maximum with the original complete rollout","Official lexicographic order; exact simulator/validator agreement for seed and continuation; fixed operation counts determine ranking; original complete rollout is an additive floor; no map/seed/family dispatch; no width/depth tuning after m-1143; internal and outer hard cap 5000 ms; BTC final authority","m-1143 one-shot day-1 gate, then repeat stability and m-1138/m-0929 only on pass","Two runs were stable at 698 and 798 ms. Mask 4 closed the day-1 gap exactly at 7/7/8, but continuation from that terminal state ended at 12/21/22; the additive no-seed floor was 13/20/20, so the production seed was correctly not selected and all-patrol remained rank 1 at 13/24/27",not-opened,"Rejected before m-1138, m-0929 and holdout because the authoritative m-1143 full-horizon role counterexample remained; source fully reverted",not-run,rejected,"Reopen the production seed only with a fixed-operation continuation that preserves lifetime coverage from its exact terminal state; do not retune day-1 width, depth or rollout count"
SCORE-ROLE-011,2026-08-01,6f84a06,rejected-working-tree,"On m-1143 the fixed narrow day1 role portfolio selects a valid atomic post-refuel extension, while the wider full-horizon bounded master retains two atomic extensions but selects none","For every role/day evaluate nested narrow and wide fixed-operation portfolios independently and advance the exact lexicographic maximum; a larger bounded search can add a witness but cannot erase the complete narrow incumbent","Official lexicographic order; exact simulator/validator agreement; both passes fixed-operation and deadline-free internally; original and extended columns retained; no map/seed dispatch; whole policy rejected above 5000 ms; BTC final authority","m-1143 repeated stability, then m-1138 and m-0929 only on pass","At 1946 ms the nested lexicographic maximum still ranked PPP 13/27/27 above PPT 13/23/23 and PTP 13/21/21. PPT chose its narrow portfolio on one of four days but gained no full-horizon score; its post-refuel trace was 22 eligible / 5 generated / 5 retained / 4 atomic / 0 selected",not-opened,"Rejected before repeat, m-1138, m-0929 and holdout because mask 4 remained noncompetitive; source fully reverted",not-run,rejected,"Reopen only with a production-quality day-1 seed that first closes the measured mask-4 probe gap from 4/4 to the frozen exact counterfactual 7/8 without map-specific routing"
SCORE-ROLE-010,2026-08-01,6f84a06,rejected-working-tree,"Role rollout still compares wall-clock-dependent partial/fallback evidence; m-1143 proves a post-refuel atomic route is selectable on day1 but full-horizon attribution is unstable","Use a genuinely fixed-operation complete role pass: deterministic full cheap scan, fixed one-day probe and fixed full-horizon beam with no internal wall-clock cutoff; add bounded post-refuel extension and observational stage counters; reject the whole candidate if completed wall clock exceeds 5000 ms","Every ranked rollout covers the same full horizon; official lexicographic order; exact simulator/validator agreement; fixed operation caps; no map/seed dispatch; no partial score; 5000 ms hard acceptance cap; BTC final authority","m-1143 stability and attribution, then only if passed m-1138 and m-0929","Two repeated runs were score/mask/counter identical at 465 and 403 ms: PPP 13/27/27; PPT 13/23/23 with 14 eligible / 3 generated / 3 retained / 2 atomic / 0 selected; PTP 13/21/21 with 12/1/1/1/1. Timing noise was removed but the exact-winning mask4 remained noncompetitive",not-opened,"Rejected before m-1138/m-0929 and holdout because the first score gate failed; source fully reverted",not-run,rejected,"Reopen fixed-operation evaluation only as the base for an additive nested-portfolio lex-max that preserves complete narrow and wide witnesses"
SCORE-ROLE-009,2026-08-01,6f84a06,reverted-working-tree-attribution,"SCORE-ROLE-008 completes without timeout but post-refuel expansion leaves m-1143 tanker rollout score unchanged, so the first loss boundary is unknown","Reproduce the rejected operation-bounded pass with counters only at post-refuel source eligibility, extension generation, post-prune retention, atomic companion survival and exact-master selection; do not alter comparator or operation caps","Same SCORE-ROLE-008 generation and selection semantics; counters are observational only; official lexicographic order; exact simulator/validator agreement; 5000 ms hard cap; no holdout or promotion authority","m-1143 attribution only","A full pass first showed PPT 14 eligible / 3 generated / 3 retained / 0 selected and PTP 12/1/1/1. After adding the atomic counter, two runs fail-closed to day1 probes at 1616 and 1565 ms; PPT day1 was 2 eligible / 1 generated / 1 retained / 1 atomic / 1 selected. Thus the extension and tanker companion are selectable on day1, but full-horizon attribution is not stable because the alleged operation-bounded path still carries internal wall-clock deadlines",not-opened,"No holdout opened; source fully reverted",not-run,inconclusive,"Reopen only with a genuinely fixed-operation full-horizon evaluator that cannot compare or expose a partially completed pass"
SCORE-ROLE-008,2026-08-01,6f84a06,rejected-working-tree,"Fixed-operation role evaluation is stable but misses post-refuel value; adding post-refuel routes to the timed evaluator causes partial tier1 scores","Evaluate post-refuel harvest extensions only inside a fixed-operation role pass; remove the timed independent generator and discard the whole probe/full pass if any member reaches its deadline, so incomplete evidence cannot rank masks","Official lexicographic order; exact refuel/escort semantics; exact simulator/validator agreement; all 2^N masks retain cheap scan; no partial-score comparison; no map/seed dispatch; 5000 ms hard cap; BTC final authority","m-1143 32x32 3-agent 4-day opened development counterexample","At 5000 ms the complete pass finished in 544 ms but still ranked PPP 13/27/27 above PPT 13/23/23 and PTP 13/21/21; post-refuel extensions did not make the exact-winning tanker role competitive",not-opened,"Rejected before holdout; m-1138 and m-0929 were not run because the first preregistered gate already failed",not-run,rejected,"Reopen only after attribution proves where a valid post-refuel column is lost or undervalued between generation, pruning, atomic synchronization and exact master evaluation"
SCORE-ROLE-007,2026-08-01,6f84a06,rejected-working-tree,"Post-refuel harvest columns exceed the current role cutoff, while the exact validated day1 witness is redundantly recomputed between probe and full beam rollout","Checkpoint exact probe state/ledger/own-traffic and resume the same role witness at day2; spend the equivalent-semantics saved work on additive post-refuel harvest extensions that retain the exact refuel event and escort group","Official lexicographic order; full-horizon continuation of the same validated witness; exact simulator/validator agreement; no metric or traffic-history change; no map/seed dispatch; 5000 ms hard cap; BTC final authority","m-1143; m-1138; m-0929 opened development counterexamples","First m-1143 run selected PPT at 1412 ms; second identical run selected PTP at 1638 ms. m-1138 retained mask16 and m-0929 retained mask8, but tanker identity on the original counterexample remained wall-clock dependent",not-opened,"Rejected before holdout because repeated same-binary role selection was unstable",not-run,rejected,"Reopen progressive caching only after the role comparator uses complete operation-bounded evidence rather than partial wall-clock rollout scores"
SCORE-ROLE-006,2026-08-01,6f84a06,rejected-working-tree,"Rendezvous patrol columns stop after one post-refuel target and the generic harvest-extension stage excludes every escort/refuel column, so role rollout cannot price the harvest capacity unlocked by a tanker","Permit additive harvest extensions from a non-lockstep patrol column with one exact refuel event while retaining its escort group and tanker synchronization; enable only for role rollout","Official lexicographic order; exact refuel event and escort compatibility retained; exact simulator/validator agreement; original columns retained; no map/seed dispatch; 5000 ms hard cap; BTC final authority","m-1143 role-ranking counterexample","Role evaluation slowed to 1762 ms and every beam member fell to lifetime 12; the additional search consumed the bounded window before tier1 coverage was recovered",not-opened,"Rejected before holdout on a tier1 development regression",not-run,rejected,"Reopen only after an equivalent-semantics speedup creates measured headroom; do not add more route work inside the current cutoff"
SCORE-ROLE-005,2026-08-01,6f84a06,rejected-working-tree,"Rendezvous quota is consumed in patrol-index order and per-agent pruning can retain only one side of an escort group, so tanker-enabled witnesses disappear before the role master","After ordinary pruning restore the highest-ranked complete escort group for every observed patrol-tanker pair; enable this additive portfolio coverage only in pre-match role rollout","Official lexicographic order; exact simulator/validator agreement; original route columns retained; no map/seed dispatch; 5000 ms hard cap; zero tier-1/tier-2 regression; BTC final authority","m-1143 role-ranking counterexample","No ranking improvement: PPP remained 13/25/27 while PPT remained 13/20/21 at 845 ms; the restored atomic groups were not the earliest missing witness",not-opened,"Rejected before holdout because the development score was unchanged",not-run,rejected,"Reopen escort-pair preservation only for a separate portfolio-integrity audit; the role gap requires richer post-refuel harvest routes"
SCORE-ROLE-004,2026-07-31,6f84a06,rejected-working-tree,"Role masks change across repeated runs because timed blank-slate and partial column/master witnesses are compared as if equally complete","For live role selection remove the timed independent generator; use fixed portfolio/master operation caps for one-day probes and full-horizon beam rollouts; discard an entire probe or rollout pass if any member hits its deadline so partial scores never determine the mask","Official lexicographic order; full-horizon rollout; exact simulator/validator agreement; all 2^N masks retain cheap scan; zero invalid/emergency; total hard cap 5000 ms; deterministic structural fallback; no map/seed dispatch; BTC final authority","m-1143 opened development counterexample","Stable 477 ms evaluation still ranked PPP at 13/27/27 above PTP 13/24/24 and PPT 13/23/23; exact frozen day solver scores PPT at 13/29/29, so fixed operation counts removed timing noise but did not repair tanker-value underestimation",not-opened,"Rejected before holdout because the original score counterexample remained",not-run,rejected,"Reopen only with a role evaluator that models refuel-enabled future value tightly enough to rank the exact m-1143 counterfactual without map-specific bias"
SCORE-ROLE-003,2026-07-31,6f84a06,no-source-change,"Timed role ranking is unstable across repeated runs and the three opened 32x32 replays disagree on the best tanker identity","Use the deterministic central one-tanker assignment as the global role policy","Official lexicographic order; exact simulator/validator agreement; zero invalid/emergency; 5000 ms hard cap; no map/seed dispatch; BTC final authority","Opened development counterexamples m-1143 mask4; m-1138 mask4; m-0929 mask128","m-1143 exact 13/29/29 and m-1138 exact 6/60/338; m-0929 exact 6/60/362 versus parent mask8 6/60/367",not-opened,"Rejected before holdout because the third development counterexample lost tier3",not-run,rejected,"Reopen centrality only as a deterministic beam seed inside an operation-bounded evaluator; never as the final selector"
EVAL-BUDGET-001,2026-07-31,6f84a06,governance-only,"Historical tournament budgets did not match observed standard BTC budget","Reclassify 60000 ms as primary, 5000 ms as preflight, and 500/1200/2500 ms as diagnostics","Lex score; zero invalid; paired fixtures; no solver change","BTC preflight m-1181","All four gates passed; slowest 279/5000 ms; rank 1 with 1 brand and 20 servings",pending,pending,"m-1042 showed 60000 ms standard team-vs-team; m-1181 preflight showed 5000 ms",accepted,"Reopen budget classification only when BTC publishes a different official match deadline"
SCORE-ROLE-001,2026-07-31,6f84a06,rejected-working-tree,"On 32x32 BTC m-1143 live all-patrol scored 13/26/29 and ended day 2 at fuel 1/0/5; exact replay mask 4 scored 13/29/29 while role rollout predicted only 13/20/21","Replace the narrow full-horizon role rollout with the production-width route frontier under the existing assignment deadlines","Official lexicographic order; exact simulator/validator agreement; zero invalid/emergency; 5000 ms hard cap; zero tier-1/tier-2 regression; BTC final authority","m-1143 SHA256 5E4E20BCB6DFA22648D4D6ACB978D914CDC29263288D5F2B4282A1F15D63669C","selector changed PPP to PTP; rollout and exact counterfactual both scored 13/27/27 versus live PPP 13/26/29","A0EFA97CBAFDAB20CC465DD3C8399F0F1F21E1EE3B1150CAD75190CD53F5177E","m-1138 parent mask16 exact score 6/60/326; candidate selected mask0 and fell to 6/45/140",not-run,rejected,"Reopen only if richer evaluation is monotonic per role by retaining every better parent rollout result instead of replacing it at a wall-clock cutoff"
SCORE-ROLE-002,2026-07-31,6f84a06,rejected-working-tree,"SCORE-ROLE-001 improved m-1143 but regressed m-1138 because incomplete production-width rollout overwrote a stronger narrow-rollout witness","For each timed role assignment keep the exact lexicographic maximum of the parent narrow rollout and a production-width rollout using only remaining assignment time","Official lexicographic order; per-role rollout score cannot decrease from parent; exact simulator/validator agreement; zero invalid/emergency; 5000 ms hard cap; zero tier-1/tier-2 regression; no map/seed dispatch; BTC final authority","m-1143 and m-1138 development counterexamples","m-1143 selected mask2 exact 13/27/27 versus live parent 13/26/29; m-1138 preserved mask16 exact 6/60/327","84EC428C05962FA04A659D54934F45657A14697AC0D6B1DD607ED5FD69D3972B;858F364B2F1DB52BCCC7FA26FEDEF98EE1AFFB8E265B75609DB18625C97A3025;4DD0DA129F5D5763265E9B2DD51628E24064A51979F8C6660E93213F34E29C3F;B5B9390D9946620652B7F63358CFC22FD3BDDB378311FA266A3314146AAB12D7;913DE968028031F4D48B1607478D167342C6054AD4CC4B8463B0A6FD1E3619AC;1CEF1F376ABF1C60D2A31F6B248C10D07D75FFCFA4A46F8005BB6BD8EA9ABFF2;042047349C10DC4904765EAA03242687092E8ECB1ADB77E6F0864FB66F078240;9E3D1442D067309F3A4E78329A603B42A1157A2810182061561D4D576521D35A;290A28B1A87B54DF68F5C12B5032CF36C4F9A38D65D4C8C2105CA8DB56B5927A;013A8431FE3815F293FA58EF7396143F91B6DBEDB8E20ED06378562AC0CF4805;0D041EEA109B167B9951D5541D9D29B1220144AC2E8036D3B379ACC95825C865;15A6B1ED542B49D0F4B11BC745DCDB5D5DDE936FB060E0726F15B12EC6E4A1E3","primary exact 0/6/0; secondary m-0929 parent mask8 6/60/367 versus candidate mask32 6/60/357",not-run,rejected,"Reopen only with deterministic or operation-bounded role evaluation whose selected mask is stable across repeated runs"
